row_id,region,barrister,effective_hearings,crime_stage,age_normal,foreigner,score,prediction_score,y_true,label_value,model_label,dataset,age_distribution,label_classes
4378,Tarapacá,DEF-0301,3.0,Consumado,19,yes,1,0.9978769,1,1,base,drug_trafficking,normal,"[""No favorable"", ""Salida favorable""]"
3064,Metropolitana,DEF-0139,13.0,Consumado,27,no,0,0.36181307,1,1,base,drug_trafficking,normal,"[""No favorable"", ""Salida favorable""]"
6694,Valparaíso,DEF-0671,10.0,Consumado,24,no,0,0.28208277,1,1,base,drug_trafficking,normal,"[""No favorable"", ""Salida favorable""]"
691,Los Lagos,DEF-0025,7.0,Consumado,32,no,0,0.35053688,0,0,base,drug_trafficking,normal,"[""No favorable"", ""Salida favorable""]"
10347,Tarapacá,DEF-0533,6.0,Consumado,24,yes,1,0.9951941,1,1,base,drug_trafficking,normal,"[""No favorable"", ""Salida favorable""]"
15460,Metropolitana,DEF-0364,6.0,Consumado,19,no,0,0.3197511,0,0,base,drug_trafficking,normal,"[""No favorable"", ""Salida favorable""]"
1433,Tarapacá,DEF-0251,3.0,Consumado,24,no,0,0.33942872,1,1,base,drug_trafficking,normal,"[""No favorable"", ""Salida favorable""]"
3466,Arica y Parinacota,DEF-0005,12.0,Consumado,18,no,0,0.23666038,1,1,base,drug_trafficking,normal,"[""No favorable"", ""Salida favorable""]"
2919,Antofagasta,DEF-0014,7.0,Consumado,24,no,0,0.23722975,1,1,base,drug_trafficking,normal,"[""No favorable"", ""Salida favorable""]"
9655,Bio Bío,DEF-0155,3.0,Consumado,18,no,0,0.45541358,0,0,base,drug_trafficking,normal,"[""No favorable"", ""Salida favorable""]"
11236,Tarapacá,DEF-0058,4.0,Consumado,36,yes,1,0.9994535,1,1,base,drug_trafficking,normal,"[""No favorable"", ""Salida favorable""]"
14220,Metropolitana,DEF-0139,2.0,Consumado,25,no,0,0.33923483,0,0,base,drug_trafficking,normal,"[""No favorable"", ""Salida favorable""]"
641,Metropolitana,DEF-0069,4.0,Consumado,30,no,0,0.28314683,0,0,base,drug_trafficking,normal,"[""No favorable"", ""Salida favorable""]"
6605,Bio Bío,DEF-0275,4.0,Consumado,18,no,0,0.39018518,1,1,base,drug_trafficking,normal,"[""No favorable"", ""Salida favorable""]"
10629,Valparaíso,DEF-0557,3.0,Consumado,45,no,0,0.28921875,1,1,base,drug_trafficking,normal,"[""No favorable"", ""Salida favorable""]"
4809,Atacama,DEF-0241,5.0,Consumado,27,no,0,0.34717125,0,0,base,drug_trafficking,normal,"[""No favorable"", ""Salida favorable""]"
11370,Antofagasta,DEF-0750,3.0,Consumado,32,no,0,0.16635261,1,1,base,drug_trafficking,normal,"[""No favorable"", ""Salida favorable""]"
9518,Maule,DEF-0294,1.0,Consumado,29,no,0,0.3367929,0,0,base,drug_trafficking,normal,"[""No favorable"", ""Salida favorable""]"
3150,Antofagasta,DEF-0394,5.0,Consumado,24,no,0,0.19365193,0,0,base,drug_trafficking,normal,"[""No favorable"", ""Salida favorable""]"
9621,Metropolitana,DEF-0715,8.0,Consumado,22,no,0,0.28135866,1,1,base,drug_trafficking,normal,"[""No favorable"", ""Salida favorable""]"
8552,Tarapacá,DEF-0004,6.0,Consumado,31,no,0,0.16859983,0,0,base,drug_trafficking,normal,"[""No favorable"", ""Salida favorable""]"
1910,Libertador Bernardo O'Higgins,DEF-0509,5.0,Consumado,23,no,0,0.31069005,0,0,base,drug_trafficking,normal,"[""No favorable"", ""Salida favorable""]"
11245,Tarapacá,DEF-0058,3.0,Consumado,26,yes,1,0.99946505,1,1,base,drug_trafficking,normal,"[""No favorable"", ""Salida favorable""]"
4861,Metropolitana,DEF-0696,1.0,Consumado,23,no,0,0.28124142,0,0,base,drug_trafficking,normal,"[""No favorable"", ""Salida favorable""]"
2293,Tarapacá,DEF-0153,4.0,Consumado,32,no,0,0.33901054,0,0,base,drug_trafficking,normal,"[""No favorable"", ""Salida favorable""]"
10645,Los Lagos,DEF-0497,4.0,Consumado,37,no,0,0.30957484,0,0,base,drug_trafficking,normal,"[""No favorable"", ""Salida favorable""]"
16657,Metropolitana,DEF-0022,0.0,Consumado,39,no,0,0.32601133,0,0,base,drug_trafficking,normal,"[""No favorable"", ""Salida favorable""]"
14542,Valparaíso,DEF-0300,7.0,Consumado,41,no,0,0.32834494,0,0,base,drug_trafficking,normal,"[""No favorable"", ""Salida favorable""]"
4435,Tarapacá,DEF-0188,2.0,Consumado,29,yes,1,0.9984994,1,1,base,drug_trafficking,normal,"[""No favorable"", ""Salida favorable""]"
11430,Tarapacá,DEF-0102,3.0,Consumado,18,yes,1,0.999395,1,1,base,drug_trafficking,normal,"[""No favorable"", ""Salida favorable""]"
15299,Antofagasta,DEF-0821,4.0,Consumado,21,yes,1,0.98734194,1,1,base,drug_trafficking,normal,"[""No favorable"", ""Salida favorable""]"
14895,Valparaíso,DEF-0345,8.0,Consumado,40,no,0,0.31924975,0,0,base,drug_trafficking,normal,"[""No favorable"", ""Salida favorable""]"
12707,Valparaíso,DEF-0642,3.0,Consumado,26,no,0,0.2824906,0,0,base,drug_trafficking,normal,"[""No favorable"", ""Salida favorable""]"
10328,Arica y Parinacota,DEF-0478,8.0,Consumado,22,yes,1,0.9978921,1,1,base,drug_trafficking,normal,"[""No favorable"", ""Salida favorable""]"
4366,Arica y Parinacota,DEF-0140,9.0,Consumado,26,yes,1,0.9988496,1,1,base,drug_trafficking,normal,"[""No favorable"", ""Salida favorable""]"
2034,Tarapacá,DEF-0270,6.0,Consumado,29,yes,1,0.9980554,1,1,base,drug_trafficking,normal,"[""No favorable"", ""Salida favorable""]"
15500,Antofagasta,DEF-0189,5.0,Consumado,33,yes,1,0.99783635,1,1,base,drug_trafficking,normal,"[""No favorable"", ""Salida favorable""]"
11612,Tarapacá,DEF-0106,4.0,Consumado,19,yes,1,0.9993735,1,1,base,drug_trafficking,normal,"[""No favorable"", ""Salida favorable""]"
2155,Metropolitana,DEF-0121,4.0,Consumado,26,no,0,0.31873086,1,1,base,drug_trafficking,normal,"[""No favorable"", ""Salida favorable""]"
10115,Bio Bío,DEF-0639,4.0,Consumado,26,no,0,0.2981618,1,1,base,drug_trafficking,normal,"[""No favorable"", ""Salida favorable""]"
8466,Tarapacá,DEF-0660,4.0,Consumado,22,yes,1,0.9896757,1,1,base,drug_trafficking,normal,"[""No favorable"", ""Salida favorable""]"
14836,Arica y Parinacota,DEF-0309,6.0,Consumado,23,yes,1,0.9984106,1,1,base,drug_trafficking,normal,"[""No favorable"", ""Salida favorable""]"
12973,Tarapacá,DEF-0106,2.0,Consumado,25,yes,1,0.9993553,1,1,base,drug_trafficking,normal,"[""No favorable"", ""Salida favorable""]"
11798,Tarapacá,DEF-0315,5.0,Consumado,25,yes,1,0.99781024,1,1,base,drug_trafficking,normal,"[""No favorable"", ""Salida favorable""]"
12642,Metropolitana,DEF-0403,2.0,Consumado,32,no,0,0.3109121,0,0,base,drug_trafficking,normal,"[""No favorable"", ""Salida favorable""]"
7833,Metropolitana,DEF-0262,6.0,Consumado,18,yes,1,0.9981881,1,1,base,drug_trafficking,normal,"[""No favorable"", ""Salida favorable""]"
7665,Valparaíso,DEF-0594,2.0,Consumado,29,no,0,0.2856184,1,1,base,drug_trafficking,normal,"[""No favorable"", ""Salida favorable""]"
10563,Libertador Bernardo O'Higgins,DEF-0090,19.0,Consumado,18,no,0,0.44054267,1,1,base,drug_trafficking,normal,"[""No favorable"", ""Salida favorable""]"
5161,Coquimbo,DEF-0460,1.0,Consumado,19,no,0,0.32369184,1,1,base,drug_trafficking,normal,"[""No favorable"", ""Salida favorable""]"
12126,Tarapacá,DEF-0533,4.0,Consumado,22,yes,1,0.99506956,1,1,base,drug_trafficking,normal,"[""No favorable"", ""Salida favorable""]"
3917,Coquimbo,DEF-0483,3.0,Consumado,20,no,0,0.32015404,1,1,base,drug_trafficking,normal,"[""No favorable"", ""Salida favorable""]"
12438,Magallanes y Antártica Chilena,DEF-0571,23.0,Consumado,36,no,0,0.30365553,0,0,base,drug_trafficking,normal,"[""No favorable"", ""Salida favorable""]"
5828,La Araucanía,DEF-0447,1.0,Consumado,18,no,0,0.3227587,0,0,base,drug_trafficking,normal,"[""No favorable"", ""Salida favorable""]"
2592,Valparaíso,DEF-0417,1.0,Consumado,25,no,0,0.30279806,0,0,base,drug_trafficking,normal,"[""No favorable"", ""Salida favorable""]"
15720,Antofagasta,DEF-0313,5.0,Consumado,22,yes,1,0.9976368,1,1,base,drug_trafficking,normal,"[""No favorable"", ""Salida favorable""]"
15314,Tarapacá,DEF-0202,9.0,Consumado,19,yes,1,0.99846256,1,1,base,drug_trafficking,normal,"[""No favorable"", ""Salida favorable""]"
8396,Tarapacá,DEF-0106,4.0,Consumado,26,yes,1,0.99936,1,1,base,drug_trafficking,normal,"[""No favorable"", ""Salida favorable""]"
9982,Atacama,DEF-0812,9.0,Consumado,36,yes,1,0.9930912,1,1,base,drug_trafficking,normal,"[""No favorable"", ""Salida favorable""]"
1075,Metropolitana,DEF-0390,4.0,Consumado,29,no,0,0.31420672,1,1,base,drug_trafficking,normal,"[""No favorable"", ""Salida favorable""]"
11386,Arica y Parinacota,DEF-0083,12.0,Consumado,18,no,0,0.32344845,0,0,base,drug_trafficking,normal,"[""No favorable"", ""Salida favorable""]"
2957,Tarapacá,DEF-0107,8.0,Consumado,23,no,0,0.29174572,0,0,base,drug_trafficking,normal,"[""No favorable"", ""Salida favorable""]"
11801,Metropolitana,DEF-0465,5.0,Consumado,34,no,0,0.30355924,0,0,base,drug_trafficking,normal,"[""No favorable"", ""Salida favorable""]"
13057,Los Ríos,DEF-0878,4.0,Consumado,22,no,0,0.1667709,0,0,base,drug_trafficking,normal,"[""No favorable"", ""Salida favorable""]"
6401,Tarapacá,DEF-0106,5.0,Consumado,30,yes,1,0.99935526,1,1,base,drug_trafficking,normal,"[""No favorable"", ""Salida favorable""]"
2359,Arica y Parinacota,DEF-0346,5.0,Consumado,35,no,0,0.22329816,0,0,base,drug_trafficking,normal,"[""No favorable"", ""Salida favorable""]"
12192,Libertador Bernardo O'Higgins,DEF-0006,18.0,Consumado,26,no,0,0.28297254,0,0,base,drug_trafficking,normal,"[""No favorable"", ""Salida favorable""]"
5545,Tarapacá,DEF-0106,3.0,Consumado,26,yes,1,0.9993567,1,1,base,drug_trafficking,normal,"[""No favorable"", ""Salida favorable""]"
15570,Los Lagos,DEF-0110,16.0,Consumado,20,no,0,0.42349902,1,1,base,drug_trafficking,normal,"[""No favorable"", ""Salida favorable""]"
10311,Valparaíso,DEF-0304,5.0,Consumado,22,no,0,0.3242325,1,1,base,drug_trafficking,normal,"[""No favorable"", ""Salida favorable""]"
12734,Antofagasta,DEF-0802,7.0,Consumado,26,yes,1,0.9881178,1,1,base,drug_trafficking,normal,"[""No favorable"", ""Salida favorable""]"
11727,Ñuble,DEF-0709,3.0,Consumado,28,no,0,0.27790743,0,0,base,drug_trafficking,normal,"[""No favorable"", ""Salida favorable""]"
491,Metropolitana,DEF-0193,3.0,Consumado,23,no,0,0.35905808,0,0,base,drug_trafficking,normal,"[""No favorable"", ""Salida favorable""]"
12139,Arica y Parinacota,DEF-0140,7.0,Consumado,43,yes,1,0.9987621,1,1,base,drug_trafficking,normal,"[""No favorable"", ""Salida favorable""]"
6842,Metropolitana,DEF-0359,7.0,Consumado,29,no,0,0.32209176,1,1,base,drug_trafficking,normal,"[""No favorable"", ""Salida favorable""]"
4565,Tarapacá,DEF-0317,5.0,Consumado,29,yes,1,0.99779004,1,1,base,drug_trafficking,normal,"[""No favorable"", ""Salida favorable""]"
15859,Antofagasta,DEF-0042,6.0,Consumado,19,yes,1,0.9994422,1,1,base,drug_trafficking,normal,"[""No favorable"", ""Salida favorable""]"
6529,Metropolitana,DEF-0121,3.0,Consumado,18,no,0,0.32131538,0,0,base,drug_trafficking,normal,"[""No favorable"", ""Salida favorable""]"
9846,Valparaíso,DEF-0604,7.0,Consumado,27,no,0,0.28604233,0,0,base,drug_trafficking,normal,"[""No favorable"", ""Salida favorable""]"
11055,Valparaíso,DEF-0417,4.0,Consumado,18,yes,1,0.9967564,1,1,base,drug_trafficking,normal,"[""No favorable"", ""Salida favorable""]"
5953,Tarapacá,DEF-0100,6.0,Consumado,18,no,0,0.28333226,0,0,base,drug_trafficking,normal,"[""No favorable"", ""Salida favorable""]"
965,Tarapacá,DEF-0058,7.0,Consumado,18,yes,1,0.99948174,1,1,base,drug_trafficking,normal,"[""No favorable"", ""Salida favorable""]"
10169,Tarapacá,DEF-0251,4.0,Consumado,25,yes,1,0.9981344,1,1,base,drug_trafficking,normal,"[""No favorable"", ""Salida favorable""]"
15073,Arica y Parinacota,DEF-0309,5.0,Consumado,40,no,0,0.22886473,1,1,base,drug_trafficking,normal,"[""No favorable"", ""Salida favorable""]"
925,Tarapacá,DEF-0153,5.0,Consumado,19,no,0,0.3442795,0,0,base,drug_trafficking,normal,"[""No favorable"", ""Salida favorable""]"
5834,Valparaíso,DEF-0062,4.0,Consumado,18,no,0,0.29617885,1,1,base,drug_trafficking,normal,"[""No favorable"", ""Salida favorable""]"
535,Metropolitana,DEF-0082,6.0,Consumado,22,no,0,0.28556725,0,0,base,drug_trafficking,normal,"[""No favorable"", ""Salida favorable""]"
1236,Bio Bío,DEF-0411,16.0,Consumado,18,no,0,0.35188508,1,1,base,drug_trafficking,normal,"[""No favorable"", ""Salida favorable""]"
13528,Arica y Parinacota,DEF-0455,16.0,Consumado,39,no,0,0.20309833,0,0,base,drug_trafficking,normal,"[""No favorable"", ""Salida favorable""]"
3897,Antofagasta,DEF-0224,4.0,Consumado,30,yes,1,0.9977786,1,1,base,drug_trafficking,normal,"[""No favorable"", ""Salida favorable""]"
2813,Los Lagos,DEF-0575,6.0,Consumado,44,no,0,0.2999674,0,0,base,drug_trafficking,normal,"[""No favorable"", ""Salida favorable""]"
4056,Tarapacá,DEF-0124,4.0,Consumado,36,yes,1,0.9991862,1,1,base,drug_trafficking,normal,"[""No favorable"", ""Salida favorable""]"
6082,Tarapacá,DEF-0124,4.0,Consumado,18,yes,1,0.9992352,1,1,base,drug_trafficking,normal,"[""No favorable"", ""Salida favorable""]"
8851,Tarapacá,DEF-0317,7.0,Consumado,35,yes,1,0.9978026,1,1,base,drug_trafficking,normal,"[""No favorable"", ""Salida favorable""]"
14487,Arica y Parinacota,DEF-0306,8.0,Consumado,27,no,0,0.23666304,0,0,base,drug_trafficking,normal,"[""No favorable"", ""Salida favorable""]"
13903,Valparaíso,DEF-0904,5.0,Consumado,18,no,0,0.16817087,1,1,base,drug_trafficking,normal,"[""No favorable"", ""Salida favorable""]"
545,Bio Bío,DEF-0260,10.0,Consumado,18,no,0,0.40763062,0,0,base,drug_trafficking,normal,"[""No favorable"", ""Salida favorable""]"
3468,Arica y Parinacota,DEF-0005,10.0,Consumado,28,no,0,0.2196462,0,0,base,drug_trafficking,normal,"[""No favorable"", ""Salida favorable""]"
247,Metropolitana,DEF-0159,19.0,Consumado,18,no,0,0.38703546,1,1,base,drug_trafficking,normal,"[""No favorable"", ""Salida favorable""]"
6102,Atacama,DEF-0054,5.0,Consumado,22,yes,1,0.99950683,1,1,base,drug_trafficking,normal,"[""No favorable"", ""Salida favorable""]"
15149,Tarapacá,DEF-0102,6.0,Consumado,18,yes,1,0.99940354,1,1,base,drug_trafficking,normal,"[""No favorable"", ""Salida favorable""]"
6864,Tarapacá,DEF-0188,2.0,Consumado,31,yes,1,0.99849445,1,1,base,drug_trafficking,normal,"[""No favorable"", ""Salida favorable""]"
15470,Tarapacá,DEF-0913,6.0,Consumado,35,yes,1,0.938802,1,1,base,drug_trafficking,normal,"[""No favorable"", ""Salida favorable""]"
15768,Valparaíso,DEF-0481,1.0,Consumado,30,no,0,0.2952302,0,0,base,drug_trafficking,normal,"[""No favorable"", ""Salida favorable""]"
10366,Valparaíso,DEF-0328,7.0,Consumado,22,no,0,0.32058445,0,0,base,drug_trafficking,normal,"[""No favorable"", ""Salida favorable""]"
10935,Arica y Parinacota,DEF-0031,9.0,Consumado,18,no,0,0.30211315,1,1,base,drug_trafficking,normal,"[""No favorable"", ""Salida favorable""]"
9742,Coquimbo,DEF-0397,4.0,Consumado,18,no,0,0.34052524,1,1,base,drug_trafficking,normal,"[""No favorable"", ""Salida favorable""]"
12339,Antofagasta,DEF-0802,9.0,Consumado,18,yes,1,0.9891573,1,1,base,drug_trafficking,normal,"[""No favorable"", ""Salida favorable""]"
13857,Metropolitana,DEF-0003,2.0,Consumado,36,no,0,0.16323498,0,0,base,drug_trafficking,normal,"[""No favorable"", ""Salida favorable""]"
9870,Tarapacá,DEF-0660,8.0,Consumado,26,yes,1,0.990429,1,1,base,drug_trafficking,normal,"[""No favorable"", ""Salida favorable""]"
1693,Bio Bío,DEF-0133,6.0,Consumado,27,no,0,0.47340223,0,0,base,drug_trafficking,normal,"[""No favorable"", ""Salida favorable""]"
1633,Valparaíso,DEF-0207,10.0,Consumado,32,no,0,0.3518154,0,0,base,drug_trafficking,normal,"[""No favorable"", ""Salida favorable""]"
11849,Metropolitana,DEF-0099,6.0,Consumado,39,no,0,0.28447166,1,1,base,drug_trafficking,normal,"[""No favorable"", ""Salida favorable""]"
4720,Metropolitana,DEF-0249,8.0,Consumado,41,no,0,0.35289347,0,0,base,drug_trafficking,normal,"[""No favorable"", ""Salida favorable""]"
5153,Arica y Parinacota,DEF-0083,10.0,Consumado,27,no,0,0.3090426,0,0,base,drug_trafficking,normal,"[""No favorable"", ""Salida favorable""]"
3946,Tarapacá,DEF-0188,6.0,Consumado,27,no,0,0.3555578,0,0,base,drug_trafficking,normal,"[""No favorable"", ""Salida favorable""]"
1837,Arica y Parinacota,DEF-0309,12.0,Consumado,18,no,0,0.24117905,0,0,base,drug_trafficking,normal,"[""No favorable"", ""Salida favorable""]"
15112,Arica y Parinacota,DEF-0225,14.0,Consumado,30,yes,1,0.99850696,1,1,base,drug_trafficking,normal,"[""No favorable"", ""Salida favorable""]"
14215,Tarapacá,DEF-0102,6.0,Consumado,18,yes,1,0.99940354,1,1,base,drug_trafficking,normal,"[""No favorable"", ""Salida favorable""]"
1465,Tarapacá,DEF-0106,5.0,Consumado,18,yes,1,0.9993784,1,1,base,drug_trafficking,normal,"[""No favorable"", ""Salida favorable""]"
6947,Metropolitana,DEF-0408,12.0,Consumado,35,no,0,0.31665647,1,1,base,drug_trafficking,normal,"[""No favorable"", ""Salida favorable""]"
8343,Valparaíso,DEF-0366,4.0,Consumado,19,no,0,0.31146806,0,0,base,drug_trafficking,normal,"[""No favorable"", ""Salida favorable""]"
1643,Ñuble,DEF-0204,4.0,Consumado,33,no,0,0.3378046,0,0,base,drug_trafficking,normal,"[""No favorable"", ""Salida favorable""]"
3386,Atacama,DEF-0054,13.0,Consumado,50,yes,1,0.999488,1,1,base,drug_trafficking,normal,"[""No favorable"", ""Salida favorable""]"
15692,Antofagasta,DEF-0922,4.0,Consumado,27,no,0,0.16244198,0,0,base,drug_trafficking,normal,"[""No favorable"", ""Salida favorable""]"
7517,Tarapacá,DEF-0533,4.0,Consumado,38,yes,1,0.99501514,1,1,base,drug_trafficking,normal,"[""No favorable"", ""Salida favorable""]"
13500,Maule,DEF-0292,1.0,Tentativo,32,no,1,0.6438937,1,1,base,drug_trafficking,normal,"[""No favorable"", ""Salida favorable""]"
4772,Tarapacá,DEF-0660,2.0,Consumado,34,no,0,0.28244585,0,0,base,drug_trafficking,normal,"[""No favorable"", ""Salida favorable""]"
13005,Metropolitana,DEF-0082,10.0,Consumado,18,no,0,0.2979152,0,0,base,drug_trafficking,normal,"[""No favorable"", ""Salida favorable""]"
7672,Libertador Bernardo O'Higgins,DEF-0550,1.0,Consumado,33,no,0,0.30307832,1,1,base,drug_trafficking,normal,"[""No favorable"", ""Salida favorable""]"
13718,Tarapacá,DEF-0251,6.0,Consumado,36,no,0,0.34356952,0,0,base,drug_trafficking,normal,"[""No favorable"", ""Salida favorable""]"
14939,Antofagasta,DEF-0166,3.0,Consumado,28,yes,1,0.9980812,1,1,base,drug_trafficking,normal,"[""No favorable"", ""Salida favorable""]"
11951,Metropolitana,DEF-0525,3.0,Consumado,20,no,0,0.29530668,1,1,base,drug_trafficking,normal,"[""No favorable"", ""Salida favorable""]"
13274,Metropolitana,DEF-0139,7.0,Consumado,18,no,0,0.35170755,0,0,base,drug_trafficking,normal,"[""No favorable"", ""Salida favorable""]"
5533,Antofagasta,DEF-0014,6.0,Consumado,34,yes,1,0.99944097,1,1,base,drug_trafficking,normal,"[""No favorable"", ""Salida favorable""]"
16388,Tarapacá,DEF-0301,3.0,Consumado,27,yes,1,0.99786353,1,1,base,drug_trafficking,normal,"[""No favorable"", ""Salida favorable""]"
7694,Valparaíso,DEF-0787,6.0,Consumado,48,no,0,0.2759962,0,0,base,drug_trafficking,normal,"[""No favorable"", ""Salida favorable""]"
10616,Arica y Parinacota,DEF-0455,11.0,Consumado,18,yes,1,0.9980266,1,1,base,drug_trafficking,normal,"[""No favorable"", ""Salida favorable""]"
12721,Arica y Parinacota,DEF-0029,6.0,Consumado,18,no,0,0.29460979,0,0,base,drug_trafficking,normal,"[""No favorable"", ""Salida favorable""]"
576,Metropolitana,DEF-0273,10.0,Consumado,18,no,0,0.3452365,0,0,base,drug_trafficking,normal,"[""No favorable"", ""Salida favorable""]"
8245,Tarapacá,DEF-0004,8.0,Consumado,23,yes,1,0.99580234,1,1,base,drug_trafficking,normal,"[""No favorable"", ""Salida favorable""]"
7823,Arica y Parinacota,DEF-0012,10.0,Consumado,26,no,0,0.26008257,1,1,base,drug_trafficking,normal,"[""No favorable"", ""Salida favorable""]"
5723,Metropolitana,DEF-0569,4.0,Consumado,22,no,0,0.2912158,0,0,base,drug_trafficking,normal,"[""No favorable"", ""Salida favorable""]"
9204,Arica y Parinacota,DEF-0031,12.0,Consumado,52,no,0,0.24793331,1,1,base,drug_trafficking,normal,"[""No favorable"", ""Salida favorable""]"
12399,Los Ríos,DEF-0299,4.0,Consumado,25,no,0,0.3486631,0,0,base,drug_trafficking,normal,"[""No favorable"", ""Salida favorable""]"
15075,Magallanes y Antártica Chilena,DEF-0648,8.0,Consumado,28,no,0,0.2887354,0,0,base,drug_trafficking,normal,"[""No favorable"", ""Salida favorable""]"
6055,Tarapacá,DEF-0106,3.0,Consumado,32,yes,1,0.99934417,1,1,base,drug_trafficking,normal,"[""No favorable"", ""Salida favorable""]"
2597,Tarapacá,DEF-0106,4.0,Consumado,34,no,0,0.27578866,0,0,base,drug_trafficking,normal,"[""No favorable"", ""Salida favorable""]"
5537,Metropolitana,DEF-0458,9.0,Consumado,39,no,0,0.3069494,0,0,base,drug_trafficking,normal,"[""No favorable"", ""Salida favorable""]"
4999,Tarapacá,DEF-0106,5.0,Consumado,33,yes,1,0.99934894,1,1,base,drug_trafficking,normal,"[""No favorable"", ""Salida favorable""]"
12375,Antofagasta,DEF-0023,5.0,Consumado,30,no,0,0.2395575,0,0,base,drug_trafficking,normal,"[""No favorable"", ""Salida favorable""]"
8633,Antofagasta,DEF-0059,8.0,Consumado,21,yes,1,0.9993638,1,1,base,drug_trafficking,normal,"[""No favorable"", ""Salida favorable""]"
12770,Arica y Parinacota,DEF-0284,6.0,Consumado,34,yes,1,0.9984018,1,1,base,drug_trafficking,normal,"[""No favorable"", ""Salida favorable""]"
4587,Metropolitana,DEF-0581,9.0,Consumado,25,no,0,0.29165673,1,1,base,drug_trafficking,normal,"[""No favorable"", ""Salida favorable""]"
14449,Arica y Parinacota,DEF-0236,4.0,Consumado,18,yes,1,0.9985676,1,1,base,drug_trafficking,normal,"[""No favorable"", ""Salida favorable""]"
10335,Tarapacá,DEF-0106,5.0,Consumado,32,yes,1,0.9993511,1,1,base,drug_trafficking,normal,"[""No favorable"", ""Salida favorable""]"
11207,Bio Bío,DEF-0037,2.0,Consumado,18,no,0,0.414566,0,0,base,drug_trafficking,normal,"[""No favorable"", ""Salida favorable""]"
12604,Valparaíso,DEF-0557,5.0,Consumado,18,no,0,0.28920537,0,0,base,drug_trafficking,normal,"[""No favorable"", ""Salida favorable""]"
14699,Arica y Parinacota,DEF-0455,7.0,Consumado,20,no,0,0.21368347,0,0,base,drug_trafficking,normal,"[""No favorable"", ""Salida favorable""]"
15912,Tarapacá,DEF-0188,2.0,Consumado,35,no,0,0.3501476,0,0,base,drug_trafficking,normal,"[""No favorable"", ""Salida favorable""]"
4274,Metropolitana,DEF-0665,5.0,Consumado,31,no,0,0.28393373,0,0,base,drug_trafficking,normal,"[""No favorable"", ""Salida favorable""]"
375,Maule,DEF-0213,3.0,Consumado,29,no,0,0.3622931,1,1,base,drug_trafficking,normal,"[""No favorable"", ""Salida favorable""]"
5378,Tarapacá,DEF-0107,4.0,Consumado,23,yes,1,0.9993596,1,1,base,drug_trafficking,normal,"[""No favorable"", ""Salida favorable""]"
11354,Atacama,DEF-0482,4.0,Consumado,42,no,0,0.26245442,1,1,base,drug_trafficking,normal,"[""No favorable"", ""Salida favorable""]"
6440,Valparaíso,DEF-0532,10.0,Consumado,21,no,0,0.29309165,0,0,base,drug_trafficking,normal,"[""No favorable"", ""Salida favorable""]"
11181,Arica y Parinacota,DEF-0083,9.0,Consumado,24,no,0,0.3113928,0,0,base,drug_trafficking,normal,"[""No favorable"", ""Salida favorable""]"
11901,Tarapacá,DEF-0106,6.0,Consumado,27,no,0,0.28386462,0,0,base,drug_trafficking,normal,"[""No favorable"", ""Salida favorable""]"
10216,Valparaíso,DEF-0500,5.0,Consumado,34,no,0,0.2949174,1,1,base,drug_trafficking,normal,"[""No favorable"", ""Salida favorable""]"
13734,Los Ríos,DEF-0636,4.0,Consumado,35,no,0,0.29033846,0,0,base,drug_trafficking,normal,"[""No favorable"", ""Salida favorable""]"
11607,Tarapacá,DEF-0106,6.0,Consumado,25,yes,1,0.9993684,1,1,base,drug_trafficking,normal,"[""No favorable"", ""Salida favorable""]"
15326,Maule,DEF-0001,7.0,Consumado,20,no,0,0.17038134,1,1,base,drug_trafficking,normal,"[""No favorable"", ""Salida favorable""]"
6386,Bio Bío,DEF-0395,5.0,Consumado,34,no,0,0.3462768,0,0,base,drug_trafficking,normal,"[""No favorable"", ""Salida favorable""]"
3814,Atacama,DEF-0440,6.0,Consumado,30,no,0,0.27940884,0,0,base,drug_trafficking,normal,"[""No favorable"", ""Salida favorable""]"
4422,Arica y Parinacota,DEF-0455,17.0,Consumado,27,yes,1,0.99795043,1,1,base,drug_trafficking,normal,"[""No favorable"", ""Salida favorable""]"
13710,Metropolitana,DEF-0514,5.0,Consumado,32,no,0,0.29760072,0,0,base,drug_trafficking,normal,"[""No favorable"", ""Salida favorable""]"
10525,Antofagasta,DEF-0683,6.0,Consumado,18,no,0,0.17040673,1,1,base,drug_trafficking,normal,"[""No favorable"", ""Salida favorable""]"
6367,Tarapacá,DEF-0732,7.0,Consumado,24,yes,1,0.98407596,1,1,base,drug_trafficking,normal,"[""No favorable"", ""Salida favorable""]"
12179,Tarapacá,DEF-0861,7.0,Consumado,18,no,0,0.27391857,0,0,base,drug_trafficking,normal,"[""No favorable"", ""Salida favorable""]"
1407,Tarapacá,DEF-0153,6.0,Consumado,29,no,0,0.34341884,1,1,base,drug_trafficking,normal,"[""No favorable"", ""Salida favorable""]"
9418,Metropolitana,DEF-0489,5.0,Consumado,26,no,0,0.30027175,0,0,base,drug_trafficking,normal,"[""No favorable"", ""Salida favorable""]"
8419,Metropolitana,DEF-0098,1.0,Consumado,18,no,0,0.28604835,0,0,base,drug_trafficking,normal,"[""No favorable"", ""Salida favorable""]"
3632,Valparaíso,DEF-0136,4.0,Consumado,24,yes,1,0.9991027,1,1,base,drug_trafficking,normal,"[""No favorable"", ""Salida favorable""]"
9337,Metropolitana,DEF-0008,2.0,Consumado,18,no,0,0.17956708,0,0,base,drug_trafficking,normal,"[""No favorable"", ""Salida favorable""]"
10536,Tarapacá,DEF-0301,4.0,Consumado,25,yes,1,0.99787986,1,1,base,drug_trafficking,normal,"[""No favorable"", ""Salida favorable""]"
3002,Antofagasta,DEF-0352,12.0,Consumado,33,yes,1,0.9970827,1,1,base,drug_trafficking,normal,"[""No favorable"", ""Salida favorable""]"
9191,Tarapacá,DEF-0732,4.0,Consumado,35,yes,1,0.9830726,1,1,base,drug_trafficking,normal,"[""No favorable"", ""Salida favorable""]"
14722,Tarapacá,DEF-0251,7.0,Consumado,25,yes,1,0.9981616,1,1,base,drug_trafficking,normal,"[""No favorable"", ""Salida favorable""]"
14159,Ñuble,DEF-0325,4.0,Consumado,32,no,0,0.31624168,1,1,base,drug_trafficking,normal,"[""No favorable"", ""Salida favorable""]"
16404,Metropolitana,DEF-0070,0.0,Consumado,23,no,0,0.27840933,1,1,base,drug_trafficking,normal,"[""No favorable"", ""Salida favorable""]"
16042,Tarapacá,DEF-0106,3.0,Consumado,18,yes,1,0.9993722,1,1,base,drug_trafficking,normal,"[""No favorable"", ""Salida favorable""]"
9779,Bio Bío,DEF-0650,3.0,Consumado,33,no,0,0.29635903,1,1,base,drug_trafficking,normal,"[""No favorable"", ""Salida favorable""]"
4631,Coquimbo,DEF-0397,6.0,Consumado,26,no,0,0.3428266,0,0,base,drug_trafficking,normal,"[""No favorable"", ""Salida favorable""]"
370,Metropolitana,DEF-0139,3.0,Consumado,23,no,0,0.34193614,0,0,base,drug_trafficking,normal,"[""No favorable"", ""Salida favorable""]"
14510,Antofagasta,DEF-0352,4.0,Consumado,26,yes,1,0.99742216,1,1,base,drug_trafficking,normal,"[""No favorable"", ""Salida favorable""]"
13284,Metropolitana,DEF-0082,1.0,Consumado,28,no,0,0.27125016,0,0,base,drug_trafficking,normal,"[""No favorable"", ""Salida favorable""]"
5214,Tarapacá,DEF-0124,4.0,Consumado,30,yes,1,0.9992034,1,1,base,drug_trafficking,normal,"[""No favorable"", ""Salida favorable""]"
12382,Antofagasta,DEF-0781,6.0,Consumado,33,no,0,0.16522022,1,1,base,drug_trafficking,normal,"[""No favorable"", ""Salida favorable""]"
15035,Libertador Bernardo O'Higgins,DEF-0702,5.0,Consumado,32,no,0,0.2883305,0,0,base,drug_trafficking,normal,"[""No favorable"", ""Salida favorable""]"
3110,Arica y Parinacota,DEF-0346,11.0,Consumado,20,yes,1,0.99833727,1,1,base,drug_trafficking,normal,"[""No favorable"", ""Salida favorable""]"
2520,Metropolitana,DEF-0479,14.0,Consumado,23,no,0,0.30546352,1,1,base,drug_trafficking,normal,"[""No favorable"", ""Salida favorable""]"
13533,Libertador Bernardo O'Higgins,DEF-0710,4.0,Consumado,27,no,0,0.28733057,1,1,base,drug_trafficking,normal,"[""No favorable"", ""Salida favorable""]"
9423,Tarapacá,DEF-0124,9.0,Consumado,30,no,0,0.31409562,0,0,base,drug_trafficking,normal,"[""No favorable"", ""Salida favorable""]"
13129,Valparaíso,DEF-0604,3.0,Consumado,18,no,0,0.28499037,1,1,base,drug_trafficking,normal,"[""No favorable"", ""Salida favorable""]"
814,Arica y Parinacota,DEF-0078,14.0,Consumado,21,no,0,0.32179567,0,0,base,drug_trafficking,normal,"[""No favorable"", ""Salida favorable""]"
7299,Valparaíso,DEF-0772,2.0,Consumado,28,no,0,0.27587107,0,0,base,drug_trafficking,normal,"[""No favorable"", ""Salida favorable""]"
12468,Arica y Parinacota,DEF-0284,4.0,Consumado,18,no,0,0.24914993,0,0,base,drug_trafficking,normal,"[""No favorable"", ""Salida favorable""]"
13732,Coquimbo,DEF-0066,8.0,Consumado,21,no,0,0.4196949,0,0,base,drug_trafficking,normal,"[""No favorable"", ""Salida favorable""]"
11178,Metropolitana,DEF-0310,5.0,Consumado,25,no,0,0.3314538,0,0,base,drug_trafficking,normal,"[""No favorable"", ""Salida favorable""]"
8914,Tarapacá,DEF-0106,5.0,Consumado,18,yes,1,0.9993784,1,1,base,drug_trafficking,normal,"[""No favorable"", ""Salida favorable""]"
9254,Tarapacá,DEF-0660,3.0,Consumado,20,yes,1,0.98946565,1,1,base,drug_trafficking,normal,"[""No favorable"", ""Salida favorable""]"
12157,Metropolitana,DEF-0471,5.0,Consumado,30,no,0,0.30255055,0,0,base,drug_trafficking,normal,"[""No favorable"", ""Salida favorable""]"
9956,Tarapacá,DEF-0301,6.0,Consumado,30,no,0,0.33047295,0,0,base,drug_trafficking,normal,"[""No favorable"", ""Salida favorable""]"
3132,Metropolitana,DEF-0043,8.0,Consumado,25,no,0,0.32527426,0,0,base,drug_trafficking,normal,"[""No favorable"", ""Salida favorable""]"
11859,Tarapacá,DEF-0251,5.0,Consumado,49,yes,1,0.99809456,1,1,base,drug_trafficking,normal,"[""No favorable"", ""Salida favorable""]"
15524,Arica y Parinacota,DEF-0263,5.0,Consumado,32,yes,1,0.99845666,1,1,base,drug_trafficking,normal,"[""No favorable"", ""Salida favorable""]"
15599,Tarapacá,DEF-0202,6.0,Consumado,37,yes,1,0.99840057,1,1,base,drug_trafficking,normal,"[""No favorable"", ""Salida favorable""]"
11579,Metropolitana,DEF-0706,5.0,Consumado,33,no,0,0.28145632,0,0,base,drug_trafficking,normal,"[""No favorable"", ""Salida favorable""]"
13298,Valparaíso,DEF-0532,2.0,Consumado,25,no,0,0.29065052,1,1,base,drug_trafficking,normal,"[""No favorable"", ""Salida favorable""]"
15319,Tarapacá,DEF-0913,10.0,Consumado,35,yes,1,0.9447095,1,1,base,drug_trafficking,normal,"[""No favorable"", ""Salida favorable""]"
1640,Tarapacá,DEF-0100,4.0,Consumado,41,yes,1,0.99936503,1,1,base,drug_trafficking,normal,"[""No favorable"", ""Salida favorable""]"
12951,Maule,DEF-0335,6.0,Consumado,21,no,0,0.3302879,0,0,base,drug_trafficking,normal,"[""No favorable"", ""Salida favorable""]"
16184,Bio Bío,DEF-0778,0.0,Consumado,32,no,0,0.28419453,0,0,base,drug_trafficking,normal,"[""No favorable"", ""Salida favorable""]"
2310,Metropolitana,DEF-0539,6.0,Consumado,18,no,0,0.29475275,1,1,base,drug_trafficking,normal,"[""No favorable"", ""Salida favorable""]"
12801,Los Lagos,DEF-0109,9.0,Consumado,28,no,0,0.3951647,1,1,base,drug_trafficking,normal,"[""No favorable"", ""Salida favorable""]"
4090,Metropolitana,DEF-0222,5.0,Consumado,41,no,0,0.35708222,1,1,base,drug_trafficking,normal,"[""No favorable"", ""Salida favorable""]"
4962,Maule,DEF-0551,5.0,Consumado,35,no,0,0.29560483,1,1,base,drug_trafficking,normal,"[""No favorable"", ""Salida favorable""]"
1790,Metropolitana,DEF-0273,12.0,Consumado,42,no,0,0.35076457,0,0,base,drug_trafficking,normal,"[""No favorable"", ""Salida favorable""]"
10547,Valparaíso,DEF-0594,5.0,Consumado,23,no,0,0.28626314,1,1,base,drug_trafficking,normal,"[""No favorable"", ""Salida favorable""]"
10688,Valparaíso,DEF-0545,7.0,Consumado,27,yes,1,0.9944595,1,1,base,drug_trafficking,normal,"[""No favorable"", ""Salida favorable""]"
3500,Tarapacá,DEF-0188,2.0,Consumado,23,yes,1,0.99851394,1,1,base,drug_trafficking,normal,"[""No favorable"", ""Salida favorable""]"
15057,Antofagasta,DEF-0852,8.0,Consumado,18,yes,1,0.9855296,1,1,base,drug_trafficking,normal,"[""No favorable"", ""Salida favorable""]"
15642,Antofagasta,DEF-0246,6.0,Consumado,24,yes,1,0.9977839,1,1,base,drug_trafficking,normal,"[""No favorable"", ""Salida favorable""]"
5227,Maule,DEF-0343,16.0,Consumado,39,no,0,0.33949712,1,1,base,drug_trafficking,normal,"[""No favorable"", ""Salida favorable""]"
2550,Tarapacá,DEF-0107,4.0,Consumado,18,yes,1,0.9993692,1,1,base,drug_trafficking,normal,"[""No favorable"", ""Salida favorable""]"
6455,Tarapacá,DEF-0270,4.0,Consumado,27,yes,1,0.9980389,1,1,base,drug_trafficking,normal,"[""No favorable"", ""Salida favorable""]"
7281,Tarapacá,DEF-0533,4.0,Consumado,22,yes,1,0.99506956,1,1,base,drug_trafficking,normal,"[""No favorable"", ""Salida favorable""]"
14649,Valparaíso,DEF-0692,13.0,Consumado,29,no,0,0.28166002,1,1,base,drug_trafficking,normal,"[""No favorable"", ""Salida favorable""]"
11038,Metropolitana,DEF-0603,2.0,Consumado,18,no,0,0.28768685,0,0,base,drug_trafficking,normal,"[""No favorable"", ""Salida favorable""]"
15796,Metropolitana,DEF-0024,1.0,Consumado,26,no,0,0.33516127,1,1,base,drug_trafficking,normal,"[""No favorable"", ""Salida favorable""]"
7580,Coquimbo,DEF-0397,10.0,Consumado,20,no,0,0.3462917,1,1,base,drug_trafficking,normal,"[""No favorable"", ""Salida favorable""]"
1803,Antofagasta,DEF-0504,6.0,Consumado,27,no,0,0.13790655,0,0,base,drug_trafficking,normal,"[""No favorable"", ""Salida favorable""]"
5558,Metropolitana,DEF-0511,3.0,Consumado,29,no,0,0.29697326,0,0,base,drug_trafficking,normal,"[""No favorable"", ""Salida favorable""]"
13288,Magallanes y Antártica Chilena,DEF-0711,4.0,Consumado,18,no,0,0.283147,0,0,base,drug_trafficking,normal,"[""No favorable"", ""Salida favorable""]"
14550,Tarapacá,DEF-0252,4.0,Consumado,18,no,0,0.3396966,0,0,base,drug_trafficking,normal,"[""No favorable"", ""Salida favorable""]"
16482,Los Lagos,DEF-0646,1.0,Consumado,32,no,0,0.2902464,0,0,base,drug_trafficking,normal,"[""No favorable"", ""Salida favorable""]"
12976,Tarapacá,DEF-0315,10.0,Consumado,18,no,0,0.32944217,0,0,base,drug_trafficking,normal,"[""No favorable"", ""Salida favorable""]"
1702,Tarapacá,DEF-0107,7.0,Consumado,18,no,0,0.29288208,0,0,base,drug_trafficking,normal,"[""No favorable"", ""Salida favorable""]"
14697,Arica y Parinacota,DEF-0263,4.0,Consumado,23,no,0,0.2514241,0,0,base,drug_trafficking,normal,"[""No favorable"", ""Salida favorable""]"
13425,Arica y Parinacota,DEF-0031,1.0,Consumado,25,no,0,0.2714721,1,1,base,drug_trafficking,normal,"[""No favorable"", ""Salida favorable""]"
3010,Arica y Parinacota,DEF-0309,15.0,Consumado,20,yes,1,0.9984098,1,1,base,drug_trafficking,normal,"[""No favorable"", ""Salida favorable""]"
16441,Antofagasta,DEF-0026,4.0,Consumado,18,yes,1,0.99947804,1,1,base,drug_trafficking,normal,"[""No favorable"", ""Salida favorable""]"
16415,Arica y Parinacota,DEF-0600,8.0,Consumado,37,no,0,0.19068804,0,0,base,drug_trafficking,normal,"[""No favorable"", ""Salida favorable""]"
10962,Coquimbo,DEF-0443,3.0,Consumado,21,yes,1,0.9979312,1,1,base,drug_trafficking,normal,"[""No favorable"", ""Salida favorable""]"
15173,Bio Bío,DEF-0506,3.0,Consumado,18,no,0,0.31843466,0,0,base,drug_trafficking,normal,"[""No favorable"", ""Salida favorable""]"
4748,Valparaíso,DEF-0187,1.0,Consumado,30,no,0,0.34054652,0,0,base,drug_trafficking,normal,"[""No favorable"", ""Salida favorable""]"
1189,Valparaíso,DEF-0232,8.0,Consumado,29,no,0,0.34425738,1,1,base,drug_trafficking,normal,"[""No favorable"", ""Salida favorable""]"
14629,Bio Bío,DEF-0725,11.0,Consumado,36,no,0,0.2908361,0,0,base,drug_trafficking,normal,"[""No favorable"", ""Salida favorable""]"
8275,Metropolitana,DEF-0770,3.0,Consumado,24,no,0,0.27771965,1,1,base,drug_trafficking,normal,"[""No favorable"", ""Salida favorable""]"
2631,Valparaíso,DEF-0195,3.0,Consumado,26,no,0,0.3436913,0,0,base,drug_trafficking,normal,"[""No favorable"", ""Salida favorable""]"
12616,Arica y Parinacota,DEF-0383,14.0,Consumado,22,no,0,0.22181062,0,0,base,drug_trafficking,normal,"[""No favorable"", ""Salida favorable""]"
8520,Valparaíso,DEF-0604,10.0,Consumado,40,no,0,0.28719535,0,0,base,drug_trafficking,normal,"[""No favorable"", ""Salida favorable""]"
8843,Tarapacá,DEF-0106,5.0,Consumado,30,yes,1,0.99935526,1,1,base,drug_trafficking,normal,"[""No favorable"", ""Salida favorable""]"
11371,Metropolitana,DEF-0082,1.0,Consumado,38,no,0,0.26572612,0,0,base,drug_trafficking,normal,"[""No favorable"", ""Salida favorable""]"
13027,Antofagasta,DEF-0805,4.0,Consumado,18,yes,1,0.9888227,1,1,base,drug_trafficking,normal,"[""No favorable"", ""Salida favorable""]"
15293,Tarapacá,DEF-0270,5.0,Consumado,27,yes,1,0.9980491,1,1,base,drug_trafficking,normal,"[""No favorable"", ""Salida favorable""]"
4614,Metropolitana,DEF-0672,3.0,Consumado,42,yes,1,0.98990524,1,1,base,drug_trafficking,normal,"[""No favorable"", ""Salida favorable""]"
4013,Tarapacá,DEF-0124,4.0,Consumado,18,yes,1,0.9992352,1,1,base,drug_trafficking,normal,"[""No favorable"", ""Salida favorable""]"
7075,Bio Bío,DEF-0146,2.0,Consumado,37,no,0,0.45772344,1,1,base,drug_trafficking,normal,"[""No favorable"", ""Salida favorable""]"
7369,Metropolitana,DEF-0458,3.0,Consumado,49,no,0,0.3043625,0,0,base,drug_trafficking,normal,"[""No favorable"", ""Salida favorable""]"
11292,La Araucanía,DEF-0834,5.0,Consumado,18,no,0,0.28049496,0,0,base,drug_trafficking,normal,"[""No favorable"", ""Salida favorable""]"
8424,Coquimbo,DEF-0074,3.0,Consumado,39,no,0,0.390332,1,1,base,drug_trafficking,normal,"[""No favorable"", ""Salida favorable""]"
16620,Ñuble,DEF-0331,1.0,Consumado,33,no,0,0.31332788,1,1,base,drug_trafficking,normal,"[""No favorable"", ""Salida favorable""]"
13620,Tarapacá,DEF-0106,7.0,Consumado,21,no,0,0.28971007,0,0,base,drug_trafficking,normal,"[""No favorable"", ""Salida favorable""]"
16230,Antofagasta,DEF-0352,5.0,Consumado,18,yes,1,0.99757046,1,1,base,drug_trafficking,normal,"[""No favorable"", ""Salida favorable""]"
7574,Coquimbo,DEF-0323,9.0,Consumado,21,no,0,0.37088808,1,1,base,drug_trafficking,normal,"[""No favorable"", ""Salida favorable""]"
913,Valparaíso,DEF-0345,9.0,Consumado,33,no,0,0.31935263,0,0,base,drug_trafficking,normal,"[""No favorable"", ""Salida favorable""]"
6686,Valparaíso,DEF-0557,7.0,Consumado,27,yes,1,0.9940832,1,1,base,drug_trafficking,normal,"[""No favorable"", ""Salida favorable""]"
4447,Valparaíso,DEF-0561,3.0,Consumado,23,no,0,0.28838205,0,0,base,drug_trafficking,normal,"[""No favorable"", ""Salida favorable""]"
15564,Coquimbo,DEF-0621,6.0,Consumado,18,no,0,0.30008602,0,0,base,drug_trafficking,normal,"[""No favorable"", ""Salida favorable""]"
2986,Tarapacá,DEF-0153,1.0,Consumado,19,no,0,0.337655,0,0,base,drug_trafficking,normal,"[""No favorable"", ""Salida favorable""]"
13329,Los Lagos,DEF-0825,6.0,Consumado,28,no,0,0.27919585,1,1,base,drug_trafficking,normal,"[""No favorable"", ""Salida favorable""]"
8503,Tarapacá,DEF-0533,15.0,Consumado,20,no,0,0.29677343,1,1,base,drug_trafficking,normal,"[""No favorable"", ""Salida favorable""]"
10892,Tarapacá,DEF-0106,4.0,Consumado,25,yes,1,0.999362,1,1,base,drug_trafficking,normal,"[""No favorable"", ""Salida favorable""]"
15581,Metropolitana,DEF-0934,1.0,Consumado,18,no,0,0.16376829,0,0,base,drug_trafficking,normal,"[""No favorable"", ""Salida favorable""]"
4026,Tarapacá,DEF-0188,6.0,Consumado,18,yes,1,0.9985556,1,1,base,drug_trafficking,normal,"[""No favorable"", ""Salida favorable""]"
14287,Metropolitana,DEF-0082,0.0,Consumado,30,no,0,0.26815608,0,0,base,drug_trafficking,normal,"[""No favorable"", ""Salida favorable""]"
4724,Los Lagos,DEF-0109,1.0,Consumado,30,no,0,0.37019014,0,0,base,drug_trafficking,normal,"[""No favorable"", ""Salida favorable""]"
8028,Tarapacá,DEF-0106,6.0,Consumado,18,yes,1,0.9993814,1,1,base,drug_trafficking,normal,"[""No favorable"", ""Salida favorable""]"
15966,Antofagasta,DEF-0042,7.0,Consumado,35,yes,1,0.99939865,1,1,base,drug_trafficking,normal,"[""No favorable"", ""Salida favorable""]"
9218,Tarapacá,DEF-0106,4.0,Consumado,26,yes,1,0.99936,1,1,base,drug_trafficking,normal,"[""No favorable"", ""Salida favorable""]"
3895,Maule,DEF-0001,4.0,Consumado,28,no,0,0.16602,0,0,base,drug_trafficking,normal,"[""No favorable"", ""Salida favorable""]"
11662,Metropolitana,DEF-0853,3.0,Consumado,18,yes,1,0.96247405,1,1,base,drug_trafficking,normal,"[""No favorable"", ""Salida favorable""]"
505,Tarapacá,DEF-0058,15.0,Consumado,24,no,0,0.32969669,1,1,base,drug_trafficking,normal,"[""No favorable"", ""Salida favorable""]"
5257,Metropolitana,DEF-0716,4.0,Consumado,26,no,0,0.28059924,1,1,base,drug_trafficking,normal,"[""No favorable"", ""Salida favorable""]"
9762,Coquimbo,DEF-0051,11.0,Consumado,22,no,0,0.42760938,0,0,base,drug_trafficking,normal,"[""No favorable"", ""Salida favorable""]"
7356,Valparaíso,DEF-0722,4.0,Consumado,44,no,0,0.27849162,0,0,base,drug_trafficking,normal,"[""No favorable"", ""Salida favorable""]"
4053,Maule,DEF-0409,68.0,Consumado,21,no,0,0.39381656,0,0,base,drug_trafficking,normal,"[""No favorable"", ""Salida favorable""]"
11448,Metropolitana,DEF-0008,9.0,Consumado,26,no,0,0.19477586,0,0,base,drug_trafficking,normal,"[""No favorable"", ""Salida favorable""]"
16525,Atacama,DEF-0131,3.0,Consumado,23,yes,1,0.9990174,1,1,base,drug_trafficking,normal,"[""No favorable"", ""Salida favorable""]"
2933,Tarapacá,DEF-0124,3.0,Consumado,18,yes,1,0.9992307,1,1,base,drug_trafficking,normal,"[""No favorable"", ""Salida favorable""]"
8638,Arica y Parinacota,DEF-0309,5.0,Consumado,18,no,0,0.24247998,1,1,base,drug_trafficking,normal,"[""No favorable"", ""Salida favorable""]"
16609,La Araucanía,DEF-0919,2.0,Consumado,18,no,0,0.27632508,1,1,base,drug_trafficking,normal,"[""No favorable"", ""Salida favorable""]"
9494,Metropolitana,DEF-0222,3.0,Consumado,22,no,0,0.3527312,0,0,base,drug_trafficking,normal,"[""No favorable"", ""Salida favorable""]"
2417,Valparaíso,DEF-0319,15.0,Consumado,33,no,0,0.33000332,1,1,base,drug_trafficking,normal,"[""No favorable"", ""Salida favorable""]"
8887,Tarapacá,DEF-0124,4.0,Consumado,46,yes,1,0.99915564,1,1,base,drug_trafficking,normal,"[""No favorable"", ""Salida favorable""]"
13907,Metropolitana,DEF-0139,11.0,Consumado,21,no,0,0.35913706,0,0,base,drug_trafficking,normal,"[""No favorable"", ""Salida favorable""]"
7228,Coquimbo,DEF-0397,2.0,Consumado,25,no,0,0.33911225,1,1,base,drug_trafficking,normal,"[""No favorable"", ""Salida favorable""]"
967,Tarapacá,DEF-0317,7.0,Consumado,22,yes,1,0.9978305,1,1,base,drug_trafficking,normal,"[""No favorable"", ""Salida favorable""]"
8304,Tarapacá,DEF-0660,5.0,Consumado,29,yes,1,0.98987514,1,1,base,drug_trafficking,normal,"[""No favorable"", ""Salida favorable""]"
1392,Valparaíso,DEF-0300,3.0,Consumado,33,no,0,0.32435673,0,0,base,drug_trafficking,normal,"[""No favorable"", ""Salida favorable""]"
3239,Metropolitana,DEF-0390,9.0,Consumado,28,no,0,0.31733173,1,1,base,drug_trafficking,normal,"[""No favorable"", ""Salida favorable""]"
1919,Tarapacá,DEF-0106,5.0,Consumado,33,yes,1,0.99934894,1,1,base,drug_trafficking,normal,"[""No favorable"", ""Salida favorable""]"
1253,Atacama,DEF-0054,7.0,Consumado,36,no,0,0.36210796,1,1,base,drug_trafficking,normal,"[""No favorable"", ""Salida favorable""]"
14817,Bio Bío,DEF-0155,4.0,Consumado,30,no,0,0.4587157,1,1,base,drug_trafficking,normal,"[""No favorable"", ""Salida favorable""]"
5376,Antofagasta,DEF-0654,8.0,Consumado,25,no,0,0.17109457,0,0,base,drug_trafficking,normal,"[""No favorable"", ""Salida favorable""]"
4644,Arica y Parinacota,DEF-0455,11.0,Consumado,28,yes,1,0.9979504,1,1,base,drug_trafficking,normal,"[""No favorable"", ""Salida favorable""]"
3610,Metropolitana,DEF-0527,1.0,Consumado,27,no,0,0.29452845,0,0,base,drug_trafficking,normal,"[""No favorable"", ""Salida favorable""]"
15471,Antofagasta,DEF-0852,6.0,Consumado,33,no,0,0.16321234,0,0,base,drug_trafficking,normal,"[""No favorable"", ""Salida favorable""]"
6662,Bio Bío,DEF-0342,1.0,Consumado,23,no,0,0.35915312,0,0,base,drug_trafficking,normal,"[""No favorable"", ""Salida favorable""]"
15109,Tarapacá,DEF-0913,7.0,Consumado,25,no,0,0.27237168,0,0,base,drug_trafficking,normal,"[""No favorable"", ""Salida favorable""]"
10800,Metropolitana,DEF-0679,1.0,Consumado,18,no,0,0.2820964,0,0,base,drug_trafficking,normal,"[""No favorable"", ""Salida favorable""]"
11482,Arica y Parinacota,DEF-0083,9.0,Consumado,38,no,0,0.29514274,0,0,base,drug_trafficking,normal,"[""No favorable"", ""Salida favorable""]"
6253,Arica y Parinacota,DEF-0455,8.0,Consumado,19,yes,1,0.9980144,1,1,base,drug_trafficking,normal,"[""No favorable"", ""Salida favorable""]"
1375,Metropolitana,DEF-0390,7.0,Consumado,22,no,0,0.31567848,0,0,base,drug_trafficking,normal,"[""No favorable"", ""Salida favorable""]"
13401,Metropolitana,DEF-0082,0.0,Consumado,21,no,0,0.27360922,0,0,base,drug_trafficking,normal,"[""No favorable"", ""Salida favorable""]"
6156,Antofagasta,DEF-0023,3.0,Consumado,26,yes,1,0.99946475,1,1,base,drug_trafficking,normal,"[""No favorable"", ""Salida favorable""]"
10402,Valparaíso,DEF-0594,6.0,Consumado,24,no,0,0.28652617,0,0,base,drug_trafficking,normal,"[""No favorable"", ""Salida favorable""]"
2874,Metropolitana,DEF-0558,7.0,Consumado,29,no,0,0.29342932,0,0,base,drug_trafficking,normal,"[""No favorable"", ""Salida favorable""]"
6257,Tarapacá,DEF-0089,2.0,Consumado,18,no,0,0.26942867,0,0,base,drug_trafficking,normal,"[""No favorable"", ""Salida favorable""]"
10411,Arica y Parinacota,DEF-0236,9.0,Consumado,18,no,0,0.26350293,0,0,base,drug_trafficking,normal,"[""No favorable"", ""Salida favorable""]"
6459,Arica y Parinacota,DEF-0235,18.0,Consumado,27,no,0,0.26050144,0,0,base,drug_trafficking,normal,"[""No favorable"", ""Salida favorable""]"
13555,Arica y Parinacota,DEF-0236,13.0,Consumado,29,no,0,0.25699046,0,0,base,drug_trafficking,normal,"[""No favorable"", ""Salida favorable""]"
11670,Tarapacá,DEF-0106,3.0,Consumado,22,yes,1,0.9993646,1,1,base,drug_trafficking,normal,"[""No favorable"", ""Salida favorable""]"
13428,Metropolitana,DEF-0003,2.0,Consumado,24,no,0,0.16408351,0,0,base,drug_trafficking,normal,"[""No favorable"", ""Salida favorable""]"
15622,Antofagasta,DEF-0689,5.0,Consumado,18,yes,1,0.9937978,1,1,base,drug_trafficking,normal,"[""No favorable"", ""Salida favorable""]"
15142,Arica y Parinacota,DEF-0263,7.0,Consumado,33,yes,1,0.99844575,1,1,base,drug_trafficking,normal,"[""No favorable"", ""Salida favorable""]"
5421,Tarapacá,DEF-0124,4.0,Consumado,36,yes,1,0.9991862,1,1,base,drug_trafficking,normal,"[""No favorable"", ""Salida favorable""]"
15069,Antofagasta,DEF-0766,7.0,Consumado,30,no,0,0.16594951,0,0,base,drug_trafficking,normal,"[""No favorable"", ""Salida favorable""]"
8211,Atacama,DEF-0266,2.0,Consumado,38,no,0,0.32498083,0,0,base,drug_trafficking,normal,"[""No favorable"", ""Salida favorable""]"
14744,Metropolitana,DEF-0289,18.0,Consumado,18,no,0,0.34905005,1,1,base,drug_trafficking,normal,"[""No favorable"", ""Salida favorable""]"
7795,Metropolitana,DEF-0435,3.0,Consumado,18,no,0,0.3062999,0,0,base,drug_trafficking,normal,"[""No favorable"", ""Salida favorable""]"
7495,Antofagasta,DEF-0042,5.0,Consumado,28,no,0,0.2540559,0,0,base,drug_trafficking,normal,"[""No favorable"", ""Salida favorable""]"
958,Maule,DEF-0356,4.0,Consumado,25,no,0,0.3241722,1,1,base,drug_trafficking,normal,"[""No favorable"", ""Salida favorable""]"
13312,Los Lagos,DEF-0186,11.0,Consumado,20,no,0,0.4105463,1,1,base,drug_trafficking,normal,"[""No favorable"", ""Salida favorable""]"
10764,Coquimbo,DEF-0035,3.0,Consumado,32,no,0,0.37511435,1,1,base,drug_trafficking,normal,"[""No favorable"", ""Salida favorable""]"
1010,Valparaíso,DEF-0182,5.0,Consumado,35,no,0,0.3446424,0,0,base,drug_trafficking,normal,"[""No favorable"", ""Salida favorable""]"
14025,Arica y Parinacota,DEF-0031,8.0,Consumado,18,no,0,0.29986912,0,0,base,drug_trafficking,normal,"[""No favorable"", ""Salida favorable""]"
5294,Valparaíso,DEF-0048,4.0,Consumado,20,no,0,0.30922315,0,0,base,drug_trafficking,normal,"[""No favorable"", ""Salida favorable""]"
14188,Metropolitana,DEF-0465,1.0,Consumado,28,no,0,0.3015366,0,0,base,drug_trafficking,normal,"[""No favorable"", ""Salida favorable""]"
1141,Tarapacá,DEF-0106,5.0,Consumado,20,no,0,0.28624144,0,0,base,drug_trafficking,normal,"[""No favorable"", ""Salida favorable""]"
5604,Libertador Bernardo O'Higgins,DEF-0727,10.0,Consumado,32,no,0,0.28757882,0,0,base,drug_trafficking,normal,"[""No favorable"", ""Salida favorable""]"
2332,Coquimbo,DEF-0542,6.0,Consumado,32,no,0,0.17207938,0,0,base,drug_trafficking,normal,"[""No favorable"", ""Salida favorable""]"
12573,Tarapacá,DEF-0139,5.0,Consumado,28,no,0,0.32814702,0,0,base,drug_trafficking,normal,"[""No favorable"", ""Salida favorable""]"
3218,Tarapacá,DEF-0124,6.0,Consumado,18,yes,1,0.99924403,1,1,base,drug_trafficking,normal,"[""No favorable"", ""Salida favorable""]"
2246,Arica y Parinacota,DEF-0225,10.0,Consumado,25,no,0,0.26265863,0,0,base,drug_trafficking,normal,"[""No favorable"", ""Salida favorable""]"
3394,Tarapacá,DEF-0073,6.0,Consumado,29,no,0,0.27792796,0,0,base,drug_trafficking,normal,"[""No favorable"", ""Salida favorable""]"
2731,Magallanes y Antártica Chilena,DEF-0571,8.0,Consumado,28,no,0,0.2962833,0,0,base,drug_trafficking,normal,"[""No favorable"", ""Salida favorable""]"
78,Metropolitana,DEF-0027,3.0,Consumado,25,no,0,0.33375046,0,0,base,drug_trafficking,normal,"[""No favorable"", ""Salida favorable""]"
6333,Tarapacá,DEF-0533,4.0,Consumado,37,yes,1,0.9950195,1,1,base,drug_trafficking,normal,"[""No favorable"", ""Salida favorable""]"
3445,Valparaíso,DEF-0417,5.0,Consumado,27,no,0,0.30471018,0,0,base,drug_trafficking,normal,"[""No favorable"", ""Salida favorable""]"
12751,Metropolitana,DEF-0043,2.0,Consumado,18,no,0,0.31979877,0,0,base,drug_trafficking,normal,"[""No favorable"", ""Salida favorable""]"
14661,Bio Bío,DEF-0133,6.0,Consumado,35,no,0,0.4734133,0,0,base,drug_trafficking,normal,"[""No favorable"", ""Salida favorable""]"
1393,Valparaíso,DEF-0300,3.0,Consumado,29,no,0,0.32407427,0,0,base,drug_trafficking,normal,"[""No favorable"", ""Salida favorable""]"
10765,Tarapacá,DEF-0660,2.0,Consumado,23,yes,1,0.98926127,1,1,base,drug_trafficking,normal,"[""No favorable"", ""Salida favorable""]"
11977,Valparaíso,DEF-0330,7.0,Consumado,24,no,0,0.32030287,0,0,base,drug_trafficking,normal,"[""No favorable"", ""Salida favorable""]"
8102,La Araucanía,DEF-0768,9.0,Consumado,18,no,0,0.28550705,0,0,base,drug_trafficking,normal,"[""No favorable"", ""Salida favorable""]"
12296,Tarapacá,DEF-0100,5.0,Consumado,43,no,0,0.26702362,0,0,base,drug_trafficking,normal,"[""No favorable"", ""Salida favorable""]"
7649,Valparaíso,DEF-0771,1.0,Consumado,40,no,0,0.27585128,0,0,base,drug_trafficking,normal,"[""No favorable"", ""Salida favorable""]"
1920,Tarapacá,DEF-0124,6.0,Consumado,27,yes,1,0.99922085,1,1,base,drug_trafficking,normal,"[""No favorable"", ""Salida favorable""]"
5277,Valparaíso,DEF-0232,6.0,Consumado,18,no,0,0.34127238,0,0,base,drug_trafficking,normal,"[""No favorable"", ""Salida favorable""]"
10353,Tarapacá,DEF-0660,3.0,Consumado,24,yes,1,0.98947436,1,1,base,drug_trafficking,normal,"[""No favorable"", ""Salida favorable""]"
9753,Metropolitana,DEF-0833,8.0,Consumado,18,no,0,0.27563676,0,0,base,drug_trafficking,normal,"[""No favorable"", ""Salida favorable""]"
4286,Valparaíso,DEF-0207,12.0,Consumado,39,no,0,0.35533354,0,0,base,drug_trafficking,normal,"[""No favorable"", ""Salida favorable""]"
1756,Tarapacá,DEF-0106,5.0,Consumado,33,yes,1,0.99934894,1,1,base,drug_trafficking,normal,"[""No favorable"", ""Salida favorable""]"
10856,Tarapacá,DEF-0102,5.0,Consumado,30,yes,1,0.9993793,1,1,base,drug_trafficking,normal,"[""No favorable"", ""Salida favorable""]"
9573,La Araucanía,DEF-0201,4.0,Consumado,28,no,0,0.41162917,1,1,base,drug_trafficking,normal,"[""No favorable"", ""Salida favorable""]"
1994,Metropolitana,DEF-0193,10.0,Consumado,37,yes,1,0.998526,1,1,base,drug_trafficking,normal,"[""No favorable"", ""Salida favorable""]"
5414,Tarapacá,DEF-0124,3.0,Consumado,18,yes,1,0.9992307,1,1,base,drug_trafficking,normal,"[""No favorable"", ""Salida favorable""]"
7051,Antofagasta,DEF-0314,4.0,Consumado,23,yes,1,0.99763125,1,1,base,drug_trafficking,normal,"[""No favorable"", ""Salida favorable""]"
13529,Arica y Parinacota,DEF-0225,14.0,Consumado,23,no,0,0.26501516,0,0,base,drug_trafficking,normal,"[""No favorable"", ""Salida favorable""]"
638,Antofagasta,DEF-0290,8.0,Consumado,28,no,0,0.21367936,0,0,base,drug_trafficking,normal,"[""No favorable"", ""Salida favorable""]"
698,Libertador Bernardo O'Higgins,DEF-0211,7.0,Consumado,27,no,0,0.4021272,1,1,base,drug_trafficking,normal,"[""No favorable"", ""Salida favorable""]"
8972,Valparaíso,DEF-0642,6.0,Consumado,27,no,0,0.28312317,1,1,base,drug_trafficking,normal,"[""No favorable"", ""Salida favorable""]"
16341,Metropolitana,DEF-0082,0.0,Consumado,18,no,0,0.275578,0,0,base,drug_trafficking,normal,"[""No favorable"", ""Salida favorable""]"
16351,Los Ríos,DEF-0916,2.0,Consumado,26,no,0,0.274238,0,0,base,drug_trafficking,normal,"[""No favorable"", ""Salida favorable""]"
12845,Magallanes y Antártica Chilena,DEF-0469,9.0,Consumado,18,no,0,0.30979764,0,0,base,drug_trafficking,normal,"[""No favorable"", ""Salida favorable""]"
8713,Tarapacá,DEF-0301,5.0,Consumado,29,yes,1,0.9978847,1,1,base,drug_trafficking,normal,"[""No favorable"", ""Salida favorable""]"
16443,Antofagasta,DEF-0026,4.0,Consumado,19,yes,1,0.9994762,1,1,base,drug_trafficking,normal,"[""No favorable"", ""Salida favorable""]"
14515,Coquimbo,DEF-0156,0.0,Consumado,40,no,0,0.4377349,0,0,base,drug_trafficking,normal,"[""No favorable"", ""Salida favorable""]"
2704,Valparaíso,DEF-0207,3.0,Consumado,18,no,0,0.34278226,0,0,base,drug_trafficking,normal,"[""No favorable"", ""Salida favorable""]"
8065,Tarapacá,DEF-0102,5.0,Consumado,26,yes,1,0.9993868,1,1,base,drug_trafficking,normal,"[""No favorable"", ""Salida favorable""]"
2336,Tarapacá,DEF-0188,3.0,Consumado,18,yes,1,0.99853337,1,1,base,drug_trafficking,normal,"[""No favorable"", ""Salida favorable""]"
2203,Arica y Parinacota,DEF-0108,6.0,Consumado,41,no,0,0.29248714,0,0,base,drug_trafficking,normal,"[""No favorable"", ""Salida favorable""]"
12658,Tarapacá,DEF-0251,9.0,Consumado,32,no,0,0.34636766,0,0,base,drug_trafficking,normal,"[""No favorable"", ""Salida favorable""]"
2613,Arica y Parinacota,DEF-0346,8.0,Consumado,19,yes,1,0.998345,1,1,base,drug_trafficking,normal,"[""No favorable"", ""Salida favorable""]"
11541,Tarapacá,DEF-0102,4.0,Consumado,35,yes,1,0.99936616,1,1,base,drug_trafficking,normal,"[""No favorable"", ""Salida favorable""]"
3135,Tarapacá,DEF-0533,5.0,Consumado,30,yes,1,0.9951107,1,1,base,drug_trafficking,normal,"[""No favorable"", ""Salida favorable""]"
520,Coquimbo,DEF-0081,2.0,Consumado,47,no,0,0.39093,1,1,base,drug_trafficking,normal,"[""No favorable"", ""Salida favorable""]"
8196,Maule,DEF-0764,11.0,Consumado,27,no,0,0.280321,1,1,base,drug_trafficking,normal,"[""No favorable"", ""Salida favorable""]"
1109,Tarapacá,DEF-0317,8.0,Consumado,29,yes,1,0.9978289,1,1,base,drug_trafficking,normal,"[""No favorable"", ""Salida favorable""]"
16260,Antofagasta,DEF-0314,4.0,Consumado,36,yes,1,0.9973561,1,1,base,drug_trafficking,normal,"[""No favorable"", ""Salida favorable""]"
290,Metropolitana,DEF-0176,11.0,Consumado,36,no,0,0.37331992,1,1,base,drug_trafficking,normal,"[""No favorable"", ""Salida favorable""]"
13451,Tarapacá,DEF-0102,5.0,Consumado,35,no,0,0.27294895,1,1,base,drug_trafficking,normal,"[""No favorable"", ""Salida favorable""]"
1490,Los Lagos,DEF-0466,10.0,Consumado,29,no,0,0.3179925,0,0,base,drug_trafficking,normal,"[""No favorable"", ""Salida favorable""]"
997,Valparaíso,DEF-0279,8.0,Consumado,33,no,0,0.33317938,0,0,base,drug_trafficking,normal,"[""No favorable"", ""Salida favorable""]"
15267,Tarapacá,DEF-0614,9.0,Consumado,22,no,0,0.2871068,0,0,base,drug_trafficking,normal,"[""No favorable"", ""Salida favorable""]"
15853,Antofagasta,DEF-0042,4.0,Consumado,27,yes,1,0.9994229,1,1,base,drug_trafficking,normal,"[""No favorable"", ""Salida favorable""]"
4788,Antofagasta,DEF-0633,5.0,Consumado,38,no,0,0.17099366,0,0,base,drug_trafficking,normal,"[""No favorable"", ""Salida favorable""]"
4202,Arica y Parinacota,DEF-0012,7.0,Consumado,37,yes,1,0.9995065,1,1,base,drug_trafficking,normal,"[""No favorable"", ""Salida favorable""]"
6145,Valparaíso,DEF-0207,5.0,Consumado,30,no,0,0.34543926,1,1,base,drug_trafficking,normal,"[""No favorable"", ""Salida favorable""]"
11772,Valparaíso,DEF-0506,2.0,Consumado,31,no,0,0.29323846,0,0,base,drug_trafficking,normal,"[""No favorable"", ""Salida favorable""]"
1021,Ñuble,DEF-0392,6.0,Consumado,19,no,0,0.30562475,0,0,base,drug_trafficking,normal,"[""No favorable"", ""Salida favorable""]"
647,Valparaíso,DEF-0295,5.0,Consumado,18,no,0,0.16817087,0,0,base,drug_trafficking,normal,"[""No favorable"", ""Salida favorable""]"
13750,Valparaíso,DEF-0671,3.0,Consumado,32,no,0,0.280811,0,0,base,drug_trafficking,normal,"[""No favorable"", ""Salida favorable""]"
4175,Tarapacá,DEF-0073,6.0,Consumado,24,yes,1,0.99947554,1,1,base,drug_trafficking,normal,"[""No favorable"", ""Salida favorable""]"
12297,Tarapacá,DEF-0058,12.0,Consumado,23,no,0,0.32168016,1,1,base,drug_trafficking,normal,"[""No favorable"", ""Salida favorable""]"
1933,Metropolitana,DEF-0082,6.0,Consumado,18,no,0,0.28835085,0,0,base,drug_trafficking,normal,"[""No favorable"", ""Salida favorable""]"
16284,Metropolitana,DEF-0740,5.0,Consumado,26,no,0,0.27941874,1,1,base,drug_trafficking,normal,"[""No favorable"", ""Salida favorable""]"
7929,Valparaíso,DEF-0168,5.0,Consumado,25,no,0,0.3403846,0,0,base,drug_trafficking,normal,"[""No favorable"", ""Salida favorable""]"
3772,Tarapacá,DEF-0188,2.0,Consumado,33,yes,1,0.9984894,1,1,base,drug_trafficking,normal,"[""No favorable"", ""Salida favorable""]"
9876,Tarapacá,DEF-0270,8.0,Consumado,18,yes,1,0.9980943,1,1,base,drug_trafficking,normal,"[""No favorable"", ""Salida favorable""]"
6799,Libertador Bernardo O'Higgins,DEF-0138,0.0,Consumado,33,no,0,0.4100525,0,0,base,drug_trafficking,normal,"[""No favorable"", ""Salida favorable""]"
15431,Valparaíso,DEF-0545,1.0,Consumado,30,no,0,0.28934237,0,0,base,drug_trafficking,normal,"[""No favorable"", ""Salida favorable""]"
2695,Arica y Parinacota,DEF-0140,4.0,Consumado,21,no,0,0.29950315,0,0,base,drug_trafficking,normal,"[""No favorable"", ""Salida favorable""]"
1033,Tarapacá,DEF-0102,6.0,Consumado,21,yes,1,0.9993985,1,1,base,drug_trafficking,normal,"[""No favorable"", ""Salida favorable""]"
13837,Metropolitana,DEF-0222,2.0,Consumado,32,yes,1,0.99831814,1,1,base,drug_trafficking,normal,"[""No favorable"", ""Salida favorable""]"
10870,La Araucanía,DEF-0583,3.0,Consumado,24,no,0,0.30165502,1,1,base,drug_trafficking,normal,"[""No favorable"", ""Salida favorable""]"
3235,Los Ríos,DEF-0299,1.0,Consumado,18,no,0,0.34520242,0,0,base,drug_trafficking,normal,"[""No favorable"", ""Salida favorable""]"
15151,La Araucanía,DEF-0607,4.0,Consumado,21,no,0,0.2990321,0,0,base,drug_trafficking,normal,"[""No favorable"", ""Salida favorable""]"
11718,Metropolitana,DEF-0008,12.0,Consumado,34,no,0,0.20247129,1,1,base,drug_trafficking,normal,"[""No favorable"", ""Salida favorable""]"
6038,Tarapacá,DEF-0188,3.0,Consumado,27,yes,1,0.9985118,1,1,base,drug_trafficking,normal,"[""No favorable"", ""Salida favorable""]"
4029,Antofagasta,DEF-0274,4.0,Consumado,29,yes,1,0.99764484,1,1,base,drug_trafficking,normal,"[""No favorable"", ""Salida favorable""]"
14180,Tarapacá,DEF-0252,6.0,Consumado,28,no,0,0.34243724,0,0,base,drug_trafficking,normal,"[""No favorable"", ""Salida favorable""]"
14057,Arica y Parinacota,DEF-0455,7.0,Consumado,18,no,0,0.21489617,0,0,base,drug_trafficking,normal,"[""No favorable"", ""Salida favorable""]"
9070,Tarapacá,DEF-0732,3.0,Consumado,20,yes,1,0.982535,1,1,base,drug_trafficking,normal,"[""No favorable"", ""Salida favorable""]"
589,Arica y Parinacota,DEF-0108,9.0,Consumado,24,no,0,0.310935,0,0,base,drug_trafficking,normal,"[""No favorable"", ""Salida favorable""]"
1767,Metropolitana,DEF-0498,6.0,Consumado,23,no,0,0.2994447,1,1,base,drug_trafficking,normal,"[""No favorable"", ""Salida favorable""]"
9358,Tarapacá,DEF-0106,4.0,Consumado,25,yes,1,0.999362,1,1,base,drug_trafficking,normal,"[""No favorable"", ""Salida favorable""]"
13116,Tarapacá,DEF-0251,2.0,Consumado,21,yes,1,0.9981213,1,1,base,drug_trafficking,normal,"[""No favorable"", ""Salida favorable""]"
3040,Metropolitana,DEF-0082,2.0,Consumado,27,no,0,0.27383775,0,0,base,drug_trafficking,normal,"[""No favorable"", ""Salida favorable""]"
6786,Atacama,DEF-0093,3.0,Consumado,18,yes,1,0.9993276,1,1,base,drug_trafficking,normal,"[""No favorable"", ""Salida favorable""]"
3326,La Araucanía,DEF-0611,7.0,Consumado,28,no,0,0.29985446,0,0,base,drug_trafficking,normal,"[""No favorable"", ""Salida favorable""]"
8381,Tarapacá,DEF-0270,5.0,Consumado,29,yes,1,0.99804544,1,1,base,drug_trafficking,normal,"[""No favorable"", ""Salida favorable""]"
6287,Bio Bío,DEF-0589,7.0,Consumado,18,no,0,0.3061249,0,0,base,drug_trafficking,normal,"[""No favorable"", ""Salida favorable""]"
794,Libertador Bernardo O'Higgins,DEF-0090,3.0,Consumado,21,no,0,0.37764516,0,0,base,drug_trafficking,normal,"[""No favorable"", ""Salida favorable""]"
3679,Arica y Parinacota,DEF-0083,11.0,Consumado,30,no,0,0.3070116,0,0,base,drug_trafficking,normal,"[""No favorable"", ""Salida favorable""]"
13929,La Araucanía,DEF-0422,2.0,Consumado,25,no,0,0.3288461,0,0,base,drug_trafficking,normal,"[""No favorable"", ""Salida favorable""]"
14219,Arica y Parinacota,DEF-0225,5.0,Consumado,26,no,0,0.26130173,0,0,base,drug_trafficking,normal,"[""No favorable"", ""Salida favorable""]"
5797,Metropolitana,DEF-0380,15.0,Consumado,41,no,0,0.32526514,0,0,base,drug_trafficking,normal,"[""No favorable"", ""Salida favorable""]"
7139,Atacama,DEF-0440,5.0,Consumado,23,yes,1,0.99816954,1,1,base,drug_trafficking,normal,"[""No favorable"", ""Salida favorable""]"
4834,Arica y Parinacota,DEF-0078,4.0,Consumado,18,yes,1,0.99938446,1,1,base,drug_trafficking,normal,"[""No favorable"", ""Salida favorable""]"
6591,Metropolitana,DEF-0112,5.0,Consumado,27,yes,1,0.99931026,1,1,base,drug_trafficking,normal,"[""No favorable"", ""Salida favorable""]"
3047,Valparaíso,DEF-0182,2.0,Consumado,34,no,0,0.34054166,0,0,base,drug_trafficking,normal,"[""No favorable"", ""Salida favorable""]"
5777,Metropolitana,DEF-0218,5.0,Consumado,32,no,0,0.35681376,0,0,base,drug_trafficking,normal,"[""No favorable"", ""Salida favorable""]"
8838,La Araucanía,DEF-0122,3.0,Consumado,22,no,0,0.43191978,0,0,base,drug_trafficking,normal,"[""No favorable"", ""Salida favorable""]"
1548,Arica y Parinacota,DEF-0029,9.0,Consumado,22,no,0,0.29217497,0,0,base,drug_trafficking,normal,"[""No favorable"", ""Salida favorable""]"
4235,Arica y Parinacota,DEF-0005,6.0,Consumado,23,yes,1,0.9994858,1,1,base,drug_trafficking,normal,"[""No favorable"", ""Salida favorable""]"
6095,Tarapacá,DEF-0660,7.0,Consumado,18,no,0,0.28330716,0,0,base,drug_trafficking,normal,"[""No favorable"", ""Salida favorable""]"
3125,La Araucanía,DEF-0127,5.0,Consumado,40,no,0,0.43676704,1,1,base,drug_trafficking,normal,"[""No favorable"", ""Salida favorable""]"
5446,Arica y Parinacota,DEF-0012,8.0,Consumado,27,no,0,0.25341496,1,1,base,drug_trafficking,normal,"[""No favorable"", ""Salida favorable""]"
31,Magallanes y Antártica Chilena,DEF-0028,3.0,Consumado,30,no,0,0.32589254,1,1,base,drug_trafficking,normal,"[""No favorable"", ""Salida favorable""]"
6700,Coquimbo,DEF-0081,3.0,Consumado,25,no,0,0.41293478,1,1,base,drug_trafficking,normal,"[""No favorable"", ""Salida favorable""]"
14625,Aysén,DEF-0917,32.0,Consumado,18,no,0,0.26185614,0,0,base,drug_trafficking,normal,"[""No favorable"", ""Salida favorable""]"
15558,Antofagasta,DEF-0821,6.0,Consumado,31,yes,1,0.98593116,1,1,base,drug_trafficking,normal,"[""No favorable"", ""Salida favorable""]"
3649,Tarapacá,DEF-0102,4.0,Consumado,28,yes,1,0.99938,1,1,base,drug_trafficking,normal,"[""No favorable"", ""Salida favorable""]"
11147,Atacama,DEF-0258,16.0,Consumado,35,yes,1,0.99862146,1,1,base,drug_trafficking,normal,"[""No favorable"", ""Salida favorable""]"
12108,Tarapacá,DEF-0190,9.0,Consumado,26,no,0,0.35970303,1,1,base,drug_trafficking,normal,"[""No favorable"", ""Salida favorable""]"
6625,Atacama,DEF-0054,8.0,Consumado,24,no,0,0.39388502,0,0,base,drug_trafficking,normal,"[""No favorable"", ""Salida favorable""]"
8856,Maule,DEF-0421,4.0,Consumado,35,no,0,0.3125607,1,1,base,drug_trafficking,normal,"[""No favorable"", ""Salida favorable""]"
15783,Antofagasta,DEF-0821,4.0,Consumado,30,yes,1,0.98603415,1,1,base,drug_trafficking,normal,"[""No favorable"", ""Salida favorable""]"
9319,Tarapacá,DEF-0124,7.0,Consumado,18,yes,1,0.9992483,1,1,base,drug_trafficking,normal,"[""No favorable"", ""Salida favorable""]"
3234,Tarapacá,DEF-0124,2.0,Consumado,24,yes,1,0.9992103,1,1,base,drug_trafficking,normal,"[""No favorable"", ""Salida favorable""]"
11996,Atacama,DEF-0505,3.0,Consumado,35,yes,1,0.99783653,1,1,base,drug_trafficking,normal,"[""No favorable"", ""Salida favorable""]"
1895,Tarapacá,DEF-0317,5.0,Consumado,22,yes,1,0.9978036,1,1,base,drug_trafficking,normal,"[""No favorable"", ""Salida favorable""]"
9039,Metropolitana,DEF-0558,11.0,Consumado,18,no,0,0.2945237,0,0,base,drug_trafficking,normal,"[""No favorable"", ""Salida favorable""]"
1073,Tarapacá,DEF-0113,6.0,Consumado,18,no,0,0.29864335,0,0,base,drug_trafficking,normal,"[""No favorable"", ""Salida favorable""]"
1679,La Araucanía,DEF-0488,4.0,Consumado,34,no,0,0.317395,0,0,base,drug_trafficking,normal,"[""No favorable"", ""Salida favorable""]"
16107,Coquimbo,DEF-0074,3.0,Consumado,23,no,0,0.4052597,0,0,base,drug_trafficking,normal,"[""No favorable"", ""Salida favorable""]"
9928,Valparaíso,DEF-0232,7.0,Consumado,18,no,0,0.34227026,0,0,base,drug_trafficking,normal,"[""No favorable"", ""Salida favorable""]"
7587,Tarapacá,DEF-0317,4.0,Consumado,36,yes,1,0.99776137,1,1,base,drug_trafficking,normal,"[""No favorable"", ""Salida favorable""]"
15983,Tarapacá,DEF-0913,5.0,Consumado,35,yes,1,0.9372237,1,1,base,drug_trafficking,normal,"[""No favorable"", ""Salida favorable""]"
4658,Tarapacá,DEF-0153,5.0,Consumado,27,no,0,0.34214148,0,0,base,drug_trafficking,normal,"[""No favorable"", ""Salida favorable""]"
14223,Valparaíso,DEF-0532,3.0,Consumado,18,no,0,0.29084635,0,0,base,drug_trafficking,normal,"[""No favorable"", ""Salida favorable""]"
9144,Metropolitana,DEF-0703,7.0,Consumado,22,no,0,0.2819122,1,1,base,drug_trafficking,normal,"[""No favorable"", ""Salida favorable""]"
16272,Tarapacá,DEF-0102,2.0,Consumado,18,yes,1,0.99939203,1,1,base,drug_trafficking,normal,"[""No favorable"", ""Salida favorable""]"
139,Arica y Parinacota,DEF-0078,13.0,Consumado,20,no,0,0.32150874,1,1,base,drug_trafficking,normal,"[""No favorable"", ""Salida favorable""]"
14799,Antofagasta,DEF-0166,5.0,Consumado,33,no,0,0.24855359,0,0,base,drug_trafficking,normal,"[""No favorable"", ""Salida favorable""]"
9716,Tarapacá,DEF-0301,6.0,Consumado,35,no,0,0.33093804,0,0,base,drug_trafficking,normal,"[""No favorable"", ""Salida favorable""]"
7330,Tarapacá,DEF-0732,5.0,Consumado,34,yes,1,0.98343253,1,1,base,drug_trafficking,normal,"[""No favorable"", ""Salida favorable""]"
16372,Tarapacá,DEF-0913,5.0,Consumado,18,yes,1,0.93529755,1,1,base,drug_trafficking,normal,"[""No favorable"", ""Salida favorable""]"
2728,Tarapacá,DEF-0073,4.0,Consumado,18,yes,1,0.99947894,1,1,base,drug_trafficking,normal,"[""No favorable"", ""Salida favorable""]"
2079,Metropolitana,DEF-0080,2.0,Consumado,50,no,0,0.26205328,0,0,base,drug_trafficking,normal,"[""No favorable"", ""Salida favorable""]"
388,Tarapacá,DEF-0190,8.0,Consumado,32,no,0,0.35855344,0,0,base,drug_trafficking,normal,"[""No favorable"", ""Salida favorable""]"
15496,Arica y Parinacota,DEF-0012,8.0,Consumado,24,yes,1,0.9995211,1,1,base,drug_trafficking,normal,"[""No favorable"", ""Salida favorable""]"
1429,Antofagasta,DEF-0461,3.0,Consumado,24,no,0,0.18531129,1,1,base,drug_trafficking,normal,"[""No favorable"", ""Salida favorable""]"
9539,Coquimbo,DEF-0051,3.0,Consumado,18,no,0,0.39607885,1,1,base,drug_trafficking,normal,"[""No favorable"", ""Salida favorable""]"
3556,Tarapacá,DEF-0124,2.0,Consumado,33,yes,1,0.99918514,1,1,base,drug_trafficking,normal,"[""No favorable"", ""Salida favorable""]"
8748,Valparaíso,DEF-0632,4.0,Consumado,18,no,0,0.28322563,1,1,base,drug_trafficking,normal,"[""No favorable"", ""Salida favorable""]"
5732,Tarapacá,DEF-0106,7.0,Consumado,23,no,0,0.28842467,0,0,base,drug_trafficking,normal,"[""No favorable"", ""Salida favorable""]"
2379,Tarapacá,DEF-0106,4.0,Consumado,42,no,0,0.2714808,0,0,base,drug_trafficking,normal,"[""No favorable"", ""Salida favorable""]"
15879,Coquimbo,DEF-0443,4.0,Consumado,33,no,0,0.33032364,0,0,base,drug_trafficking,normal,"[""No favorable"", ""Salida favorable""]"
599,Metropolitana,DEF-0020,8.0,Consumado,33,no,0,0.36733577,0,0,base,drug_trafficking,normal,"[""No favorable"", ""Salida favorable""]"
14840,Tarapacá,DEF-0301,7.0,Consumado,18,no,0,0.33037245,0,0,base,drug_trafficking,normal,"[""No favorable"", ""Salida favorable""]"
10869,Bio Bío,DEF-0697,1.0,Consumado,20,no,0,0.29138297,0,0,base,drug_trafficking,normal,"[""No favorable"", ""Salida favorable""]"
10822,Arica y Parinacota,DEF-0225,2.0,Consumado,28,no,0,0.25975397,0,0,base,drug_trafficking,normal,"[""No favorable"", ""Salida favorable""]"
13951,Tarapacá,DEF-0058,5.0,Consumado,40,no,0,0.28306973,0,0,base,drug_trafficking,normal,"[""No favorable"", ""Salida favorable""]"
13805,Valparaíso,DEF-0738,3.0,Consumado,32,no,0,0.27741072,1,1,base,drug_trafficking,normal,"[""No favorable"", ""Salida favorable""]"
5043,Tarapacá,DEF-0270,3.0,Consumado,27,yes,1,0.9980284,1,1,base,drug_trafficking,normal,"[""No favorable"", ""Salida favorable""]"
5181,La Araucanía,DEF-0713,2.0,Consumado,22,no,0,0.2880387,0,0,base,drug_trafficking,normal,"[""No favorable"", ""Salida favorable""]"
9333,Magallanes y Antártica Chilena,DEF-0828,11.0,Consumado,22,no,0,0.27792513,0,0,base,drug_trafficking,normal,"[""No favorable"", ""Salida favorable""]"
6254,Tarapacá,DEF-0102,5.0,Consumado,27,yes,1,0.99938494,1,1,base,drug_trafficking,normal,"[""No favorable"", ""Salida favorable""]"
11976,Arica y Parinacota,DEF-0012,5.0,Consumado,35,no,0,0.23318294,0,0,base,drug_trafficking,normal,"[""No favorable"", ""Salida favorable""]"
7437,Metropolitana,DEF-0694,5.0,Consumado,32,no,0,0.2821986,0,0,base,drug_trafficking,normal,"[""No favorable"", ""Salida favorable""]"
842,Libertador Bernardo O'Higgins,DEF-0351,8.0,Consumado,32,no,0,0.3485952,0,0,base,drug_trafficking,normal,"[""No favorable"", ""Salida favorable""]"
6445,Tarapacá,DEF-0533,3.0,Consumado,25,yes,1,0.99499416,1,1,base,drug_trafficking,normal,"[""No favorable"", ""Salida favorable""]"
1459,Valparaíso,DEF-0195,6.0,Consumado,34,yes,1,0.99842066,1,1,base,drug_trafficking,normal,"[""No favorable"", ""Salida favorable""]"
13963,Antofagasta,DEF-0084,4.0,Consumado,26,yes,1,0.9991157,1,1,base,drug_trafficking,normal,"[""No favorable"", ""Salida favorable""]"
5195,Tarapacá,DEF-0317,4.0,Consumado,35,yes,1,0.99776363,1,1,base,drug_trafficking,normal,"[""No favorable"", ""Salida favorable""]"
1808,Tarapacá,DEF-0106,6.0,Consumado,33,yes,1,0.99935234,1,1,base,drug_trafficking,normal,"[""No favorable"", ""Salida favorable""]"
15755,Antofagasta,DEF-0859,4.0,Consumado,35,no,0,0.1629719,0,0,base,drug_trafficking,normal,"[""No favorable"", ""Salida favorable""]"
12059,Atacama,DEF-0505,4.0,Consumado,19,no,0,0.2775157,0,0,base,drug_trafficking,normal,"[""No favorable"", ""Salida favorable""]"
9815,Arica y Parinacota,DEF-0235,6.0,Consumado,25,no,0,0.25857276,0,0,base,drug_trafficking,normal,"[""No favorable"", ""Salida favorable""]"
10009,Los Lagos,DEF-0720,12.0,Consumado,20,no,0,0.2869776,1,1,base,drug_trafficking,normal,"[""No favorable"", ""Salida favorable""]"
5835,Tarapacá,DEF-0301,3.0,Consumado,18,yes,1,0.9978784,1,1,base,drug_trafficking,normal,"[""No favorable"", ""Salida favorable""]"
9898,Valparaíso,DEF-0500,7.0,Consumado,29,no,0,0.29549557,0,0,base,drug_trafficking,normal,"[""No favorable"", ""Salida favorable""]"
2382,Atacama,DEF-0322,5.0,Consumado,32,no,0,0.3094122,1,1,base,drug_trafficking,normal,"[""No favorable"", ""Salida favorable""]"
12970,Tarapacá,DEF-0251,2.0,Consumado,40,yes,1,0.9980878,1,1,base,drug_trafficking,normal,"[""No favorable"", ""Salida favorable""]"
16665,Metropolitana,DEF-0022,0.0,Consumado,26,no,0,0.33804712,0,0,base,drug_trafficking,normal,"[""No favorable"", ""Salida favorable""]"
11051,Tarapacá,DEF-0732,2.0,Consumado,30,yes,1,0.98225325,1,1,base,drug_trafficking,normal,"[""No favorable"", ""Salida favorable""]"
7966,Metropolitana,DEF-0147,1.0,Consumado,21,no,0,0.34633133,0,0,base,drug_trafficking,normal,"[""No favorable"", ""Salida favorable""]"
9989,Tarapacá,DEF-0251,6.0,Consumado,18,yes,1,0.9981644,1,1,base,drug_trafficking,normal,"[""No favorable"", ""Salida favorable""]"
8730,Coquimbo,DEF-0555,3.0,Consumado,21,yes,1,0.9971279,1,1,base,drug_trafficking,normal,"[""No favorable"", ""Salida favorable""]"
16662,Bio Bío,DEF-0506,0.0,Consumado,28,no,0,0.3166853,0,0,base,drug_trafficking,normal,"[""No favorable"", ""Salida favorable""]"
16082,Tarapacá,DEF-0660,3.0,Consumado,26,yes,1,0.9894773,1,1,base,drug_trafficking,normal,"[""No favorable"", ""Salida favorable""]"
11982,Metropolitana,DEF-0061,1.0,Consumado,18,yes,1,0.9994852,1,1,base,drug_trafficking,normal,"[""No favorable"", ""Salida favorable""]"
15067,Antofagasta,DEF-0766,4.0,Consumado,42,yes,1,0.98832285,1,1,base,drug_trafficking,normal,"[""No favorable"", ""Salida favorable""]"
2621,Valparaíso,DEF-0048,7.0,Consumado,27,no,0,0.30567887,0,0,base,drug_trafficking,normal,"[""No favorable"", ""Salida favorable""]"
7113,Metropolitana,DEF-0776,1.0,Consumado,18,no,0,0.16376829,1,1,base,drug_trafficking,normal,"[""No favorable"", ""Salida favorable""]"
3616,Metropolitana,DEF-0390,4.0,Consumado,23,no,0,0.31392255,1,1,base,drug_trafficking,normal,"[""No favorable"", ""Salida favorable""]"
1989,Tarapacá,DEF-0106,5.0,Consumado,24,no,0,0.2836937,0,0,base,drug_trafficking,normal,"[""No favorable"", ""Salida favorable""]"
10332,Tarapacá,DEF-0102,6.0,Consumado,18,yes,1,0.99940354,1,1,base,drug_trafficking,normal,"[""No favorable"", ""Salida favorable""]"
11155,Valparaíso,DEF-0532,3.0,Consumado,29,no,0,0.29102275,0,0,base,drug_trafficking,normal,"[""No favorable"", ""Salida favorable""]"
12570,Atacama,DEF-0440,2.0,Consumado,28,no,0,0.28319177,0,0,base,drug_trafficking,normal,"[""No favorable"", ""Salida favorable""]"
10224,Metropolitana,DEF-0248,3.0,Consumado,49,no,0,0.34834298,0,0,base,drug_trafficking,normal,"[""No favorable"", ""Salida favorable""]"
5368,Tarapacá,DEF-0100,7.0,Consumado,26,yes,1,0.99940294,1,1,base,drug_trafficking,normal,"[""No favorable"", ""Salida favorable""]"
678,Los Lagos,DEF-0186,22.0,Consumado,25,no,0,0.43667653,1,1,base,drug_trafficking,normal,"[""No favorable"", ""Salida favorable""]"
15670,Tarapacá,DEF-0202,9.0,Consumado,23,no,0,0.35784212,0,0,base,drug_trafficking,normal,"[""No favorable"", ""Salida favorable""]"
4397,Tarapacá,DEF-0100,3.0,Consumado,36,yes,1,0.99937224,1,1,base,drug_trafficking,normal,"[""No favorable"", ""Salida favorable""]"
11587,Los Lagos,DEF-0143,3.0,Consumado,45,no,0,0.402178,0,0,base,drug_trafficking,normal,"[""No favorable"", ""Salida favorable""]"
10867,Bio Bío,DEF-0697,1.0,Consumado,28,no,0,0.2911861,0,0,base,drug_trafficking,normal,"[""No favorable"", ""Salida favorable""]"
14299,Tarapacá,DEF-0190,11.0,Consumado,25,no,0,0.36260659,0,0,base,drug_trafficking,normal,"[""No favorable"", ""Salida favorable""]"
15915,Tarapacá,DEF-0202,7.0,Consumado,22,yes,1,0.9984418,1,1,base,drug_trafficking,normal,"[""No favorable"", ""Salida favorable""]"
8529,Tarapacá,DEF-0106,5.0,Consumado,18,yes,1,0.9993784,1,1,base,drug_trafficking,normal,"[""No favorable"", ""Salida favorable""]"
567,Arica y Parinacota,DEF-0224,19.0,Consumado,25,no,0,0.26646155,1,1,base,drug_trafficking,normal,"[""No favorable"", ""Salida favorable""]"
12999,Valparaíso,DEF-0641,16.0,Consumado,21,no,0,0.28543782,0,0,base,drug_trafficking,normal,"[""No favorable"", ""Salida favorable""]"
16298,Tarapacá,DEF-0660,5.0,Consumado,33,yes,1,0.9898704,1,1,base,drug_trafficking,normal,"[""No favorable"", ""Salida favorable""]"
11285,Antofagasta,DEF-0781,5.0,Consumado,37,yes,1,0.9880673,1,1,base,drug_trafficking,normal,"[""No favorable"", ""Salida favorable""]"
5317,Antofagasta,DEF-0041,5.0,Consumado,25,no,0,0.2562672,1,1,base,drug_trafficking,normal,"[""No favorable"", ""Salida favorable""]"
12625,Tarapacá,DEF-0660,12.0,Consumado,19,no,0,0.28441614,0,0,base,drug_trafficking,normal,"[""No favorable"", ""Salida favorable""]"
1155,Antofagasta,DEF-0419,4.0,Consumado,27,no,0,0.18992579,0,0,base,drug_trafficking,normal,"[""No favorable"", ""Salida favorable""]"
3568,Tarapacá,DEF-0188,2.0,Consumado,43,yes,1,0.9984634,1,1,base,drug_trafficking,normal,"[""No favorable"", ""Salida favorable""]"
792,Libertador Bernardo O'Higgins,DEF-0050,17.0,Consumado,25,no,0,0.41062027,0,0,base,drug_trafficking,normal,"[""No favorable"", ""Salida favorable""]"
7679,Tarapacá,DEF-0106,6.0,Consumado,28,no,0,0.2832579,1,1,base,drug_trafficking,normal,"[""No favorable"", ""Salida favorable""]"
8652,Tarapacá,DEF-0106,6.0,Consumado,21,yes,1,0.999376,1,1,base,drug_trafficking,normal,"[""No favorable"", ""Salida favorable""]"
6059,Metropolitana,DEF-0193,1.0,Consumado,33,no,0,0.35675195,0,0,base,drug_trafficking,normal,"[""No favorable"", ""Salida favorable""]"
16594,Metropolitana,DEF-0139,2.0,Consumado,22,no,0,0.3404108,0,0,base,drug_trafficking,normal,"[""No favorable"", ""Salida favorable""]"
16187,Valparaíso,DEF-0062,6.0,Consumado,25,no,0,0.29347777,0,0,base,drug_trafficking,normal,"[""No favorable"", ""Salida favorable""]"
9809,Tarapacá,DEF-0270,7.0,Consumado,18,yes,1,0.9980845,1,1,base,drug_trafficking,normal,"[""No favorable"", ""Salida favorable""]"
13157,Tarapacá,DEF-0301,7.0,Consumado,18,yes,1,0.9979289,1,1,base,drug_trafficking,normal,"[""No favorable"", ""Salida favorable""]"
3243,Metropolitana,DEF-0082,7.0,Consumado,24,no,0,0.28649274,1,1,base,drug_trafficking,normal,"[""No favorable"", ""Salida favorable""]"
213,Valparaíso,DEF-0062,2.0,Consumado,21,no,0,0.28843665,1,1,base,drug_trafficking,normal,"[""No favorable"", ""Salida favorable""]"
2156,Antofagasta,DEF-0268,10.0,Consumado,31,no,0,0.22051163,0,0,base,drug_trafficking,normal,"[""No favorable"", ""Salida favorable""]"
2104,Arica y Parinacota,DEF-0078,6.0,Consumado,20,yes,1,0.99938273,1,1,base,drug_trafficking,normal,"[""No favorable"", ""Salida favorable""]"
13421,Antofagasta,DEF-0059,14.0,Consumado,22,no,0,0.28866458,1,1,base,drug_trafficking,normal,"[""No favorable"", ""Salida favorable""]"
6456,Arica y Parinacota,DEF-0346,11.0,Consumado,36,no,0,0.22259276,0,0,base,drug_trafficking,normal,"[""No favorable"", ""Salida favorable""]"
1843,Libertador Bernardo O'Higgins,DEF-0091,7.0,Consumado,36,no,0,0.3812809,0,0,base,drug_trafficking,normal,"[""No favorable"", ""Salida favorable""]"
12293,Los Lagos,DEF-0186,9.0,Consumado,23,no,0,0.40705374,0,0,base,drug_trafficking,normal,"[""No favorable"", ""Salida favorable""]"
11803,Metropolitana,DEF-0043,10.0,Consumado,19,no,0,0.34275237,0,0,base,drug_trafficking,normal,"[""No favorable"", ""Salida favorable""]"
8915,Arica y Parinacota,DEF-0383,14.0,Consumado,25,no,0,0.22028115,0,0,base,drug_trafficking,normal,"[""No favorable"", ""Salida favorable""]"
11305,Tarapacá,DEF-0073,5.0,Consumado,31,yes,1,0.99946463,1,1,base,drug_trafficking,normal,"[""No favorable"", ""Salida favorable""]"
1981,Valparaíso,DEF-0016,8.0,Consumado,34,no,0,0.37030333,0,0,base,drug_trafficking,normal,"[""No favorable"", ""Salida favorable""]"
11420,Tarapacá,DEF-0058,6.0,Consumado,18,yes,1,0.99948007,1,1,base,drug_trafficking,normal,"[""No favorable"", ""Salida favorable""]"
3938,Antofagasta,DEF-0084,5.0,Consumado,28,no,0,0.27050343,0,0,base,drug_trafficking,normal,"[""No favorable"", ""Salida favorable""]"
3188,Metropolitana,DEF-0082,2.0,Consumado,18,no,0,0.27963933,0,0,base,drug_trafficking,normal,"[""No favorable"", ""Salida favorable""]"
5996,Metropolitana,DEF-0548,8.0,Consumado,39,no,0,0.29523164,0,0,base,drug_trafficking,normal,"[""No favorable"", ""Salida favorable""]"
3758,Coquimbo,DEF-0081,6.0,Consumado,32,no,0,0.41886908,1,1,base,drug_trafficking,normal,"[""No favorable"", ""Salida favorable""]"
16236,Metropolitana,DEF-0479,5.0,Consumado,20,no,0,0.30115002,0,0,base,drug_trafficking,normal,"[""No favorable"", ""Salida favorable""]"
5385,Los Lagos,DEF-0025,10.0,Consumado,30,no,0,0.36642092,1,1,base,drug_trafficking,normal,"[""No favorable"", ""Salida favorable""]"
11484,Tarapacá,DEF-0102,5.0,Consumado,44,yes,1,0.9993501,1,1,base,drug_trafficking,normal,"[""No favorable"", ""Salida favorable""]"
11636,Tarapacá,DEF-0529,8.0,Consumado,18,no,0,0.2945581,0,0,base,drug_trafficking,normal,"[""No favorable"", ""Salida favorable""]"
8628,Tarapacá,DEF-0069,7.0,Consumado,40,no,0,0.27722165,0,0,base,drug_trafficking,normal,"[""No favorable"", ""Salida favorable""]"
6317,Arica y Parinacota,DEF-0234,7.0,Consumado,26,yes,1,0.99853355,1,1,base,drug_trafficking,normal,"[""No favorable"", ""Salida favorable""]"
8128,Tarapacá,DEF-0165,7.0,Consumado,25,yes,1,0.99877626,1,1,base,drug_trafficking,normal,"[""No favorable"", ""Salida favorable""]"
12895,Metropolitana,DEF-0096,3.0,Consumado,21,no,0,0.28620228,0,0,base,drug_trafficking,normal,"[""No favorable"", ""Salida favorable""]"
4506,Metropolitana,DEF-0096,3.0,Consumado,31,no,0,0.27985203,0,0,base,drug_trafficking,normal,"[""No favorable"", ""Salida favorable""]"
2771,Metropolitana,DEF-0271,16.0,Consumado,20,no,0,0.35277072,0,0,base,drug_trafficking,normal,"[""No favorable"", ""Salida favorable""]"
8407,Metropolitana,DEF-0157,7.0,Consumado,26,no,0,0.36167145,1,1,base,drug_trafficking,normal,"[""No favorable"", ""Salida favorable""]"
15701,Tarapacá,DEF-0190,6.0,Consumado,36,yes,1,0.9984935,1,1,base,drug_trafficking,normal,"[""No favorable"", ""Salida favorable""]"
12452,Metropolitana,DEF-0047,4.0,Consumado,27,no,0,0.30843067,0,0,base,drug_trafficking,normal,"[""No favorable"", ""Salida favorable""]"
11003,Tarapacá,DEF-0058,5.0,Consumado,18,yes,1,0.99947834,1,1,base,drug_trafficking,normal,"[""No favorable"", ""Salida favorable""]"
15572,Tarapacá,DEF-0202,8.0,Consumado,39,yes,1,0.9984094,1,1,base,drug_trafficking,normal,"[""No favorable"", ""Salida favorable""]"
14301,Arica y Parinacota,DEF-0225,5.0,Consumado,25,no,0,0.26204214,0,0,base,drug_trafficking,normal,"[""No favorable"", ""Salida favorable""]"
11423,Metropolitana,DEF-0184,8.0,Consumado,27,no,0,0.3675065,1,1,base,drug_trafficking,normal,"[""No favorable"", ""Salida favorable""]"
14142,Metropolitana,DEF-0047,0.0,Consumado,35,no,0,0.2864106,0,0,base,drug_trafficking,normal,"[""No favorable"", ""Salida favorable""]"
10287,Valparaíso,DEF-0182,4.0,Consumado,22,no,0,0.34398344,0,0,base,drug_trafficking,normal,"[""No favorable"", ""Salida favorable""]"
13167,Ñuble,DEF-0654,3.0,Consumado,19,no,0,0.28058663,0,0,base,drug_trafficking,normal,"[""No favorable"", ""Salida favorable""]"
1936,Coquimbo,DEF-0402,7.0,Consumado,20,yes,1,0.99814767,1,1,base,drug_trafficking,normal,"[""No favorable"", ""Salida favorable""]"
13051,Los Lagos,DEF-0646,13.0,Consumado,18,no,0,0.29372856,1,1,base,drug_trafficking,normal,"[""No favorable"", ""Salida favorable""]"
5603,La Araucanía,DEF-0726,2.0,Consumado,28,no,0,0.28699565,0,0,base,drug_trafficking,normal,"[""No favorable"", ""Salida favorable""]"
1431,Arica y Parinacota,DEF-0078,10.0,Consumado,27,yes,1,0.9993709,1,1,base,drug_trafficking,normal,"[""No favorable"", ""Salida favorable""]"
11215,Tarapacá,DEF-0188,18.0,Consumado,26,no,0,0.37434483,1,1,base,drug_trafficking,normal,"[""No favorable"", ""Salida favorable""]"
8816,Valparaíso,DEF-0277,3.0,Consumado,23,no,0,0.32857803,0,0,base,drug_trafficking,normal,"[""No favorable"", ""Salida favorable""]"
1836,Arica y Parinacota,DEF-0230,23.0,Consumado,35,no,0,0.26258296,0,0,base,drug_trafficking,normal,"[""No favorable"", ""Salida favorable""]"
9955,Bio Bío,DEF-0639,4.0,Consumado,27,no,0,0.29814446,1,1,base,drug_trafficking,normal,"[""No favorable"", ""Salida favorable""]"
9618,Metropolitana,DEF-0674,10.0,Consumado,18,no,0,0.28423837,0,0,base,drug_trafficking,normal,"[""No favorable"", ""Salida favorable""]"
2084,Tarapacá,DEF-0124,5.0,Consumado,18,yes,1,0.9992396,1,1,base,drug_trafficking,normal,"[""No favorable"", ""Salida favorable""]"
15462,Antofagasta,DEF-0290,4.0,Consumado,23,yes,1,0.99770755,1,1,base,drug_trafficking,normal,"[""No favorable"", ""Salida favorable""]"
15322,Los Lagos,DEF-0931,5.0,Consumado,18,no,0,0.27471074,0,0,base,drug_trafficking,normal,"[""No favorable"", ""Salida favorable""]"
6627,Metropolitana,DEF-0511,13.0,Consumado,45,no,0,0.30218786,0,0,base,drug_trafficking,normal,"[""No favorable"", ""Salida favorable""]"
2660,Los Ríos,DEF-0299,10.0,Consumado,25,no,0,0.35534143,0,0,base,drug_trafficking,normal,"[""No favorable"", ""Salida favorable""]"
15281,Valparaíso,DEF-0073,3.0,Consumado,32,no,0,0.2653421,0,0,base,drug_trafficking,normal,"[""No favorable"", ""Salida favorable""]"
7994,Tarapacá,DEF-0301,3.0,Consumado,27,yes,1,0.99786353,1,1,base,drug_trafficking,normal,"[""No favorable"", ""Salida favorable""]"
11199,Tarapacá,DEF-0102,5.0,Consumado,26,yes,1,0.9993868,1,1,base,drug_trafficking,normal,"[""No favorable"", ""Salida favorable""]"
13898,Metropolitana,DEF-0795,6.0,Consumado,22,no,0,0.27700025,0,0,base,drug_trafficking,normal,"[""No favorable"", ""Salida favorable""]"
8452,Ñuble,DEF-0254,8.0,Consumado,42,no,0,0.3352571,0,0,base,drug_trafficking,normal,"[""No favorable"", ""Salida favorable""]"
11752,La Araucanía,DEF-0570,0.0,Consumado,32,no,0,0.30232155,1,1,base,drug_trafficking,normal,"[""No favorable"", ""Salida favorable""]"
10042,Arica y Parinacota,DEF-0455,10.0,Consumado,25,yes,1,0.99797475,1,1,base,drug_trafficking,normal,"[""No favorable"", ""Salida favorable""]"
4795,Maule,DEF-0329,10.0,Consumado,18,no,0,0.33493686,1,1,base,drug_trafficking,normal,"[""No favorable"", ""Salida favorable""]"
9291,Metropolitana,DEF-0730,4.0,Consumado,18,no,0,0.27976555,0,0,base,drug_trafficking,normal,"[""No favorable"", ""Salida favorable""]"
6534,Bio Bío,DEF-0287,6.0,Consumado,21,no,0,0.3876514,1,1,base,drug_trafficking,normal,"[""No favorable"", ""Salida favorable""]"
47,Antofagasta,DEF-0041,10.0,Consumado,25,no,0,0.26932397,1,1,base,drug_trafficking,normal,"[""No favorable"", ""Salida favorable""]"
13309,Maule,DEF-0889,5.0,Consumado,27,no,0,0.27410048,1,1,base,drug_trafficking,normal,"[""No favorable"", ""Salida favorable""]"
5470,Aysén,DEF-0424,13.0,Consumado,21,no,0,0.33755922,1,1,base,drug_trafficking,normal,"[""No favorable"", ""Salida favorable""]"
14777,Antofagasta,DEF-0922,3.0,Consumado,34,no,0,0.16183238,0,0,base,drug_trafficking,normal,"[""No favorable"", ""Salida favorable""]"
12913,Valparaíso,DEF-0304,6.0,Consumado,18,no,0,0.32472524,1,1,base,drug_trafficking,normal,"[""No favorable"", ""Salida favorable""]"
2048,Metropolitana,DEF-0519,3.0,Consumado,18,no,0,0.2959485,0,0,base,drug_trafficking,normal,"[""No favorable"", ""Salida favorable""]"
12926,Magallanes y Antártica Chilena,DEF-0648,6.0,Consumado,34,no,0,0.28829864,0,0,base,drug_trafficking,normal,"[""No favorable"", ""Salida favorable""]"
12944,Tarapacá,DEF-0251,4.0,Consumado,23,yes,1,0.9981377,1,1,base,drug_trafficking,normal,"[""No favorable"", ""Salida favorable""]"
14279,Arica y Parinacota,DEF-0906,6.0,Consumado,39,yes,1,0.9862102,1,1,base,drug_trafficking,normal,"[""No favorable"", ""Salida favorable""]"
2905,Valparaíso,DEF-0295,3.0,Consumado,38,no,0,0.165117,1,1,base,drug_trafficking,normal,"[""No favorable"", ""Salida favorable""]"
8006,Ñuble,DEF-0204,1.0,Consumado,29,no,0,0.3345016,0,0,base,drug_trafficking,normal,"[""No favorable"", ""Salida favorable""]"
8693,Tarapacá,DEF-0732,3.0,Consumado,18,yes,1,0.9825082,1,1,base,drug_trafficking,normal,"[""No favorable"", ""Salida favorable""]"
12796,Tarapacá,DEF-0058,4.0,Consumado,19,yes,1,0.9994754,1,1,base,drug_trafficking,normal,"[""No favorable"", ""Salida favorable""]"
6417,Valparaíso,DEF-0500,5.0,Consumado,18,no,0,0.29450133,1,1,base,drug_trafficking,normal,"[""No favorable"", ""Salida favorable""]"
16196,Tarapacá,DEF-0660,4.0,Consumado,33,yes,1,0.9896784,1,1,base,drug_trafficking,normal,"[""No favorable"", ""Salida favorable""]"
11919,Tarapacá,DEF-0073,5.0,Consumado,35,yes,1,0.99945915,1,1,base,drug_trafficking,normal,"[""No favorable"", ""Salida favorable""]"
15931,Valparaíso,DEF-0773,3.0,Consumado,24,no,0,0.27594045,0,0,base,drug_trafficking,normal,"[""No favorable"", ""Salida favorable""]"
6335,Tarapacá,DEF-0188,2.0,Consumado,28,yes,1,0.99850184,1,1,base,drug_trafficking,normal,"[""No favorable"", ""Salida favorable""]"
16566,Metropolitana,DEF-0195,1.0,Consumado,18,no,0,0.35610765,1,1,base,drug_trafficking,normal,"[""No favorable"", ""Salida favorable""]"
14801,Metropolitana,DEF-0792,10.0,Consumado,20,no,0,0.27769965,1,1,base,drug_trafficking,normal,"[""No favorable"", ""Salida favorable""]"
8952,Ñuble,DEF-0392,5.0,Consumado,28,no,0,0.30549517,0,0,base,drug_trafficking,normal,"[""No favorable"", ""Salida favorable""]"
10808,Coquimbo,DEF-0066,4.0,Consumado,18,no,0,0.40585852,1,1,base,drug_trafficking,normal,"[""No favorable"", ""Salida favorable""]"
2109,Antofagasta,DEF-0461,9.0,Consumado,24,yes,1,0.99678165,1,1,base,drug_trafficking,normal,"[""No favorable"", ""Salida favorable""]"
15896,Bio Bío,DEF-0128,2.0,Consumado,30,no,0,0.4626642,1,1,base,drug_trafficking,normal,"[""No favorable"", ""Salida favorable""]"
3729,Tarapacá,DEF-0188,2.0,Consumado,36,yes,1,0.99848175,1,1,base,drug_trafficking,normal,"[""No favorable"", ""Salida favorable""]"
14032,Metropolitana,DEF-0757,12.0,Consumado,23,no,0,0.2797692,1,1,base,drug_trafficking,normal,"[""No favorable"", ""Salida favorable""]"
5974,Atacama,DEF-0093,4.0,Consumado,40,yes,1,0.9992866,1,1,base,drug_trafficking,normal,"[""No favorable"", ""Salida favorable""]"
543,Libertador Bernardo O'Higgins,DEF-0209,12.0,Consumado,26,no,0,0.41261086,1,1,base,drug_trafficking,normal,"[""No favorable"", ""Salida favorable""]"
2494,Antofagasta,DEF-0084,5.0,Consumado,18,no,0,0.27467746,0,0,base,drug_trafficking,normal,"[""No favorable"", ""Salida favorable""]"
13043,Tarapacá,DEF-0660,7.0,Consumado,28,yes,1,0.9902477,1,1,base,drug_trafficking,normal,"[""No favorable"", ""Salida favorable""]"
16185,Tarapacá,DEF-0660,6.0,Consumado,36,yes,1,0.9900489,1,1,base,drug_trafficking,normal,"[""No favorable"", ""Salida favorable""]"
1169,Antofagasta,DEF-0059,4.0,Consumado,48,no,0,0.2474924,1,1,base,drug_trafficking,normal,"[""No favorable"", ""Salida favorable""]"
1478,Arica y Parinacota,DEF-0005,10.0,Consumado,28,no,0,0.2196462,0,0,base,drug_trafficking,normal,"[""No favorable"", ""Salida favorable""]"
9788,La Araucanía,DEF-0227,4.0,Consumado,19,no,0,0.39761198,0,0,base,drug_trafficking,normal,"[""No favorable"", ""Salida favorable""]"
10345,Los Ríos,DEF-0452,5.0,Consumado,26,no,0,0.31392896,0,0,base,drug_trafficking,normal,"[""No favorable"", ""Salida favorable""]"
15084,Antofagasta,DEF-0821,4.0,Consumado,27,yes,1,0.98649454,1,1,base,drug_trafficking,normal,"[""No favorable"", ""Salida favorable""]"
7345,Tarapacá,DEF-0106,11.0,Consumado,34,yes,1,0.99936634,1,1,base,drug_trafficking,normal,"[""No favorable"", ""Salida favorable""]"
12894,Tarapacá,DEF-0202,14.0,Consumado,27,no,0,0.36535636,1,1,base,drug_trafficking,normal,"[""No favorable"", ""Salida favorable""]"
2381,Tarapacá,DEF-0188,5.0,Consumado,25,no,0,0.35415077,0,0,base,drug_trafficking,normal,"[""No favorable"", ""Salida favorable""]"
5327,Tarapacá,DEF-0270,4.0,Consumado,24,yes,1,0.99804395,1,1,base,drug_trafficking,normal,"[""No favorable"", ""Salida favorable""]"
6,Metropolitana,DEF-0007,2.0,Consumado,23,no,0,0.17153381,1,1,base,drug_trafficking,normal,"[""No favorable"", ""Salida favorable""]"
14282,Arica y Parinacota,DEF-0455,4.0,Consumado,18,no,0,0.2162941,1,1,base,drug_trafficking,normal,"[""No favorable"", ""Salida favorable""]"
9847,Metropolitana,DEF-0616,5.0,Consumado,28,no,0,0.28748125,1,1,base,drug_trafficking,normal,"[""No favorable"", ""Salida favorable""]"
15031,Metropolitana,DEF-0898,6.0,Consumado,33,yes,1,0.95212126,1,1,base,drug_trafficking,normal,"[""No favorable"", ""Salida favorable""]"
16036,Atacama,DEF-0142,2.0,Consumado,23,no,0,0.40515274,0,0,base,drug_trafficking,normal,"[""No favorable"", ""Salida favorable""]"
8052,Coquimbo,DEF-0323,4.0,Consumado,34,no,0,0.3658219,1,1,base,drug_trafficking,normal,"[""No favorable"", ""Salida favorable""]"
7579,Coquimbo,DEF-0397,10.0,Consumado,28,no,0,0.34701502,1,1,base,drug_trafficking,normal,"[""No favorable"", ""Salida favorable""]"
137,Metropolitana,DEF-0103,5.0,Consumado,30,no,0,0.29226726,1,1,base,drug_trafficking,normal,"[""No favorable"", ""Salida favorable""]"
2405,Valparaíso,DEF-0417,6.0,Consumado,27,no,0,0.3052001,0,0,base,drug_trafficking,normal,"[""No favorable"", ""Salida favorable""]"
2190,Coquimbo,DEF-0336,4.0,Consumado,24,no,0,0.3600055,1,1,base,drug_trafficking,normal,"[""No favorable"", ""Salida favorable""]"
16408,Tarapacá,DEF-0913,6.0,Consumado,25,yes,1,0.9377148,1,1,base,drug_trafficking,normal,"[""No favorable"", ""Salida favorable""]"
14420,Arica y Parinacota,DEF-0140,7.0,Consumado,18,no,0,0.30351654,0,0,base,drug_trafficking,normal,"[""No favorable"", ""Salida favorable""]"
9757,Tarapacá,DEF-0106,7.0,Consumado,18,yes,1,0.9993844,1,1,base,drug_trafficking,normal,"[""No favorable"", ""Salida favorable""]"
13248,Ñuble,DEF-0590,2.0,Consumado,18,no,0,0.28439814,0,0,base,drug_trafficking,normal,"[""No favorable"", ""Salida favorable""]"
13848,Metropolitana,DEF-0082,0.0,Consumado,39,no,0,0.26333958,0,0,base,drug_trafficking,normal,"[""No favorable"", ""Salida favorable""]"
12414,Arica y Parinacota,DEF-0236,16.0,Consumado,23,yes,1,0.9985187,1,1,base,drug_trafficking,normal,"[""No favorable"", ""Salida favorable""]"
12325,Metropolitana,DEF-0698,1.0,Consumado,24,no,0,0.28112438,0,0,base,drug_trafficking,normal,"[""No favorable"", ""Salida favorable""]"
3405,Metropolitana,DEF-0222,7.0,Consumado,32,no,0,0.3585441,0,0,base,drug_trafficking,normal,"[""No favorable"", ""Salida favorable""]"
13163,Bio Bío,DEF-0506,8.0,Consumado,18,no,0,0.32138452,0,0,base,drug_trafficking,normal,"[""No favorable"", ""Salida favorable""]"
14036,Arica y Parinacota,DEF-0031,8.0,Consumado,24,no,0,0.28690803,0,0,base,drug_trafficking,normal,"[""No favorable"", ""Salida favorable""]"
7029,Tarapacá,DEF-0106,4.0,Consumado,18,yes,1,0.9993753,1,1,base,drug_trafficking,normal,"[""No favorable"", ""Salida favorable""]"
10165,Atacama,DEF-0482,6.0,Consumado,26,yes,1,0.99799585,1,1,base,drug_trafficking,normal,"[""No favorable"", ""Salida favorable""]"
8479,Tarapacá,DEF-0102,6.0,Consumado,18,no,0,0.28522936,0,0,base,drug_trafficking,normal,"[""No favorable"", ""Salida favorable""]"
9760,Coquimbo,DEF-0051,10.0,Consumado,26,no,0,0.4173103,0,0,base,drug_trafficking,normal,"[""No favorable"", ""Salida favorable""]"
5225,Antofagasta,DEF-0041,5.0,Consumado,30,yes,1,0.99941784,1,1,base,drug_trafficking,normal,"[""No favorable"", ""Salida favorable""]"
3412,Maule,DEF-0130,3.0,Consumado,30,no,0,0.34504265,1,1,base,drug_trafficking,normal,"[""No favorable"", ""Salida favorable""]"
12965,Ñuble,DEF-0654,6.0,Consumado,30,no,0,0.2812365,1,1,base,drug_trafficking,normal,"[""No favorable"", ""Salida favorable""]"
13969,Antofagasta,DEF-0683,10.0,Consumado,25,no,0,0.16968837,0,0,base,drug_trafficking,normal,"[""No favorable"", ""Salida favorable""]"
6677,Valparaíso,DEF-0425,9.0,Consumado,21,no,0,0.305238,1,1,base,drug_trafficking,normal,"[""No favorable"", ""Salida favorable""]"
11939,Tarapacá,DEF-0106,6.0,Consumado,18,no,0,0.2895962,0,0,base,drug_trafficking,normal,"[""No favorable"", ""Salida favorable""]"
8080,Metropolitana,DEF-0008,2.0,Consumado,18,no,0,0.17956708,0,0,base,drug_trafficking,normal,"[""No favorable"", ""Salida favorable""]"
16088,Tarapacá,DEF-0884,3.0,Consumado,34,yes,1,0.94666463,1,1,base,drug_trafficking,normal,"[""No favorable"", ""Salida favorable""]"
10581,Tarapacá,DEF-0102,3.0,Consumado,40,yes,1,0.9993521,1,1,base,drug_trafficking,normal,"[""No favorable"", ""Salida favorable""]"
16115,Arica y Parinacota,DEF-0309,6.0,Consumado,19,yes,1,0.99842906,1,1,base,drug_trafficking,normal,"[""No favorable"", ""Salida favorable""]"
14832,Los Lagos,DEF-0646,9.0,Consumado,46,no,0,0.29324937,1,1,base,drug_trafficking,normal,"[""No favorable"", ""Salida favorable""]"
4251,Atacama,DEF-0064,5.0,Consumado,43,no,0,0.35176998,0,0,base,drug_trafficking,normal,"[""No favorable"", ""Salida favorable""]"
11416,Atacama,DEF-0322,5.0,Consumado,25,no,0,0.31617525,0,0,base,drug_trafficking,normal,"[""No favorable"", ""Salida favorable""]"
2343,Metropolitana,DEF-0250,5.0,Consumado,24,no,0,0.3470876,0,0,base,drug_trafficking,normal,"[""No favorable"", ""Salida favorable""]"
13202,Metropolitana,DEF-0008,0.0,Consumado,28,no,0,0.17517014,0,0,base,drug_trafficking,normal,"[""No favorable"", ""Salida favorable""]"
8901,Antofagasta,DEF-0023,5.0,Consumado,33,yes,1,0.9994489,1,1,base,drug_trafficking,normal,"[""No favorable"", ""Salida favorable""]"
3383,Los Ríos,DEF-0565,6.0,Consumado,34,no,0,0.29855087,1,1,base,drug_trafficking,normal,"[""No favorable"", ""Salida favorable""]"
11132,Coquimbo,DEF-0402,7.0,Consumado,30,no,0,0.34265077,1,1,base,drug_trafficking,normal,"[""No favorable"", ""Salida favorable""]"
13737,Maule,DEF-0383,4.0,Consumado,33,no,0,0.3192079,1,1,base,drug_trafficking,normal,"[""No favorable"", ""Salida favorable""]"
13549,Metropolitana,DEF-0243,8.0,Consumado,22,no,0,0.3522763,0,0,base,drug_trafficking,normal,"[""No favorable"", ""Salida favorable""]"
14900,Tarapacá,DEF-0106,7.0,Frustrado,19,yes,1,0.9994785,1,1,base,drug_trafficking,normal,"[""No favorable"", ""Salida favorable""]"
8166,Coquimbo,DEF-0074,3.0,Consumado,33,no,0,0.39571914,1,1,base,drug_trafficking,normal,"[""No favorable"", ""Salida favorable""]"
5455,Antofagasta,DEF-0014,3.0,Consumado,26,yes,1,0.9994581,1,1,base,drug_trafficking,normal,"[""No favorable"", ""Salida favorable""]"
13906,Metropolitana,DEF-0905,13.0,Consumado,33,no,0,0.17783342,1,1,base,drug_trafficking,normal,"[""No favorable"", ""Salida favorable""]"
13138,Metropolitana,DEF-0525,4.0,Consumado,29,no,0,0.29584658,0,0,base,drug_trafficking,normal,"[""No favorable"", ""Salida favorable""]"
5046,Tarapacá,DEF-0301,4.0,Consumado,35,yes,1,0.9978602,1,1,base,drug_trafficking,normal,"[""No favorable"", ""Salida favorable""]"
631,Tarapacá,DEF-0073,14.0,Consumado,44,yes,1,0.9994646,1,1,base,drug_trafficking,normal,"[""No favorable"", ""Salida favorable""]"
50,Metropolitana,DEF-0043,3.0,Consumado,25,no,0,0.31060293,1,1,base,drug_trafficking,normal,"[""No favorable"", ""Salida favorable""]"
10913,Metropolitana,DEF-0584,8.0,Consumado,28,no,0,0.29112244,1,1,base,drug_trafficking,normal,"[""No favorable"", ""Salida favorable""]"
1632,Valparaíso,DEF-0207,9.0,Consumado,20,no,0,0.34962374,1,1,base,drug_trafficking,normal,"[""No favorable"", ""Salida favorable""]"
12164,Metropolitana,DEF-0057,9.0,Consumado,29,no,0,0.3118728,0,0,base,drug_trafficking,normal,"[""No favorable"", ""Salida favorable""]"
152,Metropolitana,DEF-0007,3.0,Consumado,26,no,0,0.17292693,0,0,base,drug_trafficking,normal,"[""No favorable"", ""Salida favorable""]"
11856,Coquimbo,DEF-0397,2.0,Consumado,25,no,0,0.33911225,1,1,base,drug_trafficking,normal,"[""No favorable"", ""Salida favorable""]"
1736,Arica y Parinacota,DEF-0346,8.0,Consumado,28,yes,1,0.99829525,1,1,base,drug_trafficking,normal,"[""No favorable"", ""Salida favorable""]"
10272,Tarapacá,DEF-0660,3.0,Consumado,18,yes,1,0.9894599,1,1,base,drug_trafficking,normal,"[""No favorable"", ""Salida favorable""]"
16308,Tarapacá,DEF-0106,3.0,Consumado,18,yes,1,0.9993722,1,1,base,drug_trafficking,normal,"[""No favorable"", ""Salida favorable""]"
5072,Tarapacá,DEF-0301,4.0,Consumado,28,yes,1,0.9978743,1,1,base,drug_trafficking,normal,"[""No favorable"", ""Salida favorable""]"
2365,Tarapacá,DEF-0100,6.0,Consumado,41,yes,1,0.9993716,1,1,base,drug_trafficking,normal,"[""No favorable"", ""Salida favorable""]"
14423,Metropolitana,DEF-0082,0.0,Consumado,31,no,0,0.26759037,0,0,base,drug_trafficking,normal,"[""No favorable"", ""Salida favorable""]"
685,Los Lagos,DEF-0109,13.0,Consumado,32,no,0,0.40645254,0,0,base,drug_trafficking,normal,"[""No favorable"", ""Salida favorable""]"
16502,Antofagasta,DEF-0944,4.0,Consumado,18,no,0,0.16314921,0,0,base,drug_trafficking,normal,"[""No favorable"", ""Salida favorable""]"
4337,Antofagasta,DEF-0084,3.0,Consumado,21,yes,1,0.9991494,1,1,base,drug_trafficking,normal,"[""No favorable"", ""Salida favorable""]"
9961,Tarapacá,DEF-0102,7.0,Consumado,18,yes,1,0.9994063,1,1,base,drug_trafficking,normal,"[""No favorable"", ""Salida favorable""]"
1847,Metropolitana,DEF-0157,4.0,Consumado,37,no,0,0.35438952,0,0,base,drug_trafficking,normal,"[""No favorable"", ""Salida favorable""]"
10405,Antofagasta,DEF-0619,5.0,Consumado,28,yes,1,0.9948198,1,1,base,drug_trafficking,normal,"[""No favorable"", ""Salida favorable""]"
8646,Valparaíso,DEF-0532,10.0,Consumado,23,no,0,0.29314858,0,0,base,drug_trafficking,normal,"[""No favorable"", ""Salida favorable""]"
16063,Tarapacá,DEF-0317,5.0,Consumado,37,no,0,0.32651022,0,0,base,drug_trafficking,normal,"[""No favorable"", ""Salida favorable""]"
8634,Antofagasta,DEF-0059,8.0,Consumado,28,yes,1,0.9993381,1,1,base,drug_trafficking,normal,"[""No favorable"", ""Salida favorable""]"
4142,Tarapacá,DEF-0106,2.0,Consumado,33,yes,1,0.99933845,1,1,base,drug_trafficking,normal,"[""No favorable"", ""Salida favorable""]"
7726,Antofagasta,DEF-0633,3.0,Consumado,24,no,0,0.17221971,0,0,base,drug_trafficking,normal,"[""No favorable"", ""Salida favorable""]"
10190,Metropolitana,DEF-0653,11.0,Consumado,23,no,0,0.28604707,1,1,base,drug_trafficking,normal,"[""No favorable"", ""Salida favorable""]"
2543,Tarapacá,DEF-0102,6.0,Consumado,20,yes,1,0.9994002,1,1,base,drug_trafficking,normal,"[""No favorable"", ""Salida favorable""]"
11769,Libertador Bernardo O'Higgins,DEF-0091,7.0,Consumado,29,no,0,0.38644204,0,0,base,drug_trafficking,normal,"[""No favorable"", ""Salida favorable""]"
16676,Bio Bío,DEF-0037,1.0,Consumado,31,no,0,0.38726005,0,0,base,drug_trafficking,normal,"[""No favorable"", ""Salida favorable""]"
12839,Maule,DEF-0294,4.0,Consumado,27,no,0,0.3393684,0,0,base,drug_trafficking,normal,"[""No favorable"", ""Salida favorable""]"
12562,Valparaíso,DEF-0594,8.0,Consumado,29,no,0,0.2871453,1,1,base,drug_trafficking,normal,"[""No favorable"", ""Salida favorable""]"
14245,Tarapacá,DEF-0106,6.0,Consumado,32,yes,1,0.9993544,1,1,base,drug_trafficking,normal,"[""No favorable"", ""Salida favorable""]"
13156,Metropolitana,DEF-0121,7.0,Consumado,18,no,0,0.32999733,0,0,base,drug_trafficking,normal,"[""No favorable"", ""Salida favorable""]"
2907,Metropolitana,DEF-0226,7.0,Consumado,33,no,0,0.3575046,0,0,base,drug_trafficking,normal,"[""No favorable"", ""Salida favorable""]"
1890,Arica y Parinacota,DEF-0309,7.0,Consumado,30,yes,1,0.9983721,1,1,base,drug_trafficking,normal,"[""No favorable"", ""Salida favorable""]"
4899,Metropolitana,DEF-0121,2.0,Consumado,18,no,0,0.31923893,0,0,base,drug_trafficking,normal,"[""No favorable"", ""Salida favorable""]"
3245,Metropolitana,DEF-0418,2.0,Consumado,21,no,0,0.30837414,0,0,base,drug_trafficking,normal,"[""No favorable"", ""Salida favorable""]"
16291,Tarapacá,DEF-0301,4.0,Consumado,31,yes,1,0.9978685,1,1,base,drug_trafficking,normal,"[""No favorable"", ""Salida favorable""]"
7817,Tarapacá,DEF-0124,2.0,Consumado,18,yes,1,0.99922603,1,1,base,drug_trafficking,normal,"[""No favorable"", ""Salida favorable""]"
1872,Tarapacá,DEF-0124,8.0,Consumado,20,yes,1,0.9992476,1,1,base,drug_trafficking,normal,"[""No favorable"", ""Salida favorable""]"
7819,Los Lagos,DEF-0636,14.0,Consumado,31,no,0,0.29549938,0,0,base,drug_trafficking,normal,"[""No favorable"", ""Salida favorable""]"
6116,Metropolitana,DEF-0465,2.0,Consumado,36,no,0,0.30223945,0,0,base,drug_trafficking,normal,"[""No favorable"", ""Salida favorable""]"
9642,Magallanes y Antártica Chilena,DEF-0711,8.0,Consumado,25,no,0,0.28403664,1,1,base,drug_trafficking,normal,"[""No favorable"", ""Salida favorable""]"
15068,Antofagasta,DEF-0766,7.0,Consumado,20,no,0,0.16692966,0,0,base,drug_trafficking,normal,"[""No favorable"", ""Salida favorable""]"
2281,Los Lagos,DEF-0423,6.0,Consumado,18,no,0,0.32306835,1,1,base,drug_trafficking,normal,"[""No favorable"", ""Salida favorable""]"
8073,Metropolitana,DEF-0184,3.0,Consumado,24,no,0,0.36000124,1,1,base,drug_trafficking,normal,"[""No favorable"", ""Salida favorable""]"
10626,Arica y Parinacota,DEF-0547,4.0,Consumado,19,no,0,0.20573822,0,0,base,drug_trafficking,normal,"[""No favorable"", ""Salida favorable""]"
12879,Magallanes y Antártica Chilena,DEF-0648,8.0,Consumado,32,no,0,0.2888251,0,0,base,drug_trafficking,normal,"[""No favorable"", ""Salida favorable""]"
5132,Tarapacá,DEF-0100,3.0,Consumado,23,no,0,0.27422267,0,0,base,drug_trafficking,normal,"[""No favorable"", ""Salida favorable""]"
15085,Antofagasta,DEF-0821,4.0,Consumado,30,yes,1,0.98603415,1,1,base,drug_trafficking,normal,"[""No favorable"", ""Salida favorable""]"
6857,Metropolitana,DEF-0769,9.0,Consumado,18,no,0,0.2786335,1,1,base,drug_trafficking,normal,"[""No favorable"", ""Salida favorable""]"
6200,Valparaíso,DEF-0139,11.0,Consumado,19,no,0,0.32795554,0,0,base,drug_trafficking,normal,"[""No favorable"", ""Salida favorable""]"
1333,Arica y Parinacota,DEF-0200,13.0,Consumado,20,no,0,0.27662593,0,0,base,drug_trafficking,normal,"[""No favorable"", ""Salida favorable""]"
10861,La Araucanía,DEF-0127,1.0,Consumado,31,no,0,0.42640644,0,0,base,drug_trafficking,normal,"[""No favorable"", ""Salida favorable""]"
7911,Tarapacá,DEF-0732,4.0,Consumado,24,yes,1,0.9829757,1,1,base,drug_trafficking,normal,"[""No favorable"", ""Salida favorable""]"
10274,Tarapacá,DEF-0660,3.0,Consumado,20,yes,1,0.98946565,1,1,base,drug_trafficking,normal,"[""No favorable"", ""Salida favorable""]"
16606,Metropolitana,DEF-0082,0.0,Consumado,21,no,0,0.27360922,0,0,base,drug_trafficking,normal,"[""No favorable"", ""Salida favorable""]"
13616,Metropolitana,DEF-0070,8.0,Consumado,29,no,0,0.29229754,1,1,base,drug_trafficking,normal,"[""No favorable"", ""Salida favorable""]"
13743,Los Ríos,DEF-0851,5.0,Consumado,18,no,0,0.16849864,0,0,base,drug_trafficking,normal,"[""No favorable"", ""Salida favorable""]"
7532,Arica y Parinacota,DEF-0455,12.0,Consumado,25,no,0,0.209307,0,0,base,drug_trafficking,normal,"[""No favorable"", ""Salida favorable""]"
8543,Arica y Parinacota,DEF-0346,5.0,Consumado,41,yes,1,0.9982141,1,1,base,drug_trafficking,normal,"[""No favorable"", ""Salida favorable""]"
7209,Arica y Parinacota,DEF-0230,4.0,Consumado,19,no,0,0.26506326,0,0,base,drug_trafficking,normal,"[""No favorable"", ""Salida favorable""]"
9104,Tarapacá,DEF-0089,1.0,Consumado,29,no,0,0.2612208,0,0,base,drug_trafficking,normal,"[""No favorable"", ""Salida favorable""]"
1763,Tarapacá,DEF-0073,6.0,Consumado,25,yes,1,0.9994743,1,1,base,drug_trafficking,normal,"[""No favorable"", ""Salida favorable""]"
8921,Metropolitana,DEF-0171,3.0,Consumado,28,no,0,0.35916382,0,0,base,drug_trafficking,normal,"[""No favorable"", ""Salida favorable""]"
6763,Antofagasta,DEF-0654,5.0,Consumado,28,yes,1,0.9940592,1,1,base,drug_trafficking,normal,"[""No favorable"", ""Salida favorable""]"
304,Metropolitana,DEF-0095,21.0,Consumado,18,no,0,0.33383697,0,0,base,drug_trafficking,normal,"[""No favorable"", ""Salida favorable""]"
11140,Tarapacá,DEF-0270,5.0,Consumado,31,no,0,0.33722576,0,0,base,drug_trafficking,normal,"[""No favorable"", ""Salida favorable""]"
13108,Arica y Parinacota,DEF-0234,10.0,Consumado,18,no,0,0.2642738,0,0,base,drug_trafficking,normal,"[""No favorable"", ""Salida favorable""]"
3637,Arica y Parinacota,DEF-0441,1.0,Consumado,30,no,0,0.21201225,0,0,base,drug_trafficking,normal,"[""No favorable"", ""Salida favorable""]"
8412,Tarapacá,DEF-0106,6.0,Consumado,21,yes,1,0.999376,1,1,base,drug_trafficking,normal,"[""No favorable"", ""Salida favorable""]"
16379,Metropolitana,DEF-0757,3.0,Consumado,26,no,0,0.27831888,1,1,base,drug_trafficking,normal,"[""No favorable"", ""Salida favorable""]"
7509,Tarapacá,DEF-0732,5.0,Consumado,39,yes,1,0.98345965,1,1,base,drug_trafficking,normal,"[""No favorable"", ""Salida favorable""]"
3582,Tarapacá,DEF-0073,16.0,Consumado,30,no,0,0.3016359,0,0,base,drug_trafficking,normal,"[""No favorable"", ""Salida favorable""]"
7510,Tarapacá,DEF-0106,4.0,Consumado,34,yes,1,0.99934334,1,1,base,drug_trafficking,normal,"[""No favorable"", ""Salida favorable""]"
11895,Atacama,DEF-0482,10.0,Consumado,24,yes,1,0.99803716,1,1,base,drug_trafficking,normal,"[""No favorable"", ""Salida favorable""]"
528,Metropolitana,DEF-0086,5.0,Consumado,40,no,0,0.27310452,1,1,base,drug_trafficking,normal,"[""No favorable"", ""Salida favorable""]"
12572,Coquimbo,DEF-0139,3.0,Consumado,24,no,0,0.44917384,0,0,base,drug_trafficking,normal,"[""No favorable"", ""Salida favorable""]"
12085,Antofagasta,DEF-0802,7.0,Consumado,34,no,0,0.16443563,0,0,base,drug_trafficking,normal,"[""No favorable"", ""Salida favorable""]"
1613,Arica y Parinacota,DEF-0199,10.0,Consumado,25,no,0,0.27255374,0,0,base,drug_trafficking,normal,"[""No favorable"", ""Salida favorable""]"
6077,Antofagasta,DEF-0023,5.0,Consumado,42,yes,1,0.9994269,1,1,base,drug_trafficking,normal,"[""No favorable"", ""Salida favorable""]"
12956,Metropolitana,DEF-0433,3.0,Consumado,21,yes,1,0.99698466,1,1,base,drug_trafficking,normal,"[""No favorable"", ""Salida favorable""]"
9637,Tarapacá,DEF-0660,6.0,Consumado,18,yes,1,0.9900641,1,1,base,drug_trafficking,normal,"[""No favorable"", ""Salida favorable""]"
11160,Arica y Parinacota,DEF-0309,14.0,Consumado,21,no,0,0.23926574,0,0,base,drug_trafficking,normal,"[""No favorable"", ""Salida favorable""]"
4064,Metropolitana,DEF-0655,4.0,Consumado,30,no,0,0.16615881,0,0,base,drug_trafficking,normal,"[""No favorable"", ""Salida favorable""]"
14555,Los Ríos,DEF-0916,7.0,Consumado,35,no,0,0.27481884,0,0,base,drug_trafficking,normal,"[""No favorable"", ""Salida favorable""]"
8389,Valparaíso,DEF-0499,7.0,Consumado,31,no,0,0.29567763,1,1,base,drug_trafficking,normal,"[""No favorable"", ""Salida favorable""]"
4581,Antofagasta,DEF-0011,7.0,Consumado,33,no,0,0.22030623,0,0,base,drug_trafficking,normal,"[""No favorable"", ""Salida favorable""]"
658,Los Ríos,DEF-0297,6.0,Consumado,24,no,0,0.3513397,1,1,base,drug_trafficking,normal,"[""No favorable"", ""Salida favorable""]"
3436,Metropolitana,DEF-0157,3.0,Consumado,28,no,0,0.35416013,1,1,base,drug_trafficking,normal,"[""No favorable"", ""Salida favorable""]"
3026,Arica y Parinacota,DEF-0029,13.0,Consumado,25,no,0,0.29520768,1,1,base,drug_trafficking,normal,"[""No favorable"", ""Salida favorable""]"
11709,Tarapacá,DEF-0251,8.0,Consumado,20,yes,1,0.9981791,1,1,base,drug_trafficking,normal,"[""No favorable"", ""Salida favorable""]"
5271,Metropolitana,DEF-0139,4.0,Consumado,40,no,0,0.33753887,0,0,base,drug_trafficking,normal,"[""No favorable"", ""Salida favorable""]"
6626,Metropolitana,DEF-0511,10.0,Consumado,18,no,0,0.299415,1,1,base,drug_trafficking,normal,"[""No favorable"", ""Salida favorable""]"
11460,Metropolitana,DEF-0003,15.0,Consumado,35,no,0,0.18109055,0,0,base,drug_trafficking,normal,"[""No favorable"", ""Salida favorable""]"
5528,Tarapacá,DEF-0124,5.0,Consumado,37,yes,1,0.9991882,1,1,base,drug_trafficking,normal,"[""No favorable"", ""Salida favorable""]"
8183,Maule,DEF-0329,3.0,Consumado,21,no,0,0.32937583,0,0,base,drug_trafficking,normal,"[""No favorable"", ""Salida favorable""]"
16503,Metropolitana,DEF-0755,4.0,Consumado,28,no,0,0.27858445,0,0,base,drug_trafficking,normal,"[""No favorable"", ""Salida favorable""]"
5957,Arica y Parinacota,DEF-0029,6.0,Consumado,29,yes,1,0.99952465,1,1,base,drug_trafficking,normal,"[""No favorable"", ""Salida favorable""]"
11942,Valparaíso,DEF-0172,4.0,Consumado,43,no,0,0.33843854,1,1,base,drug_trafficking,normal,"[""No favorable"", ""Salida favorable""]"
7809,Aysén,DEF-0745,3.0,Consumado,30,no,0,0.2803879,0,0,base,drug_trafficking,normal,"[""No favorable"", ""Salida favorable""]"
694,Metropolitana,DEF-0099,1.0,Consumado,33,no,0,0.27754572,0,0,base,drug_trafficking,normal,"[""No favorable"", ""Salida favorable""]"
12694,Arica y Parinacota,DEF-0455,8.0,Consumado,21,no,0,0.21270084,1,1,base,drug_trafficking,normal,"[""No favorable"", ""Salida favorable""]"
10234,Libertador Bernardo O'Higgins,DEF-0468,7.0,Consumado,38,no,0,0.3197351,0,0,base,drug_trafficking,normal,"[""No favorable"", ""Salida favorable""]"
14167,Tarapacá,DEF-0660,7.0,Consumado,26,no,0,0.28339767,0,0,base,drug_trafficking,normal,"[""No favorable"", ""Salida favorable""]"
1004,Tarapacá,DEF-0248,7.0,Consumado,18,yes,1,0.9981885,1,1,base,drug_trafficking,normal,"[""No favorable"", ""Salida favorable""]"
13627,Tarapacá,DEF-0100,6.0,Consumado,25,no,0,0.27887174,0,0,base,drug_trafficking,normal,"[""No favorable"", ""Salida favorable""]"
16632,Libertador Bernardo O'Higgins,DEF-0856,3.0,Consumado,18,no,0,0.27826822,0,0,base,drug_trafficking,normal,"[""No favorable"", ""Salida favorable""]"
10582,Arica y Parinacota,DEF-0236,8.0,Consumado,32,yes,1,0.99849683,1,1,base,drug_trafficking,normal,"[""No favorable"", ""Salida favorable""]"
3922,Tarapacá,DEF-0188,7.0,Consumado,18,no,0,0.3567896,0,0,base,drug_trafficking,normal,"[""No favorable"", ""Salida favorable""]"
12361,Tarapacá,DEF-0102,3.0,Consumado,18,yes,1,0.999395,1,1,base,drug_trafficking,normal,"[""No favorable"", ""Salida favorable""]"
15767,Atacama,DEF-0735,3.0,Consumado,25,no,0,0.24874495,0,0,base,drug_trafficking,normal,"[""No favorable"", ""Salida favorable""]"
9998,Metropolitana,DEF-0043,1.0,Consumado,36,no,0,0.28823575,0,0,base,drug_trafficking,normal,"[""No favorable"", ""Salida favorable""]"
7288,Valparaíso,DEF-0277,8.0,Consumado,19,no,0,0.33239555,1,1,base,drug_trafficking,normal,"[""No favorable"", ""Salida favorable""]"
1049,Aysén,DEF-0063,6.0,Consumado,27,no,0,0.43929473,0,0,base,drug_trafficking,normal,"[""No favorable"", ""Salida favorable""]"
10658,Tarapacá,DEF-0106,5.0,Consumado,21,yes,1,0.9993729,1,1,base,drug_trafficking,normal,"[""No favorable"", ""Salida favorable""]"
16389,Metropolitana,DEF-0022,0.0,Consumado,22,no,0,0.34210324,0,0,base,drug_trafficking,normal,"[""No favorable"", ""Salida favorable""]"
5914,Atacama,DEF-0093,4.0,Consumado,25,no,0,0.4134502,0,0,base,drug_trafficking,normal,"[""No favorable"", ""Salida favorable""]"
12226,Tarapacá,DEF-0073,4.0,Consumado,23,yes,1,0.999473,1,1,base,drug_trafficking,normal,"[""No favorable"", ""Salida favorable""]"
11036,Valparaíso,DEF-0168,2.0,Consumado,30,no,0,0.33505574,1,1,base,drug_trafficking,normal,"[""No favorable"", ""Salida favorable""]"
3227,Tarapacá,DEF-0533,6.0,Consumado,33,yes,1,0.99516135,1,1,base,drug_trafficking,normal,"[""No favorable"", ""Salida favorable""]"
16037,Metropolitana,DEF-0003,2.0,Consumado,21,no,0,0.16431981,0,0,base,drug_trafficking,normal,"[""No favorable"", ""Salida favorable""]"
3483,Metropolitana,DEF-0139,4.0,Consumado,18,no,0,0.3457769,0,0,base,drug_trafficking,normal,"[""No favorable"", ""Salida favorable""]"
14522,Metropolitana,DEF-0559,3.0,Consumado,34,no,0,0.2921194,1,1,base,drug_trafficking,normal,"[""No favorable"", ""Salida favorable""]"
760,Valparaíso,DEF-0323,3.0,Consumado,34,no,0,0.31961462,0,0,base,drug_trafficking,normal,"[""No favorable"", ""Salida favorable""]"
4700,Metropolitana,DEF-0184,3.0,Consumado,22,no,0,0.35999802,1,1,base,drug_trafficking,normal,"[""No favorable"", ""Salida favorable""]"
1222,Tarapacá,DEF-0153,5.0,Consumado,18,no,0,0.3445482,0,0,base,drug_trafficking,normal,"[""No favorable"", ""Salida favorable""]"
14903,Ñuble,DEF-0254,3.0,Consumado,27,no,0,0.32929015,1,1,base,drug_trafficking,normal,"[""No favorable"", ""Salida favorable""]"
15525,Arica y Parinacota,DEF-0263,5.0,Consumado,35,yes,1,0.9984404,1,1,base,drug_trafficking,normal,"[""No favorable"", ""Salida favorable""]"
8836,Libertador Bernardo O'Higgins,DEF-0087,4.0,Consumado,28,no,0,0.37090242,0,0,base,drug_trafficking,normal,"[""No favorable"", ""Salida favorable""]"
6173,Antofagasta,DEF-0084,12.0,Consumado,20,no,0,0.28784046,0,0,base,drug_trafficking,normal,"[""No favorable"", ""Salida favorable""]"
3382,Los Ríos,DEF-0565,5.0,Consumado,29,no,0,0.29799163,0,0,base,drug_trafficking,normal,"[""No favorable"", ""Salida favorable""]"
10349,Bio Bío,DEF-0036,2.0,Consumado,24,no,0,0.40355536,0,0,base,drug_trafficking,normal,"[""No favorable"", ""Salida favorable""]"
8667,Tarapacá,DEF-0660,8.0,Consumado,18,yes,1,0.99043596,1,1,base,drug_trafficking,normal,"[""No favorable"", ""Salida favorable""]"
2475,Metropolitana,DEF-0218,4.0,Consumado,34,no,0,0.35576603,1,1,base,drug_trafficking,normal,"[""No favorable"", ""Salida favorable""]"
9197,Los Ríos,DEF-0299,12.0,Consumado,18,no,0,0.35685936,0,0,base,drug_trafficking,normal,"[""No favorable"", ""Salida favorable""]"
2946,Bio Bío,DEF-0572,4.0,Consumado,28,no,0,0.3073752,1,1,base,drug_trafficking,normal,"[""No favorable"", ""Salida favorable""]"
7267,Valparaíso,DEF-0062,3.0,Consumado,23,no,0,0.2886111,0,0,base,drug_trafficking,normal,"[""No favorable"", ""Salida favorable""]"
6097,Tarapacá,DEF-0026,8.0,Consumado,31,no,0,0.34873286,0,0,base,drug_trafficking,normal,"[""No favorable"", ""Salida favorable""]"
11765,Libertador Bernardo O'Higgins,DEF-0091,8.0,Consumado,37,no,0,0.3841547,0,0,base,drug_trafficking,normal,"[""No favorable"", ""Salida favorable""]"
11133,Los Ríos,DEF-0851,5.0,Consumado,20,no,0,0.16827215,0,0,base,drug_trafficking,normal,"[""No favorable"", ""Salida favorable""]"
1621,Tarapacá,DEF-0073,7.0,Consumado,26,yes,1,0.99947494,1,1,base,drug_trafficking,normal,"[""No favorable"", ""Salida favorable""]"
14332,Tarapacá,DEF-0660,10.0,Consumado,38,no,0,0.2843377,0,0,base,drug_trafficking,normal,"[""No favorable"", ""Salida favorable""]"
1034,Metropolitana,DEF-0396,9.0,Consumado,35,no,0,0.3166973,1,1,base,drug_trafficking,normal,"[""No favorable"", ""Salida favorable""]"
4955,Arica y Parinacota,DEF-0346,8.0,Consumado,19,yes,1,0.998345,1,1,base,drug_trafficking,normal,"[""No favorable"", ""Salida favorable""]"
3628,Arica y Parinacota,DEF-0309,11.0,Consumado,29,yes,1,0.9983676,1,1,base,drug_trafficking,normal,"[""No favorable"", ""Salida favorable""]"
8621,Metropolitana,DEF-0806,10.0,Consumado,21,no,0,0.27704498,0,0,base,drug_trafficking,normal,"[""No favorable"", ""Salida favorable""]"
16568,Libertador Bernardo O'Higgins,DEF-0516,2.0,Consumado,24,no,0,0.308213,0,0,base,drug_trafficking,normal,"[""No favorable"", ""Salida favorable""]"
10257,Antofagasta,DEF-0683,6.0,Consumado,24,yes,1,0.9935462,1,1,base,drug_trafficking,normal,"[""No favorable"", ""Salida favorable""]"
7940,Aysén,DEF-0264,18.0,Consumado,25,no,0,0.4112825,1,1,base,drug_trafficking,normal,"[""No favorable"", ""Salida favorable""]"
14692,Tarapacá,DEF-0884,8.0,Consumado,26,no,0,0.27332342,0,0,base,drug_trafficking,normal,"[""No favorable"", ""Salida favorable""]"
15436,Antofagasta,DEF-0821,6.0,Consumado,32,yes,1,0.9857671,1,1,base,drug_trafficking,normal,"[""No favorable"", ""Salida favorable""]"
9895,Tarapacá,DEF-0270,6.0,Consumado,40,yes,1,0.9980328,1,1,base,drug_trafficking,normal,"[""No favorable"", ""Salida favorable""]"
6230,Tarapacá,DEF-0106,2.0,Consumado,36,yes,1,0.99933165,1,1,base,drug_trafficking,normal,"[""No favorable"", ""Salida favorable""]"
8651,Tarapacá,DEF-0732,7.0,Consumado,18,yes,1,0.9840272,1,1,base,drug_trafficking,normal,"[""No favorable"", ""Salida favorable""]"
6399,Libertador Bernardo O'Higgins,DEF-0211,3.0,Consumado,18,no,0,0.39401153,1,1,base,drug_trafficking,normal,"[""No favorable"", ""Salida favorable""]"
14585,Los Lagos,DEF-0186,5.0,Consumado,29,no,0,0.40026766,0,0,base,drug_trafficking,normal,"[""No favorable"", ""Salida favorable""]"
11641,Arica y Parinacota,DEF-0031,10.0,Consumado,29,no,0,0.2813173,0,0,base,drug_trafficking,normal,"[""No favorable"", ""Salida favorable""]"
7253,Metropolitana,DEF-0779,2.0,Consumado,18,yes,1,0.9782331,1,1,base,drug_trafficking,normal,"[""No favorable"", ""Salida favorable""]"
6818,Antofagasta,DEF-0011,7.0,Consumado,18,no,0,0.23743165,0,0,base,drug_trafficking,normal,"[""No favorable"", ""Salida favorable""]"
16461,Libertador Bernardo O'Higgins,DEF-0516,2.0,Consumado,18,no,0,0.3080932,1,1,base,drug_trafficking,normal,"[""No favorable"", ""Salida favorable""]"
9988,Tarapacá,DEF-0660,6.0,Consumado,18,no,0,0.28310248,0,0,base,drug_trafficking,normal,"[""No favorable"", ""Salida favorable""]"
11884,Antofagasta,DEF-0821,15.0,Consumado,18,no,0,0.16502173,0,0,base,drug_trafficking,normal,"[""No favorable"", ""Salida favorable""]"
15959,Tarapacá,DEF-0202,9.0,Consumado,24,yes,1,0.99845153,1,1,base,drug_trafficking,normal,"[""No favorable"", ""Salida favorable""]"
16494,Metropolitana,DEF-0086,2.0,Consumado,29,no,0,0.2731047,0,0,base,drug_trafficking,normal,"[""No favorable"", ""Salida favorable""]"
5051,Tarapacá,DEF-0301,3.0,Consumado,26,yes,1,0.9978653,1,1,base,drug_trafficking,normal,"[""No favorable"", ""Salida favorable""]"
9723,Tarapacá,DEF-0317,6.0,Consumado,18,no,0,0.32587376,0,0,base,drug_trafficking,normal,"[""No favorable"", ""Salida favorable""]"
12114,Valparaíso,DEF-0532,2.0,Consumado,23,no,0,0.29062128,0,0,base,drug_trafficking,normal,"[""No favorable"", ""Salida favorable""]"
8393,Valparaíso,DEF-0532,2.0,Consumado,39,no,0,0.29095274,1,1,base,drug_trafficking,normal,"[""No favorable"", ""Salida favorable""]"
14834,Los Lagos,DEF-0143,6.0,Consumado,18,no,0,0.4112072,0,0,base,drug_trafficking,normal,"[""No favorable"", ""Salida favorable""]"
8588,Valparaíso,DEF-0532,2.0,Consumado,18,no,0,0.2905629,0,0,base,drug_trafficking,normal,"[""No favorable"", ""Salida favorable""]"
10388,Atacama,DEF-0307,5.0,Consumado,43,yes,1,0.9984968,1,1,base,drug_trafficking,normal,"[""No favorable"", ""Salida favorable""]"
14297,Libertador Bernardo O'Higgins,DEF-0388,5.0,Consumado,18,no,0,0.3343249,0,0,base,drug_trafficking,normal,"[""No favorable"", ""Salida favorable""]"
7012,Metropolitana,DEF-0218,2.0,Consumado,28,yes,1,0.99834096,1,1,base,drug_trafficking,normal,"[""No favorable"", ""Salida favorable""]"
15204,Tarapacá,DEF-0301,7.0,Consumado,24,no,0,0.33081278,0,0,base,drug_trafficking,normal,"[""No favorable"", ""Salida favorable""]"
8074,Metropolitana,DEF-0184,3.0,Consumado,33,no,0,0.36011213,0,0,base,drug_trafficking,normal,"[""No favorable"", ""Salida favorable""]"
3230,Metropolitana,DEF-0456,8.0,Consumado,20,no,0,0.30574533,1,1,base,drug_trafficking,normal,"[""No favorable"", ""Salida favorable""]"
12369,Metropolitana,DEF-0183,3.0,Consumado,28,no,0,0.36005947,0,0,base,drug_trafficking,normal,"[""No favorable"", ""Salida favorable""]"
11658,Metropolitana,DEF-0649,8.0,Consumado,22,no,0,0.28559843,0,0,base,drug_trafficking,normal,"[""No favorable"", ""Salida favorable""]"
1550,Arica y Parinacota,DEF-0012,5.0,Consumado,35,no,0,0.23318294,0,0,base,drug_trafficking,normal,"[""No favorable"", ""Salida favorable""]"
14578,Libertador Bernardo O'Higgins,DEF-0595,10.0,Consumado,23,no,0,0.30073527,1,1,base,drug_trafficking,normal,"[""No favorable"", ""Salida favorable""]"
14106,Arica y Parinacota,DEF-0044,6.0,Consumado,19,yes,1,0.9995135,1,1,base,drug_trafficking,normal,"[""No favorable"", ""Salida favorable""]"
12315,Metropolitana,DEF-0082,0.0,Consumado,18,no,0,0.275578,0,0,base,drug_trafficking,normal,"[""No favorable"", ""Salida favorable""]"
3961,Antofagasta,DEF-0268,3.0,Consumado,28,no,0,0.21598263,0,0,base,drug_trafficking,normal,"[""No favorable"", ""Salida favorable""]"
15088,Antofagasta,DEF-0689,6.0,Consumado,29,yes,1,0.9930337,1,1,base,drug_trafficking,normal,"[""No favorable"", ""Salida favorable""]"
13105,Arica y Parinacota,DEF-0455,8.0,Consumado,20,yes,1,0.9980079,1,1,base,drug_trafficking,normal,"[""No favorable"", ""Salida favorable""]"
11184,Arica y Parinacota,DEF-0309,13.0,Consumado,28,no,0,0.23538159,0,0,base,drug_trafficking,normal,"[""No favorable"", ""Salida favorable""]"
7372,Valparaíso,DEF-0048,13.0,Consumado,22,no,0,0.33132413,0,0,base,drug_trafficking,normal,"[""No favorable"", ""Salida favorable""]"
7242,Tarapacá,DEF-0106,6.0,Consumado,18,yes,1,0.9993814,1,1,base,drug_trafficking,normal,"[""No favorable"", ""Salida favorable""]"
15092,Antofagasta,DEF-0760,4.0,Consumado,26,no,0,0.1666321,0,0,base,drug_trafficking,normal,"[""No favorable"", ""Salida favorable""]"
10681,Tarapacá,DEF-0114,5.0,Consumado,26,no,0,0.29294243,0,0,base,drug_trafficking,normal,"[""No favorable"", ""Salida favorable""]"
980,Arica y Parinacota,DEF-0012,12.0,Consumado,18,yes,1,0.99952906,1,1,base,drug_trafficking,normal,"[""No favorable"", ""Salida favorable""]"
13654,Valparaíso,DEF-0604,6.0,Consumado,25,no,0,0.2857601,0,0,base,drug_trafficking,normal,"[""No favorable"", ""Salida favorable""]"
7915,Libertador Bernardo O'Higgins,DEF-0586,5.0,Consumado,21,no,0,0.2996776,0,0,base,drug_trafficking,normal,"[""No favorable"", ""Salida favorable""]"
13665,Atacama,DEF-0337,5.0,Consumado,18,no,0,0.3174639,1,1,base,drug_trafficking,normal,"[""No favorable"", ""Salida favorable""]"
3079,Atacama,DEF-0241,2.0,Consumado,29,no,0,0.34511986,0,0,base,drug_trafficking,normal,"[""No favorable"", ""Salida favorable""]"
14235,Metropolitana,DEF-0008,1.0,Consumado,18,no,0,0.1776402,0,0,base,drug_trafficking,normal,"[""No favorable"", ""Salida favorable""]"
12853,Libertador Bernardo O'Higgins,DEF-0562,2.0,Consumado,33,no,0,0.30186743,0,0,base,drug_trafficking,normal,"[""No favorable"", ""Salida favorable""]"
8723,Valparaíso,DEF-0532,5.0,Consumado,19,no,0,0.29144743,0,0,base,drug_trafficking,normal,"[""No favorable"", ""Salida favorable""]"
9250,Arica y Parinacota,DEF-0346,10.0,Consumado,18,no,0,0.23239908,0,0,base,drug_trafficking,normal,"[""No favorable"", ""Salida favorable""]"
15761,Tarapacá,DEF-0789,9.0,Consumado,23,yes,1,0.9770984,1,1,base,drug_trafficking,normal,"[""No favorable"", ""Salida favorable""]"
2824,Valparaíso,DEF-0172,4.0,Consumado,22,no,0,0.34119233,0,0,base,drug_trafficking,normal,"[""No favorable"", ""Salida favorable""]"
13456,Tarapacá,DEF-0301,6.0,Consumado,25,yes,1,0.9979044,1,1,base,drug_trafficking,normal,"[""No favorable"", ""Salida favorable""]"
15770,Los Ríos,DEF-0705,2.0,Consumado,18,no,0,0.28442672,0,0,base,drug_trafficking,normal,"[""No favorable"", ""Salida favorable""]"
14582,Antofagasta,DEF-0014,8.0,Consumado,18,no,0,0.24814138,0,0,base,drug_trafficking,normal,"[""No favorable"", ""Salida favorable""]"
9789,Valparaíso,DEF-0787,4.0,Consumado,25,no,0,0.2755271,1,1,base,drug_trafficking,normal,"[""No favorable"", ""Salida favorable""]"
15076,Atacama,DEF-0307,5.0,Consumado,34,yes,1,0.9985139,1,1,base,drug_trafficking,normal,"[""No favorable"", ""Salida favorable""]"
3120,Tarapacá,DEF-0533,4.0,Consumado,34,yes,1,0.99503165,1,1,base,drug_trafficking,normal,"[""No favorable"", ""Salida favorable""]"
10898,Tarapacá,DEF-0106,3.0,Consumado,29,yes,1,0.99935055,1,1,base,drug_trafficking,normal,"[""No favorable"", ""Salida favorable""]"
6414,Metropolitana,DEF-0693,1.0,Consumado,20,no,0,0.28141597,0,0,base,drug_trafficking,normal,"[""No favorable"", ""Salida favorable""]"
1350,Arica y Parinacota,DEF-0225,11.0,Consumado,25,no,0,0.26288754,1,1,base,drug_trafficking,normal,"[""No favorable"", ""Salida favorable""]"
3760,Bio Bío,DEF-0076,4.0,Consumado,18,no,0,0.4431072,0,0,base,drug_trafficking,normal,"[""No favorable"", ""Salida favorable""]"
11776,Bio Bío,DEF-0002,11.0,Consumado,21,no,0,0.20666367,0,0,base,drug_trafficking,normal,"[""No favorable"", ""Salida favorable""]"
8432,Aysén,DEF-0424,5.0,Consumado,18,no,0,0.33342505,0,0,base,drug_trafficking,normal,"[""No favorable"", ""Salida favorable""]"
3690,Arica y Parinacota,DEF-0140,8.0,Consumado,22,yes,1,0.99886787,1,1,base,drug_trafficking,normal,"[""No favorable"", ""Salida favorable""]"
13789,Coquimbo,DEF-0508,7.0,Consumado,40,no,0,0.31921262,1,1,base,drug_trafficking,normal,"[""No favorable"", ""Salida favorable""]"
14669,Maule,DEF-0154,4.0,Consumado,36,no,0,0.36609352,1,1,base,drug_trafficking,normal,"[""No favorable"", ""Salida favorable""]"
13852,Tarapacá,DEF-0058,6.0,Consumado,18,yes,1,0.99948007,1,1,base,drug_trafficking,normal,"[""No favorable"", ""Salida favorable""]"
15401,Tarapacá,DEF-0317,5.0,Consumado,38,yes,1,0.99776983,1,1,base,drug_trafficking,normal,"[""No favorable"", ""Salida favorable""]"
8360,Tarapacá,DEF-0106,9.0,Consumado,22,yes,1,0.99938315,1,1,base,drug_trafficking,normal,"[""No favorable"", ""Salida favorable""]"
13306,Antofagasta,DEF-0683,6.0,Consumado,22,no,0,0.16994776,0,0,base,drug_trafficking,normal,"[""No favorable"", ""Salida favorable""]"
16611,Metropolitana,DEF-0033,1.0,Consumado,24,no,0,0.3153142,0,0,base,drug_trafficking,normal,"[""No favorable"", ""Salida favorable""]"
5978,La Araucanía,DEF-0201,5.0,Consumado,37,no,0,0.4152945,0,0,base,drug_trafficking,normal,"[""No favorable"", ""Salida favorable""]"
6022,Tarapacá,DEF-0270,4.0,Consumado,37,yes,1,0.9980198,1,1,base,drug_trafficking,normal,"[""No favorable"", ""Salida favorable""]"
13721,Bio Bío,DEF-0076,1.0,Consumado,18,no,0,0.4309527,0,0,base,drug_trafficking,normal,"[""No favorable"", ""Salida favorable""]"
15391,Tarapacá,DEF-0884,5.0,Consumado,38,yes,1,0.94964576,1,1,base,drug_trafficking,normal,"[""No favorable"", ""Salida favorable""]"
11835,La Araucanía,DEF-0463,4.0,Consumado,34,no,0,0.3220531,0,0,base,drug_trafficking,normal,"[""No favorable"", ""Salida favorable""]"
3057,Metropolitana,DEF-0222,5.0,Consumado,39,no,0,0.35682184,0,0,base,drug_trafficking,normal,"[""No favorable"", ""Salida favorable""]"
10988,Metropolitana,DEF-0666,3.0,Consumado,18,no,0,0.28332448,1,1,base,drug_trafficking,normal,"[""No favorable"", ""Salida favorable""]"
6995,Metropolitana,DEF-0715,5.0,Consumado,42,no,0,0.28104356,1,1,base,drug_trafficking,normal,"[""No favorable"", ""Salida favorable""]"
11816,Valparaíso,DEF-0345,3.0,Consumado,24,no,0,0.31481555,0,0,base,drug_trafficking,normal,"[""No favorable"", ""Salida favorable""]"
11785,Metropolitana,DEF-0043,6.0,Consumado,19,no,0,0.32986566,0,0,base,drug_trafficking,normal,"[""No favorable"", ""Salida favorable""]"
11223,Tarapacá,DEF-0058,5.0,Consumado,31,yes,1,0.9994623,1,1,base,drug_trafficking,normal,"[""No favorable"", ""Salida favorable""]"
14535,Aysén,DEF-0046,7.0,Consumado,37,no,0,0.4135975,0,0,base,drug_trafficking,normal,"[""No favorable"", ""Salida favorable""]"
2386,Tarapacá,DEF-0106,4.0,Consumado,42,yes,1,0.9993251,1,1,base,drug_trafficking,normal,"[""No favorable"", ""Salida favorable""]"
7769,Antofagasta,DEF-0788,7.0,Consumado,18,no,0,0.16642877,0,0,base,drug_trafficking,normal,"[""No favorable"", ""Salida favorable""]"
13064,Tarapacá,DEF-0106,5.0,Consumado,39,no,0,0.27499455,0,0,base,drug_trafficking,normal,"[""No favorable"", ""Salida favorable""]"
4338,Antofagasta,DEF-0084,5.0,Consumado,34,no,0,0.26829493,1,1,base,drug_trafficking,normal,"[""No favorable"", ""Salida favorable""]"
7939,Aysén,DEF-0264,21.0,Consumado,18,no,0,0.41757038,1,1,base,drug_trafficking,normal,"[""No favorable"", ""Salida favorable""]"
2975,Tarapacá,DEF-0124,5.0,Consumado,24,yes,1,0.99922425,1,1,base,drug_trafficking,normal,"[""No favorable"", ""Salida favorable""]"
5435,Arica y Parinacota,DEF-0012,4.0,Consumado,31,yes,1,0.99951094,1,1,base,drug_trafficking,normal,"[""No favorable"", ""Salida favorable""]"
13244,Bio Bío,DEF-0615,3.0,Consumado,32,no,0,0.30071497,0,0,base,drug_trafficking,normal,"[""No favorable"", ""Salida favorable""]"
12212,Metropolitana,DEF-0085,1.0,Consumado,18,no,0,0.27781016,0,0,base,drug_trafficking,normal,"[""No favorable"", ""Salida favorable""]"
324,Tarapacá,DEF-0188,10.0,Consumado,18,no,0,0.36097687,0,0,base,drug_trafficking,normal,"[""No favorable"", ""Salida favorable""]"
6389,Metropolitana,DEF-0121,7.0,Consumado,26,no,0,0.32539025,0,0,base,drug_trafficking,normal,"[""No favorable"", ""Salida favorable""]"
35,Antofagasta,DEF-0032,9.0,Consumado,21,no,0,0.2675357,1,1,base,drug_trafficking,normal,"[""No favorable"", ""Salida favorable""]"
10453,Antofagasta,DEF-0750,4.0,Consumado,28,yes,1,0.99079657,1,1,base,drug_trafficking,normal,"[""No favorable"", ""Salida favorable""]"
15006,Antofagasta,DEF-0788,6.0,Consumado,38,no,0,0.16459654,1,1,base,drug_trafficking,normal,"[""No favorable"", ""Salida favorable""]"
13821,Bio Bío,DEF-0037,7.0,Consumado,18,no,0,0.43928644,0,0,base,drug_trafficking,normal,"[""No favorable"", ""Salida favorable""]"
16666,Libertador Bernardo O'Higgins,DEF-0810,1.0,Consumado,30,no,0,0.28015438,0,0,base,drug_trafficking,normal,"[""No favorable"", ""Salida favorable""]"
14268,Coquimbo,DEF-0592,1.0,Consumado,22,no,0,0.30200204,0,0,base,drug_trafficking,normal,"[""No favorable"", ""Salida favorable""]"
4403,Antofagasta,DEF-0042,3.0,Consumado,18,yes,1,0.99944586,1,1,base,drug_trafficking,normal,"[""No favorable"", ""Salida favorable""]"
2534,Metropolitana,DEF-0117,10.0,Consumado,18,no,0,0.33127174,1,1,base,drug_trafficking,normal,"[""No favorable"", ""Salida favorable""]"
8817,Tarapacá,DEF-0106,4.0,Consumado,24,yes,1,0.99936396,1,1,base,drug_trafficking,normal,"[""No favorable"", ""Salida favorable""]"
5193,Metropolitana,DEF-0544,9.0,Consumado,28,no,0,0.29564336,1,1,base,drug_trafficking,normal,"[""No favorable"", ""Salida favorable""]"
10481,Metropolitana,DEF-0359,3.0,Consumado,43,no,0,0.3202746,1,1,base,drug_trafficking,normal,"[""No favorable"", ""Salida favorable""]"
5000,Tarapacá,DEF-0106,2.0,Consumado,25,yes,1,0.9993553,1,1,base,drug_trafficking,normal,"[""No favorable"", ""Salida favorable""]"
6646,Valparaíso,DEF-0546,5.0,Consumado,40,no,0,0.2907103,1,1,base,drug_trafficking,normal,"[""No favorable"", ""Salida favorable""]"
11490,Tarapacá,DEF-0058,4.0,Consumado,25,yes,1,0.99946815,1,1,base,drug_trafficking,normal,"[""No favorable"", ""Salida favorable""]"
7756,Tarapacá,DEF-0660,3.0,Consumado,23,yes,1,0.9894725,1,1,base,drug_trafficking,normal,"[""No favorable"", ""Salida favorable""]"
10103,La Araucanía,DEF-0583,3.0,Consumado,22,no,0,0.3016217,0,0,base,drug_trafficking,normal,"[""No favorable"", ""Salida favorable""]"
13366,Valparaíso,DEF-0019,3.0,Consumado,24,no,0,0.36419612,1,1,base,drug_trafficking,normal,"[""No favorable"", ""Salida favorable""]"
15614,Tarapacá,DEF-0202,8.0,Consumado,18,yes,1,0.9984576,1,1,base,drug_trafficking,normal,"[""No favorable"", ""Salida favorable""]"
12900,Tarapacá,DEF-0315,6.0,Consumado,29,yes,1,0.99781543,1,1,base,drug_trafficking,normal,"[""No favorable"", ""Salida favorable""]"
13194,Libertador Bernardo O'Higgins,DEF-0710,2.0,Consumado,36,no,0,0.28693774,0,0,base,drug_trafficking,normal,"[""No favorable"", ""Salida favorable""]"
7596,Tarapacá,DEF-0270,5.0,Consumado,39,yes,1,0.9980254,1,1,base,drug_trafficking,normal,"[""No favorable"", ""Salida favorable""]"
8431,Aysén,DEF-0424,9.0,Consumado,25,no,0,0.3343043,0,0,base,drug_trafficking,normal,"[""No favorable"", ""Salida favorable""]"
4897,Metropolitana,DEF-0558,7.0,Consumado,31,no,0,0.29348806,0,0,base,drug_trafficking,normal,"[""No favorable"", ""Salida favorable""]"
7128,Metropolitana,DEF-0370,8.0,Consumado,18,no,0,0.32001296,1,1,base,drug_trafficking,normal,"[""No favorable"", ""Salida favorable""]"
12031,Maule,DEF-0610,5.0,Consumado,41,no,0,0.2898766,0,0,base,drug_trafficking,normal,"[""No favorable"", ""Salida favorable""]"
6543,Valparaíso,DEF-0532,5.0,Consumado,33,no,0,0.29175568,0,0,base,drug_trafficking,normal,"[""No favorable"", ""Salida favorable""]"
2427,Metropolitana,DEF-0451,2.0,Consumado,34,no,0,0.30412656,1,1,base,drug_trafficking,normal,"[""No favorable"", ""Salida favorable""]"
5033,Atacama,DEF-0431,2.0,Consumado,30,no,0,0.28346422,1,1,base,drug_trafficking,normal,"[""No favorable"", ""Salida favorable""]"
6994,Valparaíso,DEF-0207,2.0,Consumado,18,no,0,0.34173876,0,0,base,drug_trafficking,normal,"[""No favorable"", ""Salida favorable""]"
16027,Metropolitana,DEF-0082,0.0,Consumado,31,no,0,0.26759037,0,0,base,drug_trafficking,normal,"[""No favorable"", ""Salida favorable""]"
6976,Valparaíso,DEF-0207,3.0,Consumado,30,no,0,0.34313276,0,0,base,drug_trafficking,normal,"[""No favorable"", ""Salida favorable""]"
6446,Metropolitana,DEF-0418,6.0,Consumado,20,no,0,0.31041273,0,0,base,drug_trafficking,normal,"[""No favorable"", ""Salida favorable""]"
16556,Metropolitana,DEF-0022,0.0,Consumado,18,no,0,0.34633958,0,0,base,drug_trafficking,normal,"[""No favorable"", ""Salida favorable""]"
7975,Antofagasta,DEF-0352,7.0,Consumado,18,yes,1,0.9975373,1,1,base,drug_trafficking,normal,"[""No favorable"", ""Salida favorable""]"
3419,Tarapacá,DEF-0533,3.0,Consumado,25,yes,1,0.99499416,1,1,base,drug_trafficking,normal,"[""No favorable"", ""Salida favorable""]"
13479,Tarapacá,DEF-0102,4.0,Consumado,19,yes,1,0.9993962,1,1,base,drug_trafficking,normal,"[""No favorable"", ""Salida favorable""]"
514,Tarapacá,DEF-0251,7.0,Consumado,29,no,0,0.34384793,0,0,base,drug_trafficking,normal,"[""No favorable"", ""Salida favorable""]"
7325,Tarapacá,DEF-0106,6.0,Consumado,18,no,0,0.2895962,0,0,base,drug_trafficking,normal,"[""No favorable"", ""Salida favorable""]"
5099,Tarapacá,DEF-0124,4.0,Consumado,27,yes,1,0.99921167,1,1,base,drug_trafficking,normal,"[""No favorable"", ""Salida favorable""]"
14285,Valparaíso,DEF-0771,3.0,Consumado,18,no,0,0.2760151,0,0,base,drug_trafficking,normal,"[""No favorable"", ""Salida favorable""]"
218,Valparaíso,DEF-0019,1.0,Consumado,26,no,0,0.3553476,0,0,base,drug_trafficking,normal,"[""No favorable"", ""Salida favorable""]"
6236,Tarapacá,DEF-0533,4.0,Consumado,22,yes,1,0.99506956,1,1,base,drug_trafficking,normal,"[""No favorable"", ""Salida favorable""]"
11486,Valparaíso,DEF-0330,2.0,Consumado,18,no,0,0.3167669,1,1,base,drug_trafficking,normal,"[""No favorable"", ""Salida favorable""]"
8894,Valparaíso,DEF-0195,5.0,Consumado,21,no,0,0.3460864,0,0,base,drug_trafficking,normal,"[""No favorable"", ""Salida favorable""]"
10511,Metropolitana,DEF-0043,7.0,Consumado,37,no,0,0.30253834,1,1,base,drug_trafficking,normal,"[""No favorable"", ""Salida favorable""]"
1797,Bio Bío,DEF-0382,11.0,Consumado,40,no,0,0.35751992,0,0,base,drug_trafficking,normal,"[""No favorable"", ""Salida favorable""]"
10316,Los Lagos,DEF-0476,5.0,Consumado,36,no,0,0.31335825,0,0,base,drug_trafficking,normal,"[""No favorable"", ""Salida favorable""]"
10068,Metropolitana,DEF-0047,5.0,Consumado,23,no,0,0.317583,0,0,base,drug_trafficking,normal,"[""No favorable"", ""Salida favorable""]"
4067,Atacama,DEF-0153,3.0,Consumado,26,no,0,0.39644834,0,0,base,drug_trafficking,normal,"[""No favorable"", ""Salida favorable""]"
13021,Valparaíso,DEF-0594,4.0,Consumado,21,no,0,0.28599837,1,1,base,drug_trafficking,normal,"[""No favorable"", ""Salida favorable""]"
6872,Metropolitana,DEF-0044,3.0,Consumado,34,no,0,0.2959707,0,0,base,drug_trafficking,normal,"[""No favorable"", ""Salida favorable""]"
1688,Metropolitana,DEF-0414,6.0,Consumado,21,no,0,0.31112605,1,1,base,drug_trafficking,normal,"[""No favorable"", ""Salida favorable""]"
15000,Metropolitana,DEF-0184,2.0,Consumado,27,no,0,0.35860887,0,0,base,drug_trafficking,normal,"[""No favorable"", ""Salida favorable""]"
13565,Metropolitana,DEF-0675,4.0,Consumado,25,no,0,0.2829645,1,1,base,drug_trafficking,normal,"[""No favorable"", ""Salida favorable""]"
9119,Tarapacá,DEF-0660,4.0,Consumado,42,yes,1,0.9896596,1,1,base,drug_trafficking,normal,"[""No favorable"", ""Salida favorable""]"
11923,Metropolitana,DEF-0553,6.0,Consumado,18,no,0,0.29337034,0,0,base,drug_trafficking,normal,"[""No favorable"", ""Salida favorable""]"
10039,Arica y Parinacota,DEF-0383,10.0,Consumado,23,yes,1,0.9982259,1,1,base,drug_trafficking,normal,"[""No favorable"", ""Salida favorable""]"
12332,Coquimbo,DEF-0811,4.0,Consumado,18,no,0,0.28264984,0,0,base,drug_trafficking,normal,"[""No favorable"", ""Salida favorable""]"
6674,Metropolitana,DEF-0021,4.0,Consumado,30,no,0,0.3514251,0,0,base,drug_trafficking,normal,"[""No favorable"", ""Salida favorable""]"
16451,Bio Bío,DEF-0590,4.0,Consumado,32,no,0,0.30454355,0,0,base,drug_trafficking,normal,"[""No favorable"", ""Salida favorable""]"
13465,Metropolitana,DEF-0139,3.0,Consumado,25,no,0,0.3411677,0,0,base,drug_trafficking,normal,"[""No favorable"", ""Salida favorable""]"
8344,Valparaíso,DEF-0319,10.0,Consumado,18,no,0,0.32438996,0,0,base,drug_trafficking,normal,"[""No favorable"", ""Salida favorable""]"
3807,Arica y Parinacota,DEF-0078,11.0,Consumado,31,no,0,0.3041577,0,0,base,drug_trafficking,normal,"[""No favorable"", ""Salida favorable""]"
5169,Maule,DEF-0067,8.0,Consumado,28,no,0,0.3042596,0,0,base,drug_trafficking,normal,"[""No favorable"", ""Salida favorable""]"
7602,Los Ríos,DEF-0705,16.0,Consumado,27,no,0,0.2879855,0,0,base,drug_trafficking,normal,"[""No favorable"", ""Salida favorable""]"
3647,Antofagasta,DEF-0014,14.0,Consumado,41,yes,1,0.99942285,1,1,base,drug_trafficking,normal,"[""No favorable"", ""Salida favorable""]"
4844,Atacama,DEF-0440,9.0,Consumado,29,no,0,0.2786655,0,0,base,drug_trafficking,normal,"[""No favorable"", ""Salida favorable""]"
2614,Tarapacá,DEF-0106,5.0,Consumado,27,yes,1,0.99936134,1,1,base,drug_trafficking,normal,"[""No favorable"", ""Salida favorable""]"
1977,Coquimbo,DEF-0150,4.0,Consumado,18,no,0,0.44763184,1,1,base,drug_trafficking,normal,"[""No favorable"", ""Salida favorable""]"
13236,Valparaíso,DEF-0279,3.0,Consumado,19,no,0,0.3278998,1,1,base,drug_trafficking,normal,"[""No favorable"", ""Salida favorable""]"
4960,Metropolitana,DEF-0040,9.0,Consumado,33,no,0,0.31639174,1,1,base,drug_trafficking,normal,"[""No favorable"", ""Salida favorable""]"
8116,Coquimbo,DEF-0763,4.0,Consumado,23,no,0,0.28600097,1,1,base,drug_trafficking,normal,"[""No favorable"", ""Salida favorable""]"
14242,Tarapacá,DEF-0102,6.0,Consumado,26,yes,1,0.9993897,1,1,base,drug_trafficking,normal,"[""No favorable"", ""Salida favorable""]"
1454,Valparaíso,DEF-0019,5.0,Consumado,24,no,0,0.37178224,1,1,base,drug_trafficking,normal,"[""No favorable"", ""Salida favorable""]"
7611,Tarapacá,DEF-0270,5.0,Consumado,21,yes,1,0.99805933,1,1,base,drug_trafficking,normal,"[""No favorable"", ""Salida favorable""]"
7646,Tarapacá,DEF-0188,2.0,Consumado,21,yes,1,0.9985187,1,1,base,drug_trafficking,normal,"[""No favorable"", ""Salida favorable""]"
74,Tarapacá,DEF-0058,2.0,Consumado,27,no,0,0.29034305,1,1,base,drug_trafficking,normal,"[""No favorable"", ""Salida favorable""]"
15786,Antofagasta,DEF-0313,4.0,Consumado,34,yes,1,0.9974057,1,1,base,drug_trafficking,normal,"[""No favorable"", ""Salida favorable""]"
7028,Metropolitana,DEF-0358,8.0,Consumado,31,no,0,0.32320416,1,1,base,drug_trafficking,normal,"[""No favorable"", ""Salida favorable""]"
13859,Arica y Parinacota,DEF-0225,10.0,Consumado,21,yes,1,0.9985665,1,1,base,drug_trafficking,normal,"[""No favorable"", ""Salida favorable""]"
15663,Antofagasta,DEF-0805,3.0,Consumado,27,yes,1,0.9876721,1,1,base,drug_trafficking,normal,"[""No favorable"", ""Salida favorable""]"
2817,Bio Bío,DEF-0065,14.0,Consumado,38,no,0,0.45482796,1,1,base,drug_trafficking,normal,"[""No favorable"", ""Salida favorable""]"
6291,Tarapacá,DEF-0533,5.0,Consumado,32,yes,1,0.99510324,1,1,base,drug_trafficking,normal,"[""No favorable"", ""Salida favorable""]"
15350,Antofagasta,DEF-0821,5.0,Consumado,36,yes,1,0.98506176,1,1,base,drug_trafficking,normal,"[""No favorable"", ""Salida favorable""]"
3316,Metropolitana,DEF-0047,8.0,Consumado,18,no,0,0.33503768,0,0,base,drug_trafficking,normal,"[""No favorable"", ""Salida favorable""]"
12690,Tarapacá,DEF-0106,3.0,Consumado,27,yes,1,0.99935466,1,1,base,drug_trafficking,normal,"[""No favorable"", ""Salida favorable""]"
10580,Tarapacá,DEF-0102,6.0,Consumado,18,yes,1,0.99940354,1,1,base,drug_trafficking,normal,"[""No favorable"", ""Salida favorable""]"
4007,Libertador Bernardo O'Higgins,DEF-0468,4.0,Consumado,20,no,0,0.3168255,0,0,base,drug_trafficking,normal,"[""No favorable"", ""Salida favorable""]"
11019,Coquimbo,DEF-0131,7.0,Consumado,31,no,0,0.46202412,0,0,base,drug_trafficking,normal,"[""No favorable"", ""Salida favorable""]"
12592,Tarapacá,DEF-0102,2.0,Consumado,28,yes,1,0.9993737,1,1,base,drug_trafficking,normal,"[""No favorable"", ""Salida favorable""]"
10790,Arica y Parinacota,DEF-0140,12.0,Consumado,22,yes,1,0.9988668,1,1,base,drug_trafficking,normal,"[""No favorable"", ""Salida favorable""]"
14590,Libertador Bernardo O'Higgins,DEF-0087,3.0,Consumado,18,no,0,0.37594247,0,0,base,drug_trafficking,normal,"[""No favorable"", ""Salida favorable""]"
3248,Libertador Bernardo O'Higgins,DEF-0211,4.0,Consumado,34,no,0,0.39791313,1,1,base,drug_trafficking,normal,"[""No favorable"", ""Salida favorable""]"
11888,Valparaíso,DEF-0557,11.0,Consumado,26,no,0,0.2911707,1,1,base,drug_trafficking,normal,"[""No favorable"", ""Salida favorable""]"
7366,La Araucanía,DEF-0405,10.0,Consumado,23,no,0,0.33927372,1,1,base,drug_trafficking,normal,"[""No favorable"", ""Salida favorable""]"
16369,Tarapacá,DEF-0089,2.0,Consumado,24,no,0,0.2658074,0,0,base,drug_trafficking,normal,"[""No favorable"", ""Salida favorable""]"
9736,Metropolitana,DEF-0723,56.0,Consumado,32,no,0,0.29774153,0,0,base,drug_trafficking,normal,"[""No favorable"", ""Salida favorable""]"
3273,Tarapacá,DEF-0533,7.0,Consumado,33,no,0,0.2941959,0,0,base,drug_trafficking,normal,"[""No favorable"", ""Salida favorable""]"
9386,Antofagasta,DEF-0352,4.0,Consumado,25,no,0,0.19969416,1,1,base,drug_trafficking,normal,"[""No favorable"", ""Salida favorable""]"
8703,Valparaíso,DEF-0417,7.0,Consumado,25,no,0,0.30560943,1,1,base,drug_trafficking,normal,"[""No favorable"", ""Salida favorable""]"
1354,Arica y Parinacota,DEF-0346,8.0,Consumado,31,no,0,0.22509052,0,0,base,drug_trafficking,normal,"[""No favorable"", ""Salida favorable""]"
12785,Tarapacá,DEF-0058,4.0,Consumado,21,yes,1,0.9994731,1,1,base,drug_trafficking,normal,"[""No favorable"", ""Salida favorable""]"
1326,Maule,DEF-0361,6.0,Consumado,18,no,0,0.3241232,1,1,base,drug_trafficking,normal,"[""No favorable"", ""Salida favorable""]"
13850,Metropolitana,DEF-0008,0.0,Consumado,29,no,0,0.17511617,0,0,base,drug_trafficking,normal,"[""No favorable"", ""Salida favorable""]"
10540,Metropolitana,DEF-0271,9.0,Consumado,27,no,0,0.34574068,0,0,base,drug_trafficking,normal,"[""No favorable"", ""Salida favorable""]"
10123,Tarapacá,DEF-0106,5.0,Consumado,29,yes,1,0.9993573,1,1,base,drug_trafficking,normal,"[""No favorable"", ""Salida favorable""]"
6439,Metropolitana,DEF-0548,8.0,Consumado,22,no,0,0.2946577,0,0,base,drug_trafficking,normal,"[""No favorable"", ""Salida favorable""]"
5542,Tarapacá,DEF-0106,2.0,Consumado,29,yes,1,0.9993471,1,1,base,drug_trafficking,normal,"[""No favorable"", ""Salida favorable""]"
329,Los Ríos,DEF-0196,4.0,Consumado,45,no,0,0.38757873,1,1,base,drug_trafficking,normal,"[""No favorable"", ""Salida favorable""]"
15488,Valparaíso,DEF-0345,2.0,Consumado,18,no,0,0.3139979,0,0,base,drug_trafficking,normal,"[""No favorable"", ""Salida favorable""]"
10229,La Araucanía,DEF-0506,3.0,Consumado,23,no,0,0.31320974,0,0,base,drug_trafficking,normal,"[""No favorable"", ""Salida favorable""]"
9412,Valparaíso,DEF-0594,5.0,Consumado,28,no,0,0.28633934,1,1,base,drug_trafficking,normal,"[""No favorable"", ""Salida favorable""]"
16195,Tarapacá,DEF-0884,3.0,Consumado,18,yes,1,0.94521946,1,1,base,drug_trafficking,normal,"[""No favorable"", ""Salida favorable""]"
15461,Tarapacá,DEF-0102,7.0,Consumado,30,no,0,0.27978244,0,0,base,drug_trafficking,normal,"[""No favorable"", ""Salida favorable""]"
3147,Valparaíso,DEF-0348,6.0,Consumado,31,no,0,0.3165396,0,0,base,drug_trafficking,normal,"[""No favorable"", ""Salida favorable""]"
2679,Tarapacá,DEF-0301,5.0,Consumado,30,yes,1,0.99788266,1,1,base,drug_trafficking,normal,"[""No favorable"", ""Salida favorable""]"
13646,Arica y Parinacota,DEF-0044,15.0,Consumado,20,yes,1,0.99951625,1,1,base,drug_trafficking,normal,"[""No favorable"", ""Salida favorable""]"
16250,La Araucanía,DEF-0450,6.0,Consumado,30,no,0,0.32611117,0,0,base,drug_trafficking,normal,"[""No favorable"", ""Salida favorable""]"
15376,Metropolitana,DEF-0165,7.0,Consumado,20,yes,1,0.99879605,1,1,base,drug_trafficking,normal,"[""No favorable"", ""Salida favorable""]"
2528,Metropolitana,DEF-0070,4.0,Consumado,18,no,0,0.29101586,0,0,base,drug_trafficking,normal,"[""No favorable"", ""Salida favorable""]"
13035,Arica y Parinacota,DEF-0140,7.0,Consumado,24,no,0,0.29791653,0,0,base,drug_trafficking,normal,"[""No favorable"", ""Salida favorable""]"
11818,Metropolitana,DEF-0218,5.0,Consumado,18,no,0,0.35557267,1,1,base,drug_trafficking,normal,"[""No favorable"", ""Salida favorable""]"
28,Los Lagos,DEF-0025,12.0,Consumado,27,no,0,0.38079667,1,1,base,drug_trafficking,normal,"[""No favorable"", ""Salida favorable""]"
12095,Tarapacá,DEF-0301,4.0,Consumado,26,yes,1,0.9978781,1,1,base,drug_trafficking,normal,"[""No favorable"", ""Salida favorable""]"
16534,Metropolitana,DEF-0577,0.0,Consumado,18,no,0,0.28933376,1,1,base,drug_trafficking,normal,"[""No favorable"", ""Salida favorable""]"
1045,Arica y Parinacota,DEF-0234,14.0,Consumado,39,no,0,0.2533381,0,0,base,drug_trafficking,normal,"[""No favorable"", ""Salida favorable""]"
1376,Metropolitana,DEF-0390,7.0,Consumado,25,no,0,0.31584123,0,0,base,drug_trafficking,normal,"[""No favorable"", ""Salida favorable""]"
4833,Valparaíso,DEF-0182,2.0,Consumado,24,no,0,0.34126842,0,0,base,drug_trafficking,normal,"[""No favorable"", ""Salida favorable""]"
5844,Coquimbo,DEF-0515,8.0,Consumado,38,yes,1,0.99754274,1,1,base,drug_trafficking,normal,"[""No favorable"", ""Salida favorable""]"
9632,Valparaíso,DEF-0207,5.0,Consumado,26,no,0,0.34523878,0,0,base,drug_trafficking,normal,"[""No favorable"", ""Salida favorable""]"
14127,Tarapacá,DEF-0058,3.0,Consumado,27,yes,1,0.99946374,1,1,base,drug_trafficking,normal,"[""No favorable"", ""Salida favorable""]"
4211,Arica y Parinacota,DEF-0455,14.0,Consumado,27,yes,1,0.99795634,1,1,base,drug_trafficking,normal,"[""No favorable"", ""Salida favorable""]"
14092,Los Lagos,DEF-0459,2.0,Consumado,33,no,0,0.31446782,0,0,base,drug_trafficking,normal,"[""No favorable"", ""Salida favorable""]"
16616,Metropolitana,DEF-0539,1.0,Consumado,18,no,0,0.2931489,0,0,base,drug_trafficking,normal,"[""No favorable"", ""Salida favorable""]"
9469,Tarapacá,DEF-0301,7.0,Consumado,19,yes,1,0.9979272,1,1,base,drug_trafficking,normal,"[""No favorable"", ""Salida favorable""]"
6174,Antofagasta,DEF-0654,14.0,Consumado,36,no,0,0.17076574,1,1,base,drug_trafficking,normal,"[""No favorable"", ""Salida favorable""]"
1911,Tarapacá,DEF-0124,6.0,Consumado,31,no,0,0.30710915,0,0,base,drug_trafficking,normal,"[""No favorable"", ""Salida favorable""]"
4476,Antofagasta,DEF-0026,3.0,Consumado,33,yes,1,0.999447,1,1,base,drug_trafficking,normal,"[""No favorable"", ""Salida favorable""]"
10199,Valparaíso,DEF-0532,10.0,Consumado,32,no,0,0.2934528,0,0,base,drug_trafficking,normal,"[""No favorable"", ""Salida favorable""]"
1484,Coquimbo,DEF-0443,6.0,Consumado,26,no,0,0.33150983,1,1,base,drug_trafficking,normal,"[""No favorable"", ""Salida favorable""]"
431,Arica y Parinacota,DEF-0108,19.0,Consumado,30,yes,1,0.99911624,1,1,base,drug_trafficking,normal,"[""No favorable"", ""Salida favorable""]"
2263,Atacama,DEF-0054,4.0,Consumado,18,yes,1,0.9995091,1,1,base,drug_trafficking,normal,"[""No favorable"", ""Salida favorable""]"
10181,Coquimbo,DEF-0323,8.0,Consumado,27,no,0,0.37026197,1,1,base,drug_trafficking,normal,"[""No favorable"", ""Salida favorable""]"
7001,Metropolitana,DEF-0192,7.0,Consumado,27,no,0,0.36498225,0,0,base,drug_trafficking,normal,"[""No favorable"", ""Salida favorable""]"
15136,Antofagasta,DEF-0041,0.0,Consumado,27,no,0,0.24311304,0,0,base,drug_trafficking,normal,"[""No favorable"", ""Salida favorable""]"
12804,Ñuble,DEF-0590,5.0,Consumado,23,no,0,0.28510937,1,1,base,drug_trafficking,normal,"[""No favorable"", ""Salida favorable""]"
14045,Antofagasta,DEF-0683,2.0,Consumado,27,yes,1,0.9933814,1,1,base,drug_trafficking,normal,"[""No favorable"", ""Salida favorable""]"
791,Libertador Bernardo O'Higgins,DEF-0050,18.0,Consumado,18,no,0,0.42602235,0,0,base,drug_trafficking,normal,"[""No favorable"", ""Salida favorable""]"
7286,Tarapacá,DEF-0533,3.0,Consumado,22,yes,1,0.9950014,1,1,base,drug_trafficking,normal,"[""No favorable"", ""Salida favorable""]"
2352,Valparaíso,DEF-0319,12.0,Consumado,18,no,0,0.32592103,0,0,base,drug_trafficking,normal,"[""No favorable"", ""Salida favorable""]"
12771,Arica y Parinacota,DEF-0263,6.0,Consumado,32,yes,1,0.9984541,1,1,base,drug_trafficking,normal,"[""No favorable"", ""Salida favorable""]"
6233,Antofagasta,DEF-0084,6.0,Consumado,19,yes,1,0.99915934,1,1,base,drug_trafficking,normal,"[""No favorable"", ""Salida favorable""]"
10182,Tarapacá,DEF-0106,6.0,Consumado,36,yes,1,0.9993459,1,1,base,drug_trafficking,normal,"[""No favorable"", ""Salida favorable""]"
940,Tarapacá,DEF-0083,2.0,Consumado,18,no,0,0.26976863,1,1,base,drug_trafficking,normal,"[""No favorable"", ""Salida favorable""]"
7302,Maule,DEF-0480,2.0,Consumado,18,no,0,0.30215764,1,1,base,drug_trafficking,normal,"[""No favorable"", ""Salida favorable""]"
14762,Tarapacá,DEF-0106,7.0,Consumado,22,no,0,0.28906435,0,0,base,drug_trafficking,normal,"[""No favorable"", ""Salida favorable""]"
14677,Tarapacá,DEF-0913,9.0,Consumado,28,yes,1,0.94261616,1,1,base,drug_trafficking,normal,"[""No favorable"", ""Salida favorable""]"
14575,Libertador Bernardo O'Higgins,DEF-0446,8.0,Consumado,33,no,0,0.32476696,1,1,base,drug_trafficking,normal,"[""No favorable"", ""Salida favorable""]"
16365,Arica y Parinacota,DEF-0600,3.0,Consumado,28,no,0,0.19689724,0,0,base,drug_trafficking,normal,"[""No favorable"", ""Salida favorable""]"
15158,Antofagasta,DEF-0821,4.0,Consumado,31,yes,1,0.98587507,1,1,base,drug_trafficking,normal,"[""No favorable"", ""Salida favorable""]"
4872,Metropolitana,DEF-0239,11.0,Consumado,26,no,0,0.3576347,0,0,base,drug_trafficking,normal,"[""No favorable"", ""Salida favorable""]"
6354,Valparaíso,DEF-0532,3.0,Consumado,20,no,0,0.29087067,0,0,base,drug_trafficking,normal,"[""No favorable"", ""Salida favorable""]"
4771,Tarapacá,DEF-0107,6.0,Consumado,18,yes,1,0.9993754,1,1,base,drug_trafficking,normal,"[""No favorable"", ""Salida favorable""]"
15706,Arica y Parinacota,DEF-0263,6.0,Consumado,43,yes,1,0.9983874,1,1,base,drug_trafficking,normal,"[""No favorable"", ""Salida favorable""]"
4098,Valparaíso,DEF-0019,6.0,Consumado,36,no,0,0.36668944,0,0,base,drug_trafficking,normal,"[""No favorable"", ""Salida favorable""]"
4657,Tarapacá,DEF-0102,5.0,Consumado,32,yes,1,0.9993754,1,1,base,drug_trafficking,normal,"[""No favorable"", ""Salida favorable""]"
3046,Tarapacá,DEF-0188,6.0,Consumado,34,no,0,0.35574737,0,0,base,drug_trafficking,normal,"[""No favorable"", ""Salida favorable""]"
8747,Valparaíso,DEF-0632,4.0,Consumado,31,no,0,0.283358,1,1,base,drug_trafficking,normal,"[""No favorable"", ""Salida favorable""]"
13657,Antofagasta,DEF-0781,8.0,Consumado,24,no,0,0.1659804,0,0,base,drug_trafficking,normal,"[""No favorable"", ""Salida favorable""]"
13888,Valparaíso,DEF-0119,3.0,Consumado,27,no,0,0.27970046,1,1,base,drug_trafficking,normal,"[""No favorable"", ""Salida favorable""]"
190,Coquimbo,DEF-0131,1.0,Consumado,31,no,0,0.44451207,1,1,base,drug_trafficking,normal,"[""No favorable"", ""Salida favorable""]"
10154,Metropolitana,DEF-0730,4.0,Consumado,20,no,0,0.27977145,0,0,base,drug_trafficking,normal,"[""No favorable"", ""Salida favorable""]"
3513,Tarapacá,DEF-0124,4.0,Consumado,34,yes,1,0.99919206,1,1,base,drug_trafficking,normal,"[""No favorable"", ""Salida favorable""]"
9544,Tarapacá,DEF-0100,5.0,Consumado,34,yes,1,0.9993825,1,1,base,drug_trafficking,normal,"[""No favorable"", ""Salida favorable""]"
15432,Metropolitana,DEF-0932,4.0,Consumado,34,no,0,0.16591978,0,0,base,drug_trafficking,normal,"[""No favorable"", ""Salida favorable""]"
12581,Antofagasta,DEF-0781,3.0,Consumado,36,yes,1,0.9881969,1,1,base,drug_trafficking,normal,"[""No favorable"", ""Salida favorable""]"
11270,Arica y Parinacota,DEF-0140,7.0,Consumado,30,no,0,0.29290628,1,1,base,drug_trafficking,normal,"[""No favorable"", ""Salida favorable""]"
2272,Arica y Parinacota,DEF-0029,6.0,Consumado,33,no,0,0.26385242,1,1,base,drug_trafficking,normal,"[""No favorable"", ""Salida favorable""]"
9963,Metropolitana,DEF-0040,9.0,Consumado,18,no,0,0.3431101,1,1,base,drug_trafficking,normal,"[""No favorable"", ""Salida favorable""]"
7044,Tarapacá,DEF-0248,11.0,Consumado,21,no,0,0.34814963,0,0,base,drug_trafficking,normal,"[""No favorable"", ""Salida favorable""]"
6264,Metropolitana,DEF-0121,11.0,Consumado,30,no,0,0.33267397,0,0,base,drug_trafficking,normal,"[""No favorable"", ""Salida favorable""]"
5128,Arica y Parinacota,DEF-0225,11.0,Consumado,18,yes,1,0.99857754,1,1,base,drug_trafficking,normal,"[""No favorable"", ""Salida favorable""]"
5323,Metropolitana,DEF-0214,6.0,Consumado,28,no,0,0.358751,0,0,base,drug_trafficking,normal,"[""No favorable"", ""Salida favorable""]"
15522,Tarapacá,DEF-0252,6.0,Consumado,36,yes,1,0.9981268,1,1,base,drug_trafficking,normal,"[""No favorable"", ""Salida favorable""]"
16065,Metropolitana,DEF-0774,6.0,Consumado,18,no,0,0.27793404,0,0,base,drug_trafficking,normal,"[""No favorable"", ""Salida favorable""]"
2158,Atacama,DEF-0054,8.0,Consumado,30,no,0,0.37888446,0,0,base,drug_trafficking,normal,"[""No favorable"", ""Salida favorable""]"
5129,Tarapacá,DEF-0301,5.0,Consumado,20,yes,1,0.997901,1,1,base,drug_trafficking,normal,"[""No favorable"", ""Salida favorable""]"
9746,Ñuble,DEF-0593,6.0,Consumado,32,no,0,0.28535095,0,0,base,drug_trafficking,normal,"[""No favorable"", ""Salida favorable""]"
9790,Valparaíso,DEF-0784,4.0,Consumado,18,no,0,0.27563402,1,1,base,drug_trafficking,normal,"[""No favorable"", ""Salida favorable""]"
1067,Tarapacá,DEF-0058,8.0,Consumado,36,no,0,0.29485273,1,1,base,drug_trafficking,normal,"[""No favorable"", ""Salida favorable""]"
2277,Los Lagos,DEF-0423,5.0,Consumado,18,no,0,0.3223929,0,0,base,drug_trafficking,normal,"[""No favorable"", ""Salida favorable""]"
14249,Arica y Parinacota,DEF-0455,4.0,Consumado,30,no,0,0.20915519,0,0,base,drug_trafficking,normal,"[""No favorable"", ""Salida favorable""]"
13418,Metropolitana,DEF-0740,7.0,Consumado,18,no,0,0.2797002,1,1,base,drug_trafficking,normal,"[""No favorable"", ""Salida favorable""]"
13474,Maule,DEF-0894,10.0,Consumado,18,no,0,0.27443117,0,0,base,drug_trafficking,normal,"[""No favorable"", ""Salida favorable""]"
6219,Tarapacá,DEF-0124,3.0,Consumado,35,yes,1,0.99918425,1,1,base,drug_trafficking,normal,"[""No favorable"", ""Salida favorable""]"
15269,Tarapacá,DEF-0124,5.0,Consumado,24,yes,1,0.99922425,1,1,base,drug_trafficking,normal,"[""No favorable"", ""Salida favorable""]"
8535,Coquimbo,DEF-0336,0.0,Consumado,36,no,0,0.35645118,1,1,base,drug_trafficking,normal,"[""No favorable"", ""Salida favorable""]"
4663,Tarapacá,DEF-0073,5.0,Consumado,31,yes,1,0.99946463,1,1,base,drug_trafficking,normal,"[""No favorable"", ""Salida favorable""]"
7709,Tarapacá,DEF-0660,9.0,Consumado,18,no,0,0.28373006,0,0,base,drug_trafficking,normal,"[""No favorable"", ""Salida favorable""]"
2884,Valparaíso,DEF-0134,3.0,Consumado,37,no,0,0.29691967,1,1,base,drug_trafficking,normal,"[""No favorable"", ""Salida favorable""]"
4023,Metropolitana,DEF-0085,6.0,Consumado,36,no,0,0.27714857,1,1,base,drug_trafficking,normal,"[""No favorable"", ""Salida favorable""]"
9594,Antofagasta,DEF-0189,4.0,Consumado,18,no,0,0.24061048,0,0,base,drug_trafficking,normal,"[""No favorable"", ""Salida favorable""]"
2617,Atacama,DEF-0431,6.0,Consumado,22,no,0,0.2882218,0,0,base,drug_trafficking,normal,"[""No favorable"", ""Salida favorable""]"
13772,Antofagasta,DEF-0352,8.0,Consumado,32,no,0,0.20075338,0,0,base,drug_trafficking,normal,"[""No favorable"", ""Salida favorable""]"
10801,Tarapacá,DEF-0102,5.0,Consumado,21,yes,1,0.99939567,1,1,base,drug_trafficking,normal,"[""No favorable"", ""Salida favorable""]"
4161,Bio Bío,DEF-0342,6.0,Consumado,27,no,0,0.36503676,1,1,base,drug_trafficking,normal,"[""No favorable"", ""Salida favorable""]"
15237,Tarapacá,DEF-0660,8.0,Consumado,18,no,0,0.28351638,0,0,base,drug_trafficking,normal,"[""No favorable"", ""Salida favorable""]"
3098,Metropolitana,DEF-0511,9.0,Consumado,29,no,0,0.2993902,0,0,base,drug_trafficking,normal,"[""No favorable"", ""Salida favorable""]"
3333,Valparaíso,DEF-0605,5.0,Consumado,37,no,0,0.28566113,1,1,base,drug_trafficking,normal,"[""No favorable"", ""Salida favorable""]"
1576,Los Ríos,DEF-0196,8.0,Consumado,27,no,0,0.3917783,0,0,base,drug_trafficking,normal,"[""No favorable"", ""Salida favorable""]"
1511,Metropolitana,DEF-0433,8.0,Consumado,30,no,0,0.3096743,0,0,base,drug_trafficking,normal,"[""No favorable"", ""Salida favorable""]"
6208,Valparaíso,DEF-0180,3.0,Consumado,29,no,0,0.34171283,0,0,base,drug_trafficking,normal,"[""No favorable"", ""Salida favorable""]"
10636,Tarapacá,DEF-0058,5.0,Consumado,19,yes,1,0.9994772,1,1,base,drug_trafficking,normal,"[""No favorable"", ""Salida favorable""]"
5137,Arica y Parinacota,DEF-0441,1.0,Consumado,21,no,0,0.21761844,0,0,base,drug_trafficking,normal,"[""No favorable"", ""Salida favorable""]"
9195,Metropolitana,DEF-0779,6.0,Consumado,26,no,0,0.27777624,1,1,base,drug_trafficking,normal,"[""No favorable"", ""Salida favorable""]"
14843,Coquimbo,DEF-0592,2.0,Consumado,21,no,0,0.30239278,0,0,base,drug_trafficking,normal,"[""No favorable"", ""Salida favorable""]"
14511,Antofagasta,DEF-0011,3.0,Consumado,18,yes,1,0.9994643,1,1,base,drug_trafficking,normal,"[""No favorable"", ""Salida favorable""]"
1277,Metropolitana,DEF-0069,6.0,Consumado,28,no,0,0.2892322,0,0,base,drug_trafficking,normal,"[""No favorable"", ""Salida favorable""]"
14664,Tarapacá,DEF-0913,5.0,Consumado,26,yes,1,0.936211,1,1,base,drug_trafficking,normal,"[""No favorable"", ""Salida favorable""]"
13485,Valparaíso,DEF-0187,2.0,Consumado,19,no,0,0.342333,1,1,base,drug_trafficking,normal,"[""No favorable"", ""Salida favorable""]"
6830,Metropolitana,DEF-0765,7.0,Consumado,29,no,0,0.27860638,0,0,base,drug_trafficking,normal,"[""No favorable"", ""Salida favorable""]"
10333,Tarapacá,DEF-0106,5.0,Consumado,18,yes,1,0.9993784,1,1,base,drug_trafficking,normal,"[""No favorable"", ""Salida favorable""]"
7842,Metropolitana,DEF-0706,3.0,Consumado,19,no,0,0.28097835,0,0,base,drug_trafficking,normal,"[""No favorable"", ""Salida favorable""]"
8772,Valparaíso,DEF-0425,6.0,Consumado,25,no,0,0.30395153,1,1,base,drug_trafficking,normal,"[""No favorable"", ""Salida favorable""]"
663,Valparaíso,DEF-0300,11.0,Consumado,37,no,0,0.33146885,1,1,base,drug_trafficking,normal,"[""No favorable"", ""Salida favorable""]"
16023,Bio Bío,DEF-0506,0.0,Consumado,26,no,0,0.31670213,0,0,base,drug_trafficking,normal,"[""No favorable"", ""Salida favorable""]"
7120,Antofagasta,DEF-0011,6.0,Consumado,30,yes,1,0.9994414,1,1,base,drug_trafficking,normal,"[""No favorable"", ""Salida favorable""]"
2536,Arica y Parinacota,DEF-0140,11.0,Consumado,24,no,0,0.30027,0,0,base,drug_trafficking,normal,"[""No favorable"", ""Salida favorable""]"
3414,Metropolitana,DEF-0096,3.0,Consumado,27,yes,1,0.9994052,1,1,base,drug_trafficking,normal,"[""No favorable"", ""Salida favorable""]"
12041,Antofagasta,DEF-0683,6.0,Consumado,23,no,0,0.16984011,0,0,base,drug_trafficking,normal,"[""No favorable"", ""Salida favorable""]"
13745,Antofagasta,DEF-0750,3.0,Consumado,35,yes,1,0.9900497,1,1,base,drug_trafficking,normal,"[""No favorable"", ""Salida favorable""]"
5408,Metropolitana,DEF-0069,2.0,Consumado,31,no,0,0.2780554,0,0,base,drug_trafficking,normal,"[""No favorable"", ""Salida favorable""]"
952,Valparaíso,DEF-0207,9.0,Consumado,29,no,0,0.35026002,0,0,base,drug_trafficking,normal,"[""No favorable"", ""Salida favorable""]"
12910,Arica y Parinacota,DEF-0225,5.0,Consumado,35,no,0,0.25524634,1,1,base,drug_trafficking,normal,"[""No favorable"", ""Salida favorable""]"
6712,Los Ríos,DEF-0196,4.0,Consumado,18,no,0,0.38414463,0,0,base,drug_trafficking,normal,"[""No favorable"", ""Salida favorable""]"
8883,Tarapacá,DEF-0789,10.0,Consumado,30,no,0,0.27707407,0,0,base,drug_trafficking,normal,"[""No favorable"", ""Salida favorable""]"
5523,Tarapacá,DEF-0100,4.0,Consumado,30,yes,1,0.9993871,1,1,base,drug_trafficking,normal,"[""No favorable"", ""Salida favorable""]"
5062,Tarapacá,DEF-0100,4.0,Consumado,33,yes,1,0.99938136,1,1,base,drug_trafficking,normal,"[""No favorable"", ""Salida favorable""]"
4272,Tarapacá,DEF-0188,2.0,Consumado,19,yes,1,0.99852335,1,1,base,drug_trafficking,normal,"[""No favorable"", ""Salida favorable""]"
15423,Antofagasta,DEF-0683,3.0,Consumado,44,yes,1,0.99200684,1,1,base,drug_trafficking,normal,"[""No favorable"", ""Salida favorable""]"
12376,Metropolitana,DEF-0872,8.0,Consumado,24,no,0,0.1713746,0,0,base,drug_trafficking,normal,"[""No favorable"", ""Salida favorable""]"
3769,Valparaíso,DEF-0180,3.0,Consumado,25,no,0,0.34203398,0,0,base,drug_trafficking,normal,"[""No favorable"", ""Salida favorable""]"
984,Arica y Parinacota,DEF-0383,19.0,Consumado,24,no,0,0.22053981,0,0,base,drug_trafficking,normal,"[""No favorable"", ""Salida favorable""]"
7784,Atacama,DEF-0241,4.0,Consumado,40,no,0,0.33306733,0,0,base,drug_trafficking,normal,"[""No favorable"", ""Salida favorable""]"
9542,Tarapacá,DEF-0073,7.0,Consumado,25,yes,1,0.9994762,1,1,base,drug_trafficking,normal,"[""No favorable"", ""Salida favorable""]"
15756,Antofagasta,DEF-0175,3.0,Consumado,26,no,0,0.24365625,0,0,base,drug_trafficking,normal,"[""No favorable"", ""Salida favorable""]"
15671,Antofagasta,DEF-0314,7.0,Consumado,25,yes,1,0.9975373,1,1,base,drug_trafficking,normal,"[""No favorable"", ""Salida favorable""]"
10215,Aysén,DEF-0819,8.0,Consumado,36,no,0,0.17634794,0,0,base,drug_trafficking,normal,"[""No favorable"", ""Salida favorable""]"
2017,Arica y Parinacota,DEF-0236,7.0,Consumado,32,no,0,0.25369084,0,0,base,drug_trafficking,normal,"[""No favorable"", ""Salida favorable""]"
2869,Tarapacá,DEF-0102,4.0,Consumado,44,yes,1,0.9993466,1,1,base,drug_trafficking,normal,"[""No favorable"", ""Salida favorable""]"
13844,Libertador Bernardo O'Higgins,DEF-0903,6.0,Consumado,24,no,0,0.2765536,0,0,base,drug_trafficking,normal,"[""No favorable"", ""Salida favorable""]"
5,Libertador Bernardo O'Higgins,DEF-0006,7.0,Consumado,18,no,0,0.22846656,1,1,base,drug_trafficking,normal,"[""No favorable"", ""Salida favorable""]"
14800,Metropolitana,DEF-0047,1.0,Consumado,22,no,0,0.3080808,0,0,base,drug_trafficking,normal,"[""No favorable"", ""Salida favorable""]"
16581,Tarapacá,DEF-0252,0.0,Consumado,36,no,0,0.33728433,0,0,base,drug_trafficking,normal,"[""No favorable"", ""Salida favorable""]"
14933,Antofagasta,DEF-0788,5.0,Consumado,30,no,0,0.16527563,1,1,base,drug_trafficking,normal,"[""No favorable"", ""Salida favorable""]"
3164,Arica y Parinacota,DEF-0455,9.0,Consumado,18,no,0,0.21406403,1,1,base,drug_trafficking,normal,"[""No favorable"", ""Salida favorable""]"
5751,Tarapacá,DEF-0188,5.0,Consumado,18,yes,1,0.9985483,1,1,base,drug_trafficking,normal,"[""No favorable"", ""Salida favorable""]"
10906,Antofagasta,DEF-0781,6.0,Consumado,23,yes,1,0.9898239,1,1,base,drug_trafficking,normal,"[""No favorable"", ""Salida favorable""]"
3062,Tarapacá,DEF-0188,3.0,Consumado,25,yes,1,0.9985167,1,1,base,drug_trafficking,normal,"[""No favorable"", ""Salida favorable""]"
8507,Libertador Bernardo O'Higgins,DEF-0602,4.0,Consumado,18,no,0,0.29742712,1,1,base,drug_trafficking,normal,"[""No favorable"", ""Salida favorable""]"
4230,Tarapacá,DEF-0124,6.0,Consumado,21,yes,1,0.99923646,1,1,base,drug_trafficking,normal,"[""No favorable"", ""Salida favorable""]"
6650,Metropolitana,DEF-0623,1.0,Consumado,25,no,0,0.28589788,0,0,base,drug_trafficking,normal,"[""No favorable"", ""Salida favorable""]"
8677,Metropolitana,DEF-0157,2.0,Consumado,18,no,0,0.3543683,0,0,base,drug_trafficking,normal,"[""No favorable"", ""Salida favorable""]"
9693,Arica y Parinacota,DEF-0234,12.0,Consumado,30,no,0,0.25682878,0,0,base,drug_trafficking,normal,"[""No favorable"", ""Salida favorable""]"
14906,Antofagasta,DEF-0859,4.0,Consumado,26,no,0,0.16383527,1,1,base,drug_trafficking,normal,"[""No favorable"", ""Salida favorable""]"
510,Libertador Bernardo O'Higgins,DEF-0092,5.0,Consumado,28,no,0,0.38177252,1,1,base,drug_trafficking,normal,"[""No favorable"", ""Salida favorable""]"
7291,Maule,DEF-0094,2.0,Consumado,24,no,0,0.29568234,1,1,base,drug_trafficking,normal,"[""No favorable"", ""Salida favorable""]"
15737,Antofagasta,DEF-0023,4.0,Consumado,23,yes,1,0.9994705,1,1,base,drug_trafficking,normal,"[""No favorable"", ""Salida favorable""]"
6654,Metropolitana,DEF-0185,7.0,Consumado,27,no,0,0.36586758,1,1,base,drug_trafficking,normal,"[""No favorable"", ""Salida favorable""]"
13524,Libertador Bernardo O'Higgins,DEF-0880,2.0,Consumado,27,no,0,0.27707624,0,0,base,drug_trafficking,normal,"[""No favorable"", ""Salida favorable""]"
16029,Tarapacá,DEF-0202,3.0,Consumado,28,yes,1,0.9983991,1,1,base,drug_trafficking,normal,"[""No favorable"", ""Salida favorable""]"
7386,Metropolitana,DEF-0193,6.0,Consumado,18,no,0,0.36289006,0,0,base,drug_trafficking,normal,"[""No favorable"", ""Salida favorable""]"
8159,Tarapacá,DEF-0270,4.0,Consumado,20,yes,1,0.99805045,1,1,base,drug_trafficking,normal,"[""No favorable"", ""Salida favorable""]"
1028,Arica y Parinacota,DEF-0346,12.0,Consumado,29,yes,1,0.9982796,1,1,base,drug_trafficking,normal,"[""No favorable"", ""Salida favorable""]"
15468,Tarapacá,DEF-0202,6.0,Consumado,30,yes,1,0.9984169,1,1,base,drug_trafficking,normal,"[""No favorable"", ""Salida favorable""]"
6893,Valparaíso,DEF-0134,2.0,Consumado,18,no,0,0.3050123,0,0,base,drug_trafficking,normal,"[""No favorable"", ""Salida favorable""]"
7060,Antofagasta,DEF-0026,3.0,Consumado,25,yes,1,0.99946463,1,1,base,drug_trafficking,normal,"[""No favorable"", ""Salida favorable""]"
3393,Tarapacá,DEF-0153,4.0,Consumado,30,no,0,0.33955735,0,0,base,drug_trafficking,normal,"[""No favorable"", ""Salida favorable""]"
9149,Coquimbo,DEF-0397,3.0,Consumado,31,no,0,0.34036624,0,0,base,drug_trafficking,normal,"[""No favorable"", ""Salida favorable""]"
5913,Atacama,DEF-0093,5.0,Consumado,27,no,0,0.41127548,0,0,base,drug_trafficking,normal,"[""No favorable"", ""Salida favorable""]"
15061,Antofagasta,DEF-0852,8.0,Consumado,22,yes,1,0.98487926,1,1,base,drug_trafficking,normal,"[""No favorable"", ""Salida favorable""]"
8798,Antofagasta,DEF-0750,4.0,Consumado,18,no,0,0.16785619,0,0,base,drug_trafficking,normal,"[""No favorable"", ""Salida favorable""]"
1395,Tarapacá,DEF-0102,3.0,Consumado,22,yes,1,0.999388,1,1,base,drug_trafficking,normal,"[""No favorable"", ""Salida favorable""]"
6036,Tarapacá,DEF-0106,6.0,Consumado,23,yes,1,0.99937224,1,1,base,drug_trafficking,normal,"[""No favorable"", ""Salida favorable""]"
14466,Arica y Parinacota,DEF-0263,4.0,Consumado,29,yes,1,0.9984739,1,1,base,drug_trafficking,normal,"[""No favorable"", ""Salida favorable""]"
10359,Tarapacá,DEF-0251,4.0,Consumado,40,yes,1,0.99810606,1,1,base,drug_trafficking,normal,"[""No favorable"", ""Salida favorable""]"
341,Coquimbo,DEF-0203,1.0,Consumado,19,no,0,0.4137955,1,1,base,drug_trafficking,normal,"[""No favorable"", ""Salida favorable""]"
16157,Tarapacá,DEF-0660,4.0,Consumado,35,yes,1,0.9896758,1,1,base,drug_trafficking,normal,"[""No favorable"", ""Salida favorable""]"
14963,Tarapacá,DEF-0106,4.0,Consumado,18,yes,1,0.9993753,1,1,base,drug_trafficking,normal,"[""No favorable"", ""Salida favorable""]"
546,Tarapacá,DEF-0102,7.0,Consumado,21,no,0,0.28533444,0,0,base,drug_trafficking,normal,"[""No favorable"", ""Salida favorable""]"
3389,Libertador Bernardo O'Higgins,DEF-0208,6.0,Consumado,30,no,0,0.40228593,1,1,base,drug_trafficking,normal,"[""No favorable"", ""Salida favorable""]"
4199,Bio Bío,DEF-0663,5.0,Consumado,30,no,0,0.29562777,1,1,base,drug_trafficking,normal,"[""No favorable"", ""Salida favorable""]"
5263,Tarapacá,DEF-0317,4.0,Consumado,18,yes,1,0.9977963,1,1,base,drug_trafficking,normal,"[""No favorable"", ""Salida favorable""]"
11701,Metropolitana,DEF-0043,2.0,Consumado,35,no,0,0.29219955,0,0,base,drug_trafficking,normal,"[""No favorable"", ""Salida favorable""]"
8837,Bio Bío,DEF-0411,7.0,Consumado,31,yes,1,0.9981741,1,1,base,drug_trafficking,normal,"[""No favorable"", ""Salida favorable""]"
12547,La Araucanía,DEF-0463,4.0,Consumado,20,no,0,0.32138884,0,0,base,drug_trafficking,normal,"[""No favorable"", ""Salida favorable""]"
14059,Ñuble,DEF-0593,3.0,Consumado,44,no,0,0.2848681,1,1,base,drug_trafficking,normal,"[""No favorable"", ""Salida favorable""]"
8463,Tarapacá,DEF-0660,6.0,Consumado,26,yes,1,0.9900664,1,1,base,drug_trafficking,normal,"[""No favorable"", ""Salida favorable""]"
1841,Tarapacá,DEF-0317,4.0,Consumado,34,yes,1,0.99776584,1,1,base,drug_trafficking,normal,"[""No favorable"", ""Salida favorable""]"
12465,Tarapacá,DEF-0153,5.0,Consumado,34,yes,1,0.9988749,1,1,base,drug_trafficking,normal,"[""No favorable"", ""Salida favorable""]"
6163,Coquimbo,DEF-0282,6.0,Consumado,18,no,0,0.38336593,0,0,base,drug_trafficking,normal,"[""No favorable"", ""Salida favorable""]"
2187,Tarapacá,DEF-0124,6.0,Consumado,24,yes,1,0.9992288,1,1,base,drug_trafficking,normal,"[""No favorable"", ""Salida favorable""]"
16277,Libertador Bernardo O'Higgins,DEF-0710,3.0,Consumado,18,no,0,0.28703278,0,0,base,drug_trafficking,normal,"[""No favorable"", ""Salida favorable""]"
1150,Valparaíso,DEF-0416,10.0,Consumado,27,no,0,0.30742756,0,0,base,drug_trafficking,normal,"[""No favorable"", ""Salida favorable""]"
6875,Arica y Parinacota,DEF-0383,10.0,Consumado,24,no,0,0.22141482,0,0,base,drug_trafficking,normal,"[""No favorable"", ""Salida favorable""]"
10530,Tarapacá,DEF-0102,5.0,Consumado,21,yes,1,0.99939567,1,1,base,drug_trafficking,normal,"[""No favorable"", ""Salida favorable""]"
3124,Tarapacá,DEF-0533,4.0,Consumado,28,yes,1,0.99505275,1,1,base,drug_trafficking,normal,"[""No favorable"", ""Salida favorable""]"
13764,Los Lagos,DEF-0186,10.0,Consumado,39,no,0,0.41213962,1,1,base,drug_trafficking,normal,"[""No favorable"", ""Salida favorable""]"
8932,Metropolitana,DEF-0448,1.0,Consumado,34,no,0,0.30408466,1,1,base,drug_trafficking,normal,"[""No favorable"", ""Salida favorable""]"
4256,Tarapacá,DEF-0100,3.0,Consumado,21,yes,1,0.99940026,1,1,base,drug_trafficking,normal,"[""No favorable"", ""Salida favorable""]"
11617,Tarapacá,DEF-0106,5.0,Consumado,19,yes,1,0.9993766,1,1,base,drug_trafficking,normal,"[""No favorable"", ""Salida favorable""]"
3089,Metropolitana,DEF-0070,9.0,Consumado,36,no,0,0.28982714,1,1,base,drug_trafficking,normal,"[""No favorable"", ""Salida favorable""]"
2066,Tarapacá,DEF-0484,6.0,Consumado,31,yes,1,0.9960969,1,1,base,drug_trafficking,normal,"[""No favorable"", ""Salida favorable""]"
3526,Libertador Bernardo O'Higgins,DEF-0446,5.0,Consumado,21,no,0,0.32189462,0,0,base,drug_trafficking,normal,"[""No favorable"", ""Salida favorable""]"
3029,Metropolitana,DEF-0082,1.0,Consumado,36,no,0,0.2667697,0,0,base,drug_trafficking,normal,"[""No favorable"", ""Salida favorable""]"
1340,Maule,DEF-0361,27.0,Consumado,29,no,0,0.3449732,1,1,base,drug_trafficking,normal,"[""No favorable"", ""Salida favorable""]"
9092,Arica y Parinacota,DEF-0346,8.0,Consumado,33,yes,1,0.998263,1,1,base,drug_trafficking,normal,"[""No favorable"", ""Salida favorable""]"
6073,Arica y Parinacota,DEF-0012,8.0,Consumado,34,yes,1,0.99951077,1,1,base,drug_trafficking,normal,"[""No favorable"", ""Salida favorable""]"
13213,Tarapacá,DEF-0153,17.0,Consumado,31,no,0,0.36521223,0,0,base,drug_trafficking,normal,"[""No favorable"", ""Salida favorable""]"
14972,Tarapacá,DEF-0252,5.0,Consumado,29,no,0,0.34152153,0,0,base,drug_trafficking,normal,"[""No favorable"", ""Salida favorable""]"
8126,Antofagasta,DEF-0633,5.0,Consumado,18,no,0,0.17293613,0,0,base,drug_trafficking,normal,"[""No favorable"", ""Salida favorable""]"
10669,Valparaíso,DEF-0532,9.0,Consumado,30,yes,1,0.994924,1,1,base,drug_trafficking,normal,"[""No favorable"", ""Salida favorable""]"
14432,Antofagasta,DEF-0023,6.0,Consumado,23,yes,1,0.9994698,1,1,base,drug_trafficking,normal,"[""No favorable"", ""Salida favorable""]"
221,Tarapacá,DEF-0102,5.0,Consumado,24,no,0,0.27936032,1,1,base,drug_trafficking,normal,"[""No favorable"", ""Salida favorable""]"
7306,Los Lagos,DEF-0646,0.0,Consumado,20,no,0,0.28987673,1,1,base,drug_trafficking,normal,"[""No favorable"", ""Salida favorable""]"
6008,Bio Bío,DEF-0739,6.0,Consumado,22,no,0,0.28853428,1,1,base,drug_trafficking,normal,"[""No favorable"", ""Salida favorable""]"
12750,Antofagasta,DEF-0805,3.0,Consumado,18,no,0,0.16621187,0,0,base,drug_trafficking,normal,"[""No favorable"", ""Salida favorable""]"
12166,Tarapacá,DEF-0073,3.0,Consumado,31,yes,1,0.9994605,1,1,base,drug_trafficking,normal,"[""No favorable"", ""Salida favorable""]"
2557,Metropolitana,DEF-0070,3.0,Frustrado,33,no,0,0.44201025,0,0,base,drug_trafficking,normal,"[""No favorable"", ""Salida favorable""]"
11240,Arica y Parinacota,DEF-0031,5.0,Consumado,34,yes,1,0.9995171,1,1,base,drug_trafficking,normal,"[""No favorable"", ""Salida favorable""]"
4241,Tarapacá,DEF-0107,3.0,Consumado,24,yes,1,0.9993543,1,1,base,drug_trafficking,normal,"[""No favorable"", ""Salida favorable""]"
2909,Arica y Parinacota,DEF-0078,9.0,Consumado,37,yes,1,0.9993431,1,1,base,drug_trafficking,normal,"[""No favorable"", ""Salida favorable""]"
6511,Metropolitana,DEF-0193,13.0,Consumado,41,no,0,0.3761415,1,1,base,drug_trafficking,normal,"[""No favorable"", ""Salida favorable""]"
13527,Arica y Parinacota,DEF-0234,13.0,Consumado,23,no,0,0.26128164,0,0,base,drug_trafficking,normal,"[""No favorable"", ""Salida favorable""]"
6489,Tarapacá,DEF-0660,7.0,Consumado,20,no,0,0.283326,1,1,base,drug_trafficking,normal,"[""No favorable"", ""Salida favorable""]"
93,Valparaíso,DEF-0069,6.0,Consumado,36,no,0,0.27368924,0,0,base,drug_trafficking,normal,"[""No favorable"", ""Salida favorable""]"
11172,Metropolitana,DEF-0700,4.0,Consumado,37,no,0,0.2816844,1,1,base,drug_trafficking,normal,"[""No favorable"", ""Salida favorable""]"
10456,Arica y Parinacota,DEF-0383,10.0,Consumado,30,yes,1,0.9981788,1,1,base,drug_trafficking,normal,"[""No favorable"", ""Salida favorable""]"
14085,Los Lagos,DEF-0799,4.0,Consumado,21,no,0,0.280218,0,0,base,drug_trafficking,normal,"[""No favorable"", ""Salida favorable""]"
3953,Arica y Parinacota,DEF-0234,3.0,Consumado,27,no,0,0.25743258,0,0,base,drug_trafficking,normal,"[""No favorable"", ""Salida favorable""]"
14696,Arica y Parinacota,DEF-0263,4.0,Consumado,31,yes,1,0.9984641,1,1,base,drug_trafficking,normal,"[""No favorable"", ""Salida favorable""]"
8987,Antofagasta,DEF-0419,6.0,Consumado,18,no,0,0.1913964,0,0,base,drug_trafficking,normal,"[""No favorable"", ""Salida favorable""]"
2196,La Araucanía,DEF-0450,4.0,Consumado,43,no,0,0.32553086,0,0,base,drug_trafficking,normal,"[""No favorable"", ""Salida favorable""]"
12469,Tarapacá,DEF-0270,5.0,Consumado,36,yes,1,0.9980318,1,1,base,drug_trafficking,normal,"[""No favorable"", ""Salida favorable""]"
10509,Valparaíso,DEF-0677,5.0,Consumado,27,no,0,0.28077418,1,1,base,drug_trafficking,normal,"[""No favorable"", ""Salida favorable""]"
2140,Metropolitana,DEF-0511,3.0,Consumado,22,no,0,0.29681614,1,1,base,drug_trafficking,normal,"[""No favorable"", ""Salida favorable""]"
14551,Metropolitana,DEF-0082,0.0,Consumado,28,no,0,0.2693109,0,0,base,drug_trafficking,normal,"[""No favorable"", ""Salida favorable""]"
5614,Metropolitana,DEF-0218,68.0,Consumado,21,no,1,0.505708,1,1,base,drug_trafficking,normal,"[""No favorable"", ""Salida favorable""]"
12282,Tarapacá,DEF-0533,4.0,Consumado,29,yes,1,0.99504954,1,1,base,drug_trafficking,normal,"[""No favorable"", ""Salida favorable""]"
1415,Metropolitana,DEF-0080,5.0,Consumado,34,no,0,0.27615216,0,0,base,drug_trafficking,normal,"[""No favorable"", ""Salida favorable""]"
1008,Metropolitana,DEF-0390,5.0,Consumado,42,no,0,0.31568605,1,1,base,drug_trafficking,normal,"[""No favorable"", ""Salida favorable""]"
16319,Tarapacá,DEF-0106,2.0,Consumado,30,yes,1,0.99934494,1,1,base,drug_trafficking,normal,"[""No favorable"", ""Salida favorable""]"
15428,Antofagasta,DEF-0683,3.0,Consumado,25,yes,1,0.9935085,1,1,base,drug_trafficking,normal,"[""No favorable"", ""Salida favorable""]"
6093,Atacama,DEF-0054,5.0,Consumado,29,yes,1,0.9995007,1,1,base,drug_trafficking,normal,"[""No favorable"", ""Salida favorable""]"
1135,Metropolitana,DEF-0139,9.0,Consumado,24,no,0,0.3538094,0,0,base,drug_trafficking,normal,"[""No favorable"", ""Salida favorable""]"
2952,Valparaíso,DEF-0327,2.0,Consumado,23,no,0,0.31754178,1,1,base,drug_trafficking,normal,"[""No favorable"", ""Salida favorable""]"
13643,La Araucanía,DEF-0167,3.0,Consumado,28,no,0,0.42626607,0,0,base,drug_trafficking,normal,"[""No favorable"", ""Salida favorable""]"
6300,Valparaíso,DEF-0182,8.0,Consumado,18,no,0,0.34953922,0,0,base,drug_trafficking,normal,"[""No favorable"", ""Salida favorable""]"
15422,Metropolitana,DEF-0096,5.0,Consumado,20,no,0,0.29117256,0,0,base,drug_trafficking,normal,"[""No favorable"", ""Salida favorable""]"
6602,Libertador Bernardo O'Higgins,DEF-0631,4.0,Consumado,32,no,0,0.29439005,1,1,base,drug_trafficking,normal,"[""No favorable"", ""Salida favorable""]"
7348,Tarapacá,DEF-0660,9.0,Consumado,23,yes,1,0.99060774,1,1,base,drug_trafficking,normal,"[""No favorable"", ""Salida favorable""]"
6997,Valparaíso,DEF-0532,6.0,Consumado,18,no,0,0.29173464,0,0,base,drug_trafficking,normal,"[""No favorable"", ""Salida favorable""]"
3924,Arica y Parinacota,DEF-0078,7.0,Consumado,33,yes,1,0.99935234,1,1,base,drug_trafficking,normal,"[""No favorable"", ""Salida favorable""]"
10859,Maule,DEF-0335,5.0,Consumado,21,no,0,0.32949564,1,1,base,drug_trafficking,normal,"[""No favorable"", ""Salida favorable""]"
5247,Tarapacá,DEF-0124,3.0,Consumado,35,yes,1,0.99918425,1,1,base,drug_trafficking,normal,"[""No favorable"", ""Salida favorable""]"
2558,Metropolitana,DEF-0070,3.0,Consumado,18,no,0,0.2886966,0,0,base,drug_trafficking,normal,"[""No favorable"", ""Salida favorable""]"
15087,Metropolitana,DEF-0139,3.0,Consumado,45,no,0,0.33357483,0,0,base,drug_trafficking,normal,"[""No favorable"", ""Salida favorable""]"
4410,Coquimbo,DEF-0074,4.0,Consumado,18,no,0,0.41428643,0,0,base,drug_trafficking,normal,"[""No favorable"", ""Salida favorable""]"
13847,Metropolitana,DEF-0289,5.0,Consumado,29,no,0,0.3369018,0,0,base,drug_trafficking,normal,"[""No favorable"", ""Salida favorable""]"
16371,Metropolitana,DEF-0495,3.0,Consumado,21,no,0,0.29858983,0,0,base,drug_trafficking,normal,"[""No favorable"", ""Salida favorable""]"
9002,Bio Bío,DEF-0512,1.0,Consumado,29,no,0,0.16632564,0,0,base,drug_trafficking,normal,"[""No favorable"", ""Salida favorable""]"
5733,Tarapacá,DEF-0270,5.0,Consumado,20,yes,1,0.9980609,1,1,base,drug_trafficking,normal,"[""No favorable"", ""Salida favorable""]"
10400,Arica y Parinacota,DEF-0309,8.0,Consumado,24,no,0,0.23774704,0,0,base,drug_trafficking,normal,"[""No favorable"", ""Salida favorable""]"
2074,Tarapacá,DEF-0089,6.0,Consumado,30,no,0,0.27001387,0,0,base,drug_trafficking,normal,"[""No favorable"", ""Salida favorable""]"
12813,La Araucanía,DEF-0570,2.0,Consumado,21,no,0,0.30296686,0,0,base,drug_trafficking,normal,"[""No favorable"", ""Salida favorable""]"
8892,Tarapacá,DEF-0102,6.0,Consumado,18,yes,1,0.99940354,1,1,base,drug_trafficking,normal,"[""No favorable"", ""Salida favorable""]"
12001,Antofagasta,DEF-0805,7.0,Consumado,30,yes,1,0.9873361,1,1,base,drug_trafficking,normal,"[""No favorable"", ""Salida favorable""]"
8776,Los Lagos,DEF-0164,18.0,Consumado,21,no,0,0.4364393,1,1,base,drug_trafficking,normal,"[""No favorable"", ""Salida favorable""]"
14811,Tarapacá,DEF-0102,13.0,Consumado,28,no,0,0.29418388,0,0,base,drug_trafficking,normal,"[""No favorable"", ""Salida favorable""]"
5787,Arica y Parinacota,DEF-0346,5.0,Consumado,18,yes,1,0.9983497,1,1,base,drug_trafficking,normal,"[""No favorable"", ""Salida favorable""]"
12905,Antofagasta,DEF-0419,2.0,Consumado,25,no,0,0.18970498,0,0,base,drug_trafficking,normal,"[""No favorable"", ""Salida favorable""]"
11961,Tarapacá,DEF-0106,4.0,Consumado,21,yes,1,0.99936974,1,1,base,drug_trafficking,normal,"[""No favorable"", ""Salida favorable""]"
12898,Tarapacá,DEF-0058,3.0,Consumado,33,yes,1,0.9994557,1,1,base,drug_trafficking,normal,"[""No favorable"", ""Salida favorable""]"
16134,Maule,DEF-0343,4.0,Consumado,37,no,0,0.3279831,0,0,base,drug_trafficking,normal,"[""No favorable"", ""Salida favorable""]"
13136,Bio Bío,DEF-0260,6.0,Consumado,33,no,0,0.4023347,1,1,base,drug_trafficking,normal,"[""No favorable"", ""Salida favorable""]"
11030,Metropolitana,DEF-0040,6.0,Consumado,29,no,0,0.31395835,0,0,base,drug_trafficking,normal,"[""No favorable"", ""Salida favorable""]"
15192,Tarapacá,DEF-0884,7.0,Consumado,40,yes,1,0.9522776,1,1,base,drug_trafficking,normal,"[""No favorable"", ""Salida favorable""]"
16522,La Araucanía,DEF-0572,2.0,Consumado,19,no,0,0.30266702,0,0,base,drug_trafficking,normal,"[""No favorable"", ""Salida favorable""]"
13098,Arica y Parinacota,DEF-0455,9.0,Consumado,32,no,0,0.20669025,1,1,base,drug_trafficking,normal,"[""No favorable"", ""Salida favorable""]"
12561,Valparaíso,DEF-0304,3.0,Consumado,28,no,0,0.32315135,1,1,base,drug_trafficking,normal,"[""No favorable"", ""Salida favorable""]"
12747,Arica y Parinacota,DEF-0234,9.0,Consumado,38,yes,1,0.9984617,1,1,base,drug_trafficking,normal,"[""No favorable"", ""Salida favorable""]"
14964,Tarapacá,DEF-0913,13.0,Consumado,23,yes,1,0.94774616,1,1,base,drug_trafficking,normal,"[""No favorable"", ""Salida favorable""]"
1518,Tarapacá,DEF-0190,6.0,Consumado,23,no,0,0.35538983,0,0,base,drug_trafficking,normal,"[""No favorable"", ""Salida favorable""]"
4583,Aysén,DEF-0424,8.0,Consumado,27,no,0,0.3333008,0,0,base,drug_trafficking,normal,"[""No favorable"", ""Salida favorable""]"
5924,Maule,DEF-0154,7.0,Consumado,32,no,0,0.37261325,0,0,base,drug_trafficking,normal,"[""No favorable"", ""Salida favorable""]"
5665,Tarapacá,DEF-0660,5.0,Consumado,27,no,0,0.28298354,0,0,base,drug_trafficking,normal,"[""No favorable"", ""Salida favorable""]"
8001,Tarapacá,DEF-0106,3.0,Consumado,18,yes,1,0.9993722,1,1,base,drug_trafficking,normal,"[""No favorable"", ""Salida favorable""]"
15341,Metropolitana,DEF-0801,3.0,Consumado,30,no,0,0.27636498,1,1,base,drug_trafficking,normal,"[""No favorable"", ""Salida favorable""]"
839,Arica y Parinacota,DEF-0309,16.0,Consumado,18,no,0,0.24106118,0,0,base,drug_trafficking,normal,"[""No favorable"", ""Salida favorable""]"
14392,Bio Bío,DEF-0260,2.0,Consumado,26,no,0,0.39501348,0,0,base,drug_trafficking,normal,"[""No favorable"", ""Salida favorable""]"
13947,Metropolitana,DEF-0003,2.0,Consumado,41,no,0,0.1629177,0,0,base,drug_trafficking,normal,"[""No favorable"", ""Salida favorable""]"
4207,Tarapacá,DEF-0317,5.0,Consumado,22,yes,1,0.9978036,1,1,base,drug_trafficking,normal,"[""No favorable"", ""Salida favorable""]"
8727,Metropolitana,DEF-0193,3.0,Consumado,36,no,0,0.35965872,0,0,base,drug_trafficking,normal,"[""No favorable"", ""Salida favorable""]"
728,Metropolitana,DEF-0312,12.0,Consumado,27,no,0,0.3374163,1,1,base,drug_trafficking,normal,"[""No favorable"", ""Salida favorable""]"
10874,Maule,DEF-0135,4.0,Consumado,29,no,0,0.35347787,1,1,base,drug_trafficking,normal,"[""No favorable"", ""Salida favorable""]"
7011,Metropolitana,DEF-0197,6.0,Consumado,24,no,0,0.36245534,1,1,base,drug_trafficking,normal,"[""No favorable"", ""Salida favorable""]"
12433,Arica y Parinacota,DEF-0284,10.0,Consumado,35,yes,1,0.9983822,1,1,base,drug_trafficking,normal,"[""No favorable"", ""Salida favorable""]"
15348,Antofagasta,DEF-0821,3.0,Consumado,18,yes,1,0.9876805,1,1,base,drug_trafficking,normal,"[""No favorable"", ""Salida favorable""]"
10360,Tarapacá,DEF-0660,3.0,Consumado,31,yes,1,0.9894805,1,1,base,drug_trafficking,normal,"[""No favorable"", ""Salida favorable""]"
11219,Arica y Parinacota,DEF-0225,9.0,Consumado,21,yes,1,0.99856865,1,1,base,drug_trafficking,normal,"[""No favorable"", ""Salida favorable""]"
7632,Valparaíso,DEF-0134,2.0,Consumado,31,no,0,0.29816285,1,1,base,drug_trafficking,normal,"[""No favorable"", ""Salida favorable""]"
6713,Tarapacá,DEF-0100,4.0,Consumado,21,yes,1,0.9994031,1,1,base,drug_trafficking,normal,"[""No favorable"", ""Salida favorable""]"
4796,Valparaíso,DEF-0605,3.0,Consumado,25,no,0,0.2849776,0,0,base,drug_trafficking,normal,"[""No favorable"", ""Salida favorable""]"
2681,Tarapacá,DEF-0100,7.0,Consumado,18,no,0,0.28540453,0,0,base,drug_trafficking,normal,"[""No favorable"", ""Salida favorable""]"
15070,Antofagasta,DEF-0766,7.0,Consumado,44,no,0,0.16494732,0,0,base,drug_trafficking,normal,"[""No favorable"", ""Salida favorable""]"
977,Tarapacá,DEF-0106,5.0,Consumado,27,no,0,0.2818461,0,0,base,drug_trafficking,normal,"[""No favorable"", ""Salida favorable""]"
4596,Maule,DEF-0135,10.0,Consumado,21,no,0,0.36967024,0,0,base,drug_trafficking,normal,"[""No favorable"", ""Salida favorable""]"
7697,Coquimbo,DEF-0074,4.0,Consumado,32,yes,1,0.99945486,1,1,base,drug_trafficking,normal,"[""No favorable"", ""Salida favorable""]"
15150,Tarapacá,DEF-0106,3.0,Consumado,27,yes,1,0.99935466,1,1,base,drug_trafficking,normal,"[""No favorable"", ""Salida favorable""]"
16128,Los Lagos,DEF-0157,2.0,Consumado,18,no,0,0.40212736,1,1,base,drug_trafficking,normal,"[""No favorable"", ""Salida favorable""]"
10406,Metropolitana,DEF-0433,4.0,Consumado,37,no,0,0.30784693,0,0,base,drug_trafficking,normal,"[""No favorable"", ""Salida favorable""]"
9318,Tarapacá,DEF-0124,6.0,Consumado,30,yes,1,0.99921274,1,1,base,drug_trafficking,normal,"[""No favorable"", ""Salida favorable""]"
9163,Metropolitana,DEF-0757,4.0,Consumado,24,no,0,0.2784605,1,1,base,drug_trafficking,normal,"[""No favorable"", ""Salida favorable""]"
14405,Arica y Parinacota,DEF-0236,14.0,Consumado,24,yes,1,0.9985203,1,1,base,drug_trafficking,normal,"[""No favorable"", ""Salida favorable""]"
16472,Metropolitana,DEF-0082,0.0,Consumado,18,no,0,0.275578,0,0,base,drug_trafficking,normal,"[""No favorable"", ""Salida favorable""]"
2448,Valparaíso,DEF-0265,3.0,Consumado,29,no,0,0.33175197,0,0,base,drug_trafficking,normal,"[""No favorable"", ""Salida favorable""]"
15726,Antofagasta,DEF-0290,4.0,Consumado,18,no,0,0.21254295,0,0,base,drug_trafficking,normal,"[""No favorable"", ""Salida favorable""]"
4916,Valparaíso,DEF-0182,3.0,Consumado,18,no,0,0.34299198,0,0,base,drug_trafficking,normal,"[""No favorable"", ""Salida favorable""]"
15332,Antofagasta,DEF-0313,7.0,Consumado,31,yes,1,0.9974115,1,1,base,drug_trafficking,normal,"[""No favorable"", ""Salida favorable""]"
2369,Atacama,DEF-0349,8.0,Consumado,20,no,0,0.3108211,0,0,base,drug_trafficking,normal,"[""No favorable"", ""Salida favorable""]"
4082,Metropolitana,DEF-0240,3.0,Consumado,31,no,0,0.34847525,0,0,base,drug_trafficking,normal,"[""No favorable"", ""Salida favorable""]"
7872,Arica y Parinacota,DEF-0108,9.0,Consumado,21,no,0,0.31406805,0,0,base,drug_trafficking,normal,"[""No favorable"", ""Salida favorable""]"
2184,Tarapacá,DEF-0188,2.0,Consumado,18,yes,1,0.9985257,1,1,base,drug_trafficking,normal,"[""No favorable"", ""Salida favorable""]"
12044,Arica y Parinacota,DEF-0118,8.0,Consumado,21,yes,1,0.9990532,1,1,base,drug_trafficking,normal,"[""No favorable"", ""Salida favorable""]"
14863,Tarapacá,DEF-0252,0.0,Consumado,25,no,0,0.33651578,0,0,base,drug_trafficking,normal,"[""No favorable"", ""Salida favorable""]"
10365,Valparaíso,DEF-0308,5.0,Consumado,32,no,0,0.3240635,0,0,base,drug_trafficking,normal,"[""No favorable"", ""Salida favorable""]"
9447,Valparaíso,DEF-0232,9.0,Consumado,38,no,0,0.34643286,0,0,base,drug_trafficking,normal,"[""No favorable"", ""Salida favorable""]"
3793,Arica y Parinacota,DEF-0118,11.0,Consumado,28,no,0,0.3062023,0,0,base,drug_trafficking,normal,"[""No favorable"", ""Salida favorable""]"
5773,Metropolitana,DEF-0506,8.0,Consumado,34,no,0,0.2998079,0,0,base,drug_trafficking,normal,"[""No favorable"", ""Salida favorable""]"
5886,Coquimbo,DEF-0323,3.0,Consumado,18,no,0,0.3631295,1,1,base,drug_trafficking,normal,"[""No favorable"", ""Salida favorable""]"
3868,Metropolitana,DEF-0043,4.0,Consumado,23,no,0,0.31681743,0,0,base,drug_trafficking,normal,"[""No favorable"", ""Salida favorable""]"
7650,Metropolitana,DEF-0415,7.0,Consumado,24,no,0,0.31165183,0,0,base,drug_trafficking,normal,"[""No favorable"", ""Salida favorable""]"
13671,Arica y Parinacota,DEF-0478,9.0,Consumado,37,yes,1,0.9977597,1,1,base,drug_trafficking,normal,"[""No favorable"", ""Salida favorable""]"
9505,Metropolitana,DEF-0082,0.0,Consumado,26,no,0,0.27049786,0,0,base,drug_trafficking,normal,"[""No favorable"", ""Salida favorable""]"
15243,Tarapacá,DEF-0102,3.0,Consumado,26,no,0,0.27425942,0,0,base,drug_trafficking,normal,"[""No favorable"", ""Salida favorable""]"
3693,Libertador Bernardo O'Higgins,DEF-0549,6.0,Consumado,22,no,0,0.30518213,0,0,base,drug_trafficking,normal,"[""No favorable"", ""Salida favorable""]"
7368,Arica y Parinacota,DEF-0478,8.0,Consumado,22,yes,1,0.9978921,1,1,base,drug_trafficking,normal,"[""No favorable"", ""Salida favorable""]"
12409,Arica y Parinacota,DEF-0118,8.0,Consumado,18,yes,1,0.999065,1,1,base,drug_trafficking,normal,"[""No favorable"", ""Salida favorable""]"
13382,Metropolitana,DEF-0047,3.0,Consumado,18,no,0,0.3199526,0,0,base,drug_trafficking,normal,"[""No favorable"", ""Salida favorable""]"
3950,Valparaíso,DEF-0604,12.0,Consumado,26,no,0,0.2873503,0,0,base,drug_trafficking,normal,"[""No favorable"", ""Salida favorable""]"
2188,Tarapacá,DEF-0188,5.0,Consumado,29,yes,1,0.99852127,1,1,base,drug_trafficking,normal,"[""No favorable"", ""Salida favorable""]"
1453,Valparaíso,DEF-0237,7.0,Consumado,34,no,0,0.3425066,1,1,base,drug_trafficking,normal,"[""No favorable"", ""Salida favorable""]"
7780,Tarapacá,DEF-0251,14.0,Consumado,18,yes,1,0.9982317,1,1,base,drug_trafficking,normal,"[""No favorable"", ""Salida favorable""]"
11330,Tarapacá,DEF-0058,6.0,Consumado,24,yes,1,0.99947304,1,1,base,drug_trafficking,normal,"[""No favorable"", ""Salida favorable""]"
14967,Tarapacá,DEF-0913,10.0,Consumado,18,no,0,0.27262485,0,0,base,drug_trafficking,normal,"[""No favorable"", ""Salida favorable""]"
3166,Arica y Parinacota,DEF-0230,9.0,Consumado,18,no,0,0.26569954,0,0,base,drug_trafficking,normal,"[""No favorable"", ""Salida favorable""]"
12429,Metropolitana,DEF-0121,5.0,Consumado,33,no,0,0.31694824,0,0,base,drug_trafficking,normal,"[""No favorable"", ""Salida favorable""]"
16689,Metropolitana,DEF-0082,0.0,Consumado,33,no,0,0.26648247,0,0,base,drug_trafficking,normal,"[""No favorable"", ""Salida favorable""]"
9383,Metropolitana,DEF-0796,6.0,Consumado,31,no,0,0.2770073,1,1,base,drug_trafficking,normal,"[""No favorable"", ""Salida favorable""]"
11731,Metropolitana,DEF-0082,6.0,Consumado,32,no,0,0.27923277,0,0,base,drug_trafficking,normal,"[""No favorable"", ""Salida favorable""]"
14230,Bio Bío,DEF-0506,5.0,Consumado,25,no,0,0.31956884,0,0,base,drug_trafficking,normal,"[""No favorable"", ""Salida favorable""]"
496,Metropolitana,DEF-0141,13.0,Consumado,18,no,0,0.3661312,1,1,base,drug_trafficking,normal,"[""No favorable"", ""Salida favorable""]"
1532,Los Lagos,DEF-0198,8.0,Consumado,36,no,0,0.40214062,1,1,base,drug_trafficking,normal,"[""No favorable"", ""Salida favorable""]"
15532,Tarapacá,DEF-0884,8.0,Consumado,29,yes,1,0.95268744,1,1,base,drug_trafficking,normal,"[""No favorable"", ""Salida favorable""]"
8620,Valparaíso,DEF-0195,4.0,Consumado,33,no,0,0.34496108,0,0,base,drug_trafficking,normal,"[""No favorable"", ""Salida favorable""]"
6281,Atacama,DEF-0307,4.0,Consumado,42,yes,1,0.9984961,1,1,base,drug_trafficking,normal,"[""No favorable"", ""Salida favorable""]"
8117,Magallanes y Antártica Chilena,DEF-0028,8.0,Consumado,24,no,0,0.35301906,1,1,base,drug_trafficking,normal,"[""No favorable"", ""Salida favorable""]"
14764,Bio Bío,DEF-0155,1.0,Consumado,29,no,0,0.45110133,1,1,base,drug_trafficking,normal,"[""No favorable"", ""Salida favorable""]"
4101,Metropolitana,DEF-0479,5.0,Consumado,34,no,0,0.3016209,0,0,base,drug_trafficking,normal,"[""No favorable"", ""Salida favorable""]"
11932,Tarapacá,DEF-0106,6.0,Consumado,30,no,0,0.28206253,0,0,base,drug_trafficking,normal,"[""No favorable"", ""Salida favorable""]"
7894,Atacama,DEF-0266,2.0,Consumado,18,no,0,0.34514862,0,0,base,drug_trafficking,normal,"[""No favorable"", ""Salida favorable""]"
147,Arica y Parinacota,DEF-0108,7.0,Consumado,22,no,0,0.31133246,0,0,base,drug_trafficking,normal,"[""No favorable"", ""Salida favorable""]"
2087,Tarapacá,DEF-0188,2.0,Consumado,18,yes,1,0.9985257,1,1,base,drug_trafficking,normal,"[""No favorable"", ""Salida favorable""]"
10513,Metropolitana,DEF-0666,5.0,Consumado,20,yes,1,0.99067587,1,1,base,drug_trafficking,normal,"[""No favorable"", ""Salida favorable""]"
11671,Arica y Parinacota,DEF-0225,9.0,Consumado,29,yes,1,0.9985305,1,1,base,drug_trafficking,normal,"[""No favorable"", ""Salida favorable""]"
9370,Tarapacá,DEF-0102,7.0,Consumado,25,yes,1,0.9993944,1,1,base,drug_trafficking,normal,"[""No favorable"", ""Salida favorable""]"
10312,Valparaíso,DEF-0304,4.0,Consumado,25,no,0,0.32368836,1,1,base,drug_trafficking,normal,"[""No favorable"", ""Salida favorable""]"
5060,Coquimbo,DEF-0397,6.0,Consumado,35,no,0,0.34357792,1,1,base,drug_trafficking,normal,"[""No favorable"", ""Salida favorable""]"
826,Atacama,DEF-0340,10.0,Consumado,26,no,0,0.30751264,1,1,base,drug_trafficking,normal,"[""No favorable"", ""Salida favorable""]"
414,Valparaíso,DEF-0172,8.0,Consumado,40,no,0,0.3452594,1,1,base,drug_trafficking,normal,"[""No favorable"", ""Salida favorable""]"
435,Los Lagos,DEF-0143,18.0,Consumado,31,no,0,0.44306433,0,0,base,drug_trafficking,normal,"[""No favorable"", ""Salida favorable""]"
8178,Libertador Bernardo O'Higgins,DEF-0468,11.0,Consumado,18,no,0,0.32120767,0,0,base,drug_trafficking,normal,"[""No favorable"", ""Salida favorable""]"
11920,Magallanes y Antártica Chilena,DEF-0469,4.0,Consumado,38,no,0,0.30803233,1,1,base,drug_trafficking,normal,"[""No favorable"", ""Salida favorable""]"
5434,Coquimbo,DEF-0150,3.0,Consumado,27,no,0,0.4457833,1,1,base,drug_trafficking,normal,"[""No favorable"", ""Salida favorable""]"
6974,Maule,DEF-0335,5.0,Consumado,26,no,0,0.32982674,1,1,base,drug_trafficking,normal,"[""No favorable"", ""Salida favorable""]"
16462,Coquimbo,DEF-0030,1.0,Consumado,20,no,0,0.38656613,0,0,base,drug_trafficking,normal,"[""No favorable"", ""Salida favorable""]"
15574,Metropolitana,DEF-0116,4.0,Consumado,23,no,0,0.31297374,0,0,base,drug_trafficking,normal,"[""No favorable"", ""Salida favorable""]"
15459,Atacama,DEF-0241,7.0,Consumado,19,no,0,0.35571325,0,0,base,drug_trafficking,normal,"[""No favorable"", ""Salida favorable""]"
16390,Tarapacá,DEF-0106,4.0,Consumado,23,yes,1,0.9993659,1,1,base,drug_trafficking,normal,"[""No favorable"", ""Salida favorable""]"
4155,Antofagasta,DEF-0654,3.0,Consumado,27,no,0,0.17081365,1,1,base,drug_trafficking,normal,"[""No favorable"", ""Salida favorable""]"
12802,Coquimbo,DEF-0030,8.0,Consumado,18,yes,1,0.99953896,1,1,base,drug_trafficking,normal,"[""No favorable"", ""Salida favorable""]"
13910,Arica y Parinacota,DEF-0906,5.0,Consumado,34,no,0,0.18080372,0,0,base,drug_trafficking,normal,"[""No favorable"", ""Salida favorable""]"
14878,Tarapacá,DEF-0102,8.0,Consumado,28,yes,1,0.9993919,1,1,base,drug_trafficking,normal,"[""No favorable"", ""Salida favorable""]"
3743,Metropolitana,DEF-0176,9.0,Consumado,25,no,0,0.36938897,1,1,base,drug_trafficking,normal,"[""No favorable"", ""Salida favorable""]"
3666,Metropolitana,DEF-0564,2.0,Consumado,32,no,0,0.29126737,0,0,base,drug_trafficking,normal,"[""No favorable"", ""Salida favorable""]"
1287,Metropolitana,DEF-0442,4.0,Consumado,42,no,0,0.16549562,0,0,base,drug_trafficking,normal,"[""No favorable"", ""Salida favorable""]"
5138,Arica y Parinacota,DEF-0118,1.0,Consumado,23,no,0,0.30418903,0,0,base,drug_trafficking,normal,"[""No favorable"", ""Salida favorable""]"
418,Metropolitana,DEF-0003,7.0,Consumado,26,no,0,0.1700327,0,0,base,drug_trafficking,normal,"[""No favorable"", ""Salida favorable""]"
9795,Antofagasta,DEF-0023,3.0,Consumado,21,yes,1,0.9994746,1,1,base,drug_trafficking,normal,"[""No favorable"", ""Salida favorable""]"
8597,Metropolitana,DEF-0226,8.0,Consumado,25,yes,1,0.998353,1,1,base,drug_trafficking,normal,"[""No favorable"", ""Salida favorable""]"
13835,Tarapacá,DEF-0484,9.0,Consumado,29,no,0,0.30016923,0,0,base,drug_trafficking,normal,"[""No favorable"", ""Salida favorable""]"
11351,Valparaíso,DEF-0532,3.0,Consumado,18,no,0,0.29084635,0,0,base,drug_trafficking,normal,"[""No favorable"", ""Salida favorable""]"
14252,Metropolitana,DEF-0008,1.0,Consumado,34,no,0,0.17674021,0,0,base,drug_trafficking,normal,"[""No favorable"", ""Salida favorable""]"
4618,Atacama,DEF-0258,7.0,Consumado,32,no,0,0.33409083,0,0,base,drug_trafficking,normal,"[""No favorable"", ""Salida favorable""]"
3626,Arica y Parinacota,DEF-0309,15.0,Consumado,31,no,0,0.23420349,1,1,base,drug_trafficking,normal,"[""No favorable"", ""Salida favorable""]"
16100,Coquimbo,DEF-0443,9.0,Consumado,20,no,0,0.33361036,0,0,base,drug_trafficking,normal,"[""No favorable"", ""Salida favorable""]"
8332,Tarapacá,DEF-0004,7.0,Consumado,37,no,0,0.16954601,0,0,base,drug_trafficking,normal,"[""No favorable"", ""Salida favorable""]"
11461,Metropolitana,DEF-0008,6.0,Consumado,20,no,0,0.18789043,0,0,base,drug_trafficking,normal,"[""No favorable"", ""Salida favorable""]"
4674,Antofagasta,DEF-0400,7.0,Consumado,23,no,0,0.19344987,0,0,base,drug_trafficking,normal,"[""No favorable"", ""Salida favorable""]"
10138,Tarapacá,DEF-0660,3.0,Consumado,26,yes,1,0.9894773,1,1,base,drug_trafficking,normal,"[""No favorable"", ""Salida favorable""]"
903,Metropolitana,DEF-0364,10.0,Consumado,36,no,0,0.32389984,1,1,base,drug_trafficking,normal,"[""No favorable"", ""Salida favorable""]"
6487,Tarapacá,DEF-0106,2.0,Consumado,18,no,0,0.2816636,0,0,base,drug_trafficking,normal,"[""No favorable"", ""Salida favorable""]"
15683,Ñuble,DEF-0830,8.0,Consumado,32,no,0,0.27375877,0,0,base,drug_trafficking,normal,"[""No favorable"", ""Salida favorable""]"
12115,Antofagasta,DEF-0084,5.0,Consumado,38,yes,1,0.9990247,1,1,base,drug_trafficking,normal,"[""No favorable"", ""Salida favorable""]"
5599,Tarapacá,DEF-0106,6.0,Consumado,28,yes,1,0.9993626,1,1,base,drug_trafficking,normal,"[""No favorable"", ""Salida favorable""]"
6397,Bio Bío,DEF-0749,1.0,Consumado,18,no,0,0.28680462,0,0,base,drug_trafficking,normal,"[""No favorable"", ""Salida favorable""]"
10710,Los Lagos,DEF-0420,3.0,Consumado,19,no,0,0.32174248,0,0,base,drug_trafficking,normal,"[""No favorable"", ""Salida favorable""]"
12924,Tarapacá,DEF-0660,0.0,Consumado,29,no,0,0.28200337,0,0,base,drug_trafficking,normal,"[""No favorable"", ""Salida favorable""]"
4988,La Araucanía,DEF-0597,4.0,Consumado,21,no,0,0.30029735,0,0,base,drug_trafficking,normal,"[""No favorable"", ""Salida favorable""]"
5872,Metropolitana,DEF-0176,13.0,Consumado,30,no,0,0.3766277,1,1,base,drug_trafficking,normal,"[""No favorable"", ""Salida favorable""]"
9249,Antofagasta,DEF-0189,3.0,Consumado,18,no,0,0.23978336,0,0,base,drug_trafficking,normal,"[""No favorable"", ""Salida favorable""]"
12424,Tarapacá,DEF-0058,3.0,Consumado,26,yes,1,0.99946505,1,1,base,drug_trafficking,normal,"[""No favorable"", ""Salida favorable""]"
12057,Metropolitana,DEF-0479,3.0,Consumado,24,no,0,0.300423,0,0,base,drug_trafficking,normal,"[""No favorable"", ""Salida favorable""]"
8522,Arica y Parinacota,DEF-0455,5.0,Consumado,18,yes,1,0.99801177,1,1,base,drug_trafficking,normal,"[""No favorable"", ""Salida favorable""]"
1059,Tarapacá,DEF-0106,6.0,Consumado,29,yes,1,0.99936056,1,1,base,drug_trafficking,normal,"[""No favorable"", ""Salida favorable""]"
8509,Tarapacá,DEF-0100,7.0,Consumado,23,yes,1,0.999408,1,1,base,drug_trafficking,normal,"[""No favorable"", ""Salida favorable""]"
6006,Arica y Parinacota,DEF-0012,31.0,Consumado,18,no,0,0.3504963,1,1,base,drug_trafficking,normal,"[""No favorable"", ""Salida favorable""]"
16542,Tarapacá,DEF-0190,3.0,Consumado,18,no,0,0.35148683,0,0,base,drug_trafficking,normal,"[""No favorable"", ""Salida favorable""]"
4611,Arica y Parinacota,DEF-0309,5.0,Consumado,28,no,0,0.23560259,1,1,base,drug_trafficking,normal,"[""No favorable"", ""Salida favorable""]"
6993,Los Lagos,DEF-0497,2.0,Consumado,18,no,0,0.3079138,0,0,base,drug_trafficking,normal,"[""No favorable"", ""Salida favorable""]"
14212,Metropolitana,DEF-0623,2.0,Consumado,35,no,0,0.28626108,1,1,base,drug_trafficking,normal,"[""No favorable"", ""Salida favorable""]"
2325,Metropolitana,DEF-0530,7.0,Consumado,35,no,0,0.29661456,0,0,base,drug_trafficking,normal,"[""No favorable"", ""Salida favorable""]"
2826,Metropolitana,DEF-0578,6.0,Consumado,28,no,0,0.29107141,1,1,base,drug_trafficking,normal,"[""No favorable"", ""Salida favorable""]"
10419,Tarapacá,DEF-0102,5.0,Consumado,20,yes,1,0.9993974,1,1,base,drug_trafficking,normal,"[""No favorable"", ""Salida favorable""]"
3278,Tarapacá,DEF-0102,4.0,Consumado,20,yes,1,0.9993945,1,1,base,drug_trafficking,normal,"[""No favorable"", ""Salida favorable""]"
13046,Tarapacá,DEF-0251,4.0,Consumado,21,yes,1,0.99814093,1,1,base,drug_trafficking,normal,"[""No favorable"", ""Salida favorable""]"
4584,Aysén,DEF-0424,11.0,Consumado,32,no,0,0.33380842,1,1,base,drug_trafficking,normal,"[""No favorable"", ""Salida favorable""]"
7233,Metropolitana,DEF-0558,6.0,Consumado,33,no,0,0.29320055,0,0,base,drug_trafficking,normal,"[""No favorable"", ""Salida favorable""]"
15389,Tarapacá,DEF-0058,6.0,Consumado,22,yes,1,0.9994754,1,1,base,drug_trafficking,normal,"[""No favorable"", ""Salida favorable""]"
16080,Tarapacá,DEF-0301,3.0,Consumado,29,yes,1,0.99785984,1,1,base,drug_trafficking,normal,"[""No favorable"", ""Salida favorable""]"
12896,Arica y Parinacota,DEF-0140,7.0,Consumado,30,yes,1,0.99883175,1,1,base,drug_trafficking,normal,"[""No favorable"", ""Salida favorable""]"
12162,Metropolitana,DEF-0212,8.0,Consumado,24,no,0,0.36150423,0,0,base,drug_trafficking,normal,"[""No favorable"", ""Salida favorable""]"
1608,Metropolitana,DEF-0024,6.0,Consumado,25,no,0,0.35346764,0,0,base,drug_trafficking,normal,"[""No favorable"", ""Salida favorable""]"
778,Antofagasta,DEF-0246,8.0,Consumado,21,no,0,0.22549723,0,0,base,drug_trafficking,normal,"[""No favorable"", ""Salida favorable""]"
5955,Coquimbo,DEF-0397,8.0,Consumado,23,no,0,0.34453887,1,1,base,drug_trafficking,normal,"[""No favorable"", ""Salida favorable""]"
8106,Tarapacá,DEF-0102,4.0,Consumado,18,yes,1,0.99939793,1,1,base,drug_trafficking,normal,"[""No favorable"", ""Salida favorable""]"
6255,Tarapacá,DEF-0533,5.0,Consumado,42,yes,1,0.99505895,1,1,base,drug_trafficking,normal,"[""No favorable"", ""Salida favorable""]"
7877,Tarapacá,DEF-0270,4.0,Consumado,39,yes,1,0.99801564,1,1,base,drug_trafficking,normal,"[""No favorable"", ""Salida favorable""]"
13358,Ñuble,DEF-0590,2.0,Consumado,28,no,0,0.28448576,0,0,base,drug_trafficking,normal,"[""No favorable"", ""Salida favorable""]"
3722,La Araucanía,DEF-0227,3.0,Consumado,37,no,0,0.39860392,0,0,base,drug_trafficking,normal,"[""No favorable"", ""Salida favorable""]"
4471,La Araucanía,DEF-0507,3.0,Consumado,18,no,0,0.3129122,0,0,base,drug_trafficking,normal,"[""No favorable"", ""Salida favorable""]"
3881,Bio Bío,DEF-0155,5.0,Consumado,33,no,0,0.46162897,0,0,base,drug_trafficking,normal,"[""No favorable"", ""Salida favorable""]"
10029,Valparaíso,DEF-0561,8.0,Consumado,34,no,0,0.29007345,1,1,base,drug_trafficking,normal,"[""No favorable"", ""Salida favorable""]"
12021,Tarapacá,DEF-0251,4.0,Consumado,21,yes,1,0.99814093,1,1,base,drug_trafficking,normal,"[""No favorable"", ""Salida favorable""]"
6240,Tarapacá,DEF-0533,5.0,Consumado,24,yes,1,0.9951302,1,1,base,drug_trafficking,normal,"[""No favorable"", ""Salida favorable""]"
10890,Tarapacá,DEF-0315,5.0,Consumado,35,yes,1,0.99778926,1,1,base,drug_trafficking,normal,"[""No favorable"", ""Salida favorable""]"
15846,Metropolitana,DEF-0539,1.0,Consumado,24,no,0,0.2932144,0,0,base,drug_trafficking,normal,"[""No favorable"", ""Salida favorable""]"
7525,Metropolitana,DEF-0069,8.0,Consumado,36,no,0,0.28832898,0,0,base,drug_trafficking,normal,"[""No favorable"", ""Salida favorable""]"
14768,Libertador Bernardo O'Higgins,DEF-0602,5.0,Consumado,30,no,0,0.29802188,1,1,base,drug_trafficking,normal,"[""No favorable"", ""Salida favorable""]"
13775,La Araucanía,DEF-0167,3.0,Consumado,46,no,0,0.4290077,0,0,base,drug_trafficking,normal,"[""No favorable"", ""Salida favorable""]"
8893,Tarapacá,DEF-0102,6.0,Consumado,18,yes,1,0.99940354,1,1,base,drug_trafficking,normal,"[""No favorable"", ""Salida favorable""]"
14700,Tarapacá,DEF-0106,7.0,Consumado,28,no,0,0.2853168,0,0,base,drug_trafficking,normal,"[""No favorable"", ""Salida favorable""]"
13507,Valparaíso,DEF-0840,9.0,Consumado,30,no,0,0.27418068,0,0,base,drug_trafficking,normal,"[""No favorable"", ""Salida favorable""]"
4905,Antofagasta,DEF-0011,5.0,Consumado,28,no,0,0.22054857,0,0,base,drug_trafficking,normal,"[""No favorable"", ""Salida favorable""]"
9041,Tarapacá,DEF-0614,5.0,Consumado,31,no,0,0.28623793,0,0,base,drug_trafficking,normal,"[""No favorable"", ""Salida favorable""]"
15421,Tarapacá,DEF-0202,9.0,Consumado,24,yes,1,0.99845153,1,1,base,drug_trafficking,normal,"[""No favorable"", ""Salida favorable""]"
3027,Arica y Parinacota,DEF-0235,14.0,Consumado,18,no,0,0.26442027,1,1,base,drug_trafficking,normal,"[""No favorable"", ""Salida favorable""]"
5442,Atacama,DEF-0374,3.0,Consumado,30,yes,1,0.99835265,1,1,base,drug_trafficking,normal,"[""No favorable"", ""Salida favorable""]"
2363,Tarapacá,DEF-0124,4.0,Consumado,32,yes,1,0.9991978,1,1,base,drug_trafficking,normal,"[""No favorable"", ""Salida favorable""]"
3978,Tarapacá,DEF-0124,3.0,Consumado,18,yes,1,0.9992307,1,1,base,drug_trafficking,normal,"[""No favorable"", ""Salida favorable""]"
12258,Tarapacá,DEF-0252,6.0,Consumado,27,no,0,0.34234062,0,0,base,drug_trafficking,normal,"[""No favorable"", ""Salida favorable""]"
11116,Tarapacá,DEF-0058,4.0,Consumado,33,yes,1,0.9994577,1,1,base,drug_trafficking,normal,"[""No favorable"", ""Salida favorable""]"
5707,Metropolitana,DEF-0730,4.0,Consumado,18,no,0,0.27976555,1,1,base,drug_trafficking,normal,"[""No favorable"", ""Salida favorable""]"
7783,Antofagasta,DEF-0189,5.0,Consumado,32,no,0,0.24013637,0,0,base,drug_trafficking,normal,"[""No favorable"", ""Salida favorable""]"
3001,Antofagasta,DEF-0352,12.0,Consumado,30,yes,1,0.99716115,1,1,base,drug_trafficking,normal,"[""No favorable"", ""Salida favorable""]"
5476,Maule,DEF-0135,7.0,Consumado,36,no,0,0.35777047,1,1,base,drug_trafficking,normal,"[""No favorable"", ""Salida favorable""]"
1747,Metropolitana,DEF-0193,7.0,Consumado,20,no,0,0.3643708,1,1,base,drug_trafficking,normal,"[""No favorable"", ""Salida favorable""]"
12822,Valparaíso,DEF-0557,1.0,Consumado,18,no,0,0.28816038,0,0,base,drug_trafficking,normal,"[""No favorable"", ""Salida favorable""]"
11929,Tarapacá,DEF-0251,4.0,Consumado,20,yes,1,0.9981425,1,1,base,drug_trafficking,normal,"[""No favorable"", ""Salida favorable""]"
5497,Tarapacá,DEF-0533,5.0,Consumado,18,yes,1,0.99514556,1,1,base,drug_trafficking,normal,"[""No favorable"", ""Salida favorable""]"
3339,Tarapacá,DEF-0533,4.0,Consumado,22,yes,1,0.99506956,1,1,base,drug_trafficking,normal,"[""No favorable"", ""Salida favorable""]"
11394,Arica y Parinacota,DEF-0309,5.0,Consumado,28,no,0,0.23560259,0,0,base,drug_trafficking,normal,"[""No favorable"", ""Salida favorable""]"
12995,Tarapacá,DEF-0106,5.0,Consumado,34,yes,1,0.9993468,1,1,base,drug_trafficking,normal,"[""No favorable"", ""Salida favorable""]"
5050,Arica y Parinacota,DEF-0230,6.0,Consumado,18,no,0,0.26572645,1,1,base,drug_trafficking,normal,"[""No favorable"", ""Salida favorable""]"
15418,Libertador Bernardo O'Higgins,DEF-0710,8.0,Consumado,18,no,0,0.2882551,0,0,base,drug_trafficking,normal,"[""No favorable"", ""Salida favorable""]"
12829,Arica y Parinacota,DEF-0309,6.0,Consumado,26,yes,1,0.9983957,1,1,base,drug_trafficking,normal,"[""No favorable"", ""Salida favorable""]"
15949,Bio Bío,DEF-0663,4.0,Consumado,32,no,0,0.295279,1,1,base,drug_trafficking,normal,"[""No favorable"", ""Salida favorable""]"
1789,Arica y Parinacota,DEF-0029,8.0,Consumado,25,no,0,0.28354982,1,1,base,drug_trafficking,normal,"[""No favorable"", ""Salida favorable""]"
6522,Metropolitana,DEF-0255,8.0,Consumado,28,no,0,0.3492747,1,1,base,drug_trafficking,normal,"[""No favorable"", ""Salida favorable""]"
1972,Arica y Parinacota,DEF-0118,7.0,Consumado,23,yes,1,0.99904406,1,1,base,drug_trafficking,normal,"[""No favorable"", ""Salida favorable""]"
5664,Tarapacá,DEF-0188,7.0,Consumado,18,yes,1,0.99856275,1,1,base,drug_trafficking,normal,"[""No favorable"", ""Salida favorable""]"
13239,Bio Bío,DEF-0887,13.0,Consumado,28,no,0,0.27947283,0,0,base,drug_trafficking,normal,"[""No favorable"", ""Salida favorable""]"
10807,Coquimbo,DEF-0066,4.0,Consumado,26,no,0,0.3970989,1,1,base,drug_trafficking,normal,"[""No favorable"", ""Salida favorable""]"
12323,Arica y Parinacota,DEF-0284,0.0,Consumado,18,no,0,0.25040275,0,0,base,drug_trafficking,normal,"[""No favorable"", ""Salida favorable""]"
4952,Atacama,DEF-0093,6.0,Consumado,18,no,0,0.4288763,0,0,base,drug_trafficking,normal,"[""No favorable"", ""Salida favorable""]"
5768,Tarapacá,DEF-0124,2.0,Consumado,31,yes,1,0.99919087,1,1,base,drug_trafficking,normal,"[""No favorable"", ""Salida favorable""]"
7231,Arica y Parinacota,DEF-0118,6.0,Consumado,38,no,0,0.29336974,0,0,base,drug_trafficking,normal,"[""No favorable"", ""Salida favorable""]"
3178,Arica y Parinacota,DEF-0309,10.0,Consumado,21,no,0,0.23944029,0,0,base,drug_trafficking,normal,"[""No favorable"", ""Salida favorable""]"
12081,Valparaíso,DEF-0731,5.0,Consumado,38,no,0,0.27812,0,0,base,drug_trafficking,normal,"[""No favorable"", ""Salida favorable""]"
15861,Metropolitana,DEF-0271,6.0,Consumado,19,no,0,0.34192523,1,1,base,drug_trafficking,normal,"[""No favorable"", ""Salida favorable""]"
4493,Tarapacá,DEF-0188,2.0,Consumado,24,yes,1,0.99851155,1,1,base,drug_trafficking,normal,"[""No favorable"", ""Salida favorable""]"
8181,Maule,DEF-0329,3.0,Consumado,18,no,0,0.32922357,0,0,base,drug_trafficking,normal,"[""No favorable"", ""Salida favorable""]"
4838,Antofagasta,DEF-0352,7.0,Consumado,29,no,0,0.20050038,0,0,base,drug_trafficking,normal,"[""No favorable"", ""Salida favorable""]"
2677,Tarapacá,DEF-0124,3.0,Consumado,28,yes,1,0.99920416,1,1,base,drug_trafficking,normal,"[""No favorable"", ""Salida favorable""]"
2314,Bio Bío,DEF-0541,12.0,Consumado,26,no,0,0.31691107,1,1,base,drug_trafficking,normal,"[""No favorable"", ""Salida favorable""]"
9687,Tarapacá,DEF-0315,8.0,Consumado,32,yes,1,0.9978339,1,1,base,drug_trafficking,normal,"[""No favorable"", ""Salida favorable""]"
8039,Tarapacá,DEF-0301,5.0,Consumado,33,yes,1,0.99787647,1,1,base,drug_trafficking,normal,"[""No favorable"", ""Salida favorable""]"
6235,Atacama,DEF-0054,6.0,Consumado,39,yes,1,0.99949205,1,1,base,drug_trafficking,normal,"[""No favorable"", ""Salida favorable""]"
4129,Metropolitana,DEF-0139,3.0,Consumado,29,no,0,0.33963582,0,0,base,drug_trafficking,normal,"[""No favorable"", ""Salida favorable""]"
10554,Tarapacá,DEF-0251,10.0,Consumado,19,no,0,0.34598428,0,0,base,drug_trafficking,normal,"[""No favorable"", ""Salida favorable""]"
10868,Bio Bío,DEF-0697,1.0,Consumado,36,no,0,0.29100126,0,0,base,drug_trafficking,normal,"[""No favorable"", ""Salida favorable""]"
6259,Tarapacá,DEF-0124,5.0,Consumado,23,yes,1,0.99922687,1,1,base,drug_trafficking,normal,"[""No favorable"", ""Salida favorable""]"
2091,Los Lagos,DEF-0332,5.0,Consumado,25,no,0,0.34508735,1,1,base,drug_trafficking,normal,"[""No favorable"", ""Salida favorable""]"
2762,Tarapacá,DEF-0102,4.0,Consumado,30,yes,1,0.9993762,1,1,base,drug_trafficking,normal,"[""No favorable"", ""Salida favorable""]"
13992,Atacama,DEF-0258,0.0,Consumado,26,no,0,0.340977,0,0,base,drug_trafficking,normal,"[""No favorable"", ""Salida favorable""]"
4020,Tarapacá,DEF-0106,2.0,Consumado,20,yes,1,0.99936515,1,1,base,drug_trafficking,normal,"[""No favorable"", ""Salida favorable""]"
5288,Tarapacá,DEF-0153,6.0,Consumado,18,no,0,0.34626636,0,0,base,drug_trafficking,normal,"[""No favorable"", ""Salida favorable""]"
8624,Metropolitana,DEF-0581,3.0,Consumado,24,no,0,0.28983265,1,1,base,drug_trafficking,normal,"[""No favorable"", ""Salida favorable""]"
2161,Metropolitana,DEF-0527,3.0,Consumado,31,no,0,0.29531172,0,0,base,drug_trafficking,normal,"[""No favorable"", ""Salida favorable""]"
7005,Los Lagos,DEF-0646,6.0,Consumado,18,no,0,0.29151782,0,0,base,drug_trafficking,normal,"[""No favorable"", ""Salida favorable""]"
16596,Metropolitana,DEF-0281,3.0,Consumado,34,no,0,0.33763012,1,1,base,drug_trafficking,normal,"[""No favorable"", ""Salida favorable""]"
1106,Arica y Parinacota,DEF-0108,7.0,Consumado,23,no,0,0.31024915,0,0,base,drug_trafficking,normal,"[""No favorable"", ""Salida favorable""]"
10457,Arica y Parinacota,DEF-0383,10.0,Consumado,24,yes,1,0.9982196,1,1,base,drug_trafficking,normal,"[""No favorable"", ""Salida favorable""]"
15901,Antofagasta,DEF-0883,4.0,Consumado,30,yes,1,0.9796929,1,1,base,drug_trafficking,normal,"[""No favorable"", ""Salida favorable""]"
7442,Atacama,DEF-0349,10.0,Consumado,19,no,0,0.31115952,0,0,base,drug_trafficking,normal,"[""No favorable"", ""Salida favorable""]"
16394,Valparaíso,DEF-0524,3.0,Consumado,26,no,0,0.2917381,1,1,base,drug_trafficking,normal,"[""No favorable"", ""Salida favorable""]"
1567,Los Lagos,DEF-0143,14.0,Consumado,29,no,0,0.43130627,0,0,base,drug_trafficking,normal,"[""No favorable"", ""Salida favorable""]"
12598,Metropolitana,DEF-0222,1.0,Consumado,18,no,0,0.3503108,0,0,base,drug_trafficking,normal,"[""No favorable"", ""Salida favorable""]"
15215,Los Ríos,DEF-0157,4.0,Consumado,26,no,0,0.3935504,0,0,base,drug_trafficking,normal,"[""No favorable"", ""Salida favorable""]"
13442,Antofagasta,DEF-0352,7.0,Consumado,24,no,0,0.20091319,0,0,base,drug_trafficking,normal,"[""No favorable"", ""Salida favorable""]"
8979,Los Ríos,DEF-0299,7.0,Consumado,20,no,0,0.35139593,0,0,base,drug_trafficking,normal,"[""No favorable"", ""Salida favorable""]"
8313,Libertador Bernardo O'Higgins,DEF-0351,4.0,Consumado,38,no,0,0.34500086,0,0,base,drug_trafficking,normal,"[""No favorable"", ""Salida favorable""]"
2338,Tarapacá,DEF-0317,5.0,Consumado,22,yes,1,0.9978036,1,1,base,drug_trafficking,normal,"[""No favorable"", ""Salida favorable""]"
16625,Ñuble,DEF-0254,0.0,Consumado,20,no,0,0.32658288,1,1,base,drug_trafficking,normal,"[""No favorable"", ""Salida favorable""]"
3990,Tarapacá,DEF-0106,5.0,Consumado,23,yes,1,0.99936914,1,1,base,drug_trafficking,normal,"[""No favorable"", ""Salida favorable""]"
3226,Tarapacá,DEF-0533,4.0,Consumado,42,yes,1,0.9949968,1,1,base,drug_trafficking,normal,"[""No favorable"", ""Salida favorable""]"
4502,Antofagasta,DEF-0654,5.0,Consumado,18,yes,1,0.9946319,1,1,base,drug_trafficking,normal,"[""No favorable"", ""Salida favorable""]"
8198,Arica y Parinacota,DEF-0284,6.0,Consumado,31,no,0,0.23988642,0,0,base,drug_trafficking,normal,"[""No favorable"", ""Salida favorable""]"
9387,Antofagasta,DEF-0042,1.0,Consumado,30,no,0,0.24323167,0,0,base,drug_trafficking,normal,"[""No favorable"", ""Salida favorable""]"
7362,Valparaíso,DEF-0136,6.0,Consumado,26,no,0,0.31098142,1,1,base,drug_trafficking,normal,"[""No favorable"", ""Salida favorable""]"
6758,Libertador Bernardo O'Higgins,DEF-0446,4.0,Consumado,23,no,0,0.3213156,0,0,base,drug_trafficking,normal,"[""No favorable"", ""Salida favorable""]"
10350,Bio Bío,DEF-0036,1.0,Consumado,18,no,0,0.40995008,0,0,base,drug_trafficking,normal,"[""No favorable"", ""Salida favorable""]"
48,Antofagasta,DEF-0026,9.0,Consumado,23,no,0,0.26175895,1,1,base,drug_trafficking,normal,"[""No favorable"", ""Salida favorable""]"
10596,Tarapacá,DEF-0317,4.0,Consumado,22,yes,1,0.9977896,1,1,base,drug_trafficking,normal,"[""No favorable"", ""Salida favorable""]"
4039,Valparaíso,DEF-0151,2.0,Consumado,25,no,0,0.3232094,1,1,base,drug_trafficking,normal,"[""No favorable"", ""Salida favorable""]"
13361,Tarapacá,DEF-0789,2.0,Consumado,35,no,0,0.27599567,1,1,base,drug_trafficking,normal,"[""No favorable"", ""Salida favorable""]"
10421,La Araucanía,DEF-0726,1.0,Consumado,27,no,0,0.28675288,0,0,base,drug_trafficking,normal,"[""No favorable"", ""Salida favorable""]"
6751,Metropolitana,DEF-0398,7.0,Consumado,29,no,0,0.3145914,1,1,base,drug_trafficking,normal,"[""No favorable"", ""Salida favorable""]"
13294,Atacama,DEF-0054,3.0,Consumado,22,no,0,0.38653457,0,0,base,drug_trafficking,normal,"[""No favorable"", ""Salida favorable""]"
1673,Maule,DEF-0001,8.0,Consumado,25,no,0,0.17132169,0,0,base,drug_trafficking,normal,"[""No favorable"", ""Salida favorable""]"
3705,Metropolitana,DEF-0637,6.0,Consumado,37,no,0,0.16818696,0,0,base,drug_trafficking,normal,"[""No favorable"", ""Salida favorable""]"
6753,Maule,DEF-0764,5.0,Consumado,25,no,0,0.27925858,0,0,base,drug_trafficking,normal,"[""No favorable"", ""Salida favorable""]"
1703,Tarapacá,DEF-0107,6.0,Consumado,31,yes,1,0.99935,1,1,base,drug_trafficking,normal,"[""No favorable"", ""Salida favorable""]"
13622,Metropolitana,DEF-0047,1.0,Consumado,18,no,0,0.31437013,0,0,base,drug_trafficking,normal,"[""No favorable"", ""Salida favorable""]"
2784,Atacama,DEF-0064,5.0,Consumado,26,no,0,0.39000064,0,0,base,drug_trafficking,normal,"[""No favorable"", ""Salida favorable""]"
9331,Arica y Parinacota,DEF-0309,9.0,Consumado,18,no,0,0.24157025,0,0,base,drug_trafficking,normal,"[""No favorable"", ""Salida favorable""]"
14005,Antofagasta,DEF-0802,10.0,Consumado,36,no,0,0.16427958,0,0,base,drug_trafficking,normal,"[""No favorable"", ""Salida favorable""]"
13017,Los Lagos,DEF-0110,8.0,Consumado,25,yes,1,0.9992927,1,1,base,drug_trafficking,normal,"[""No favorable"", ""Salida favorable""]"
2076,Tarapacá,DEF-0317,9.0,Consumado,21,no,0,0.3283902,0,0,base,drug_trafficking,normal,"[""No favorable"", ""Salida favorable""]"
7583,La Araucanía,DEF-0491,3.0,Consumado,27,no,0,0.31588942,1,1,base,drug_trafficking,normal,"[""No favorable"", ""Salida favorable""]"
15828,Metropolitana,DEF-0139,2.0,Consumado,18,no,0,0.3419848,0,0,base,drug_trafficking,normal,"[""No favorable"", ""Salida favorable""]"
6642,La Araucanía,DEF-0597,0.0,Consumado,36,no,0,0.29901665,0,0,base,drug_trafficking,normal,"[""No favorable"", ""Salida favorable""]"
12012,Ñuble,DEF-0331,7.0,Consumado,35,no,0,0.31732982,0,0,base,drug_trafficking,normal,"[""No favorable"", ""Salida favorable""]"
14839,Antofagasta,DEF-0821,5.0,Consumado,19,no,0,0.16546597,0,0,base,drug_trafficking,normal,"[""No favorable"", ""Salida favorable""]"
3932,Tarapacá,DEF-0270,6.0,Consumado,19,yes,1,0.9980728,1,1,base,drug_trafficking,normal,"[""No favorable"", ""Salida favorable""]"
12134,Metropolitana,DEF-0796,11.0,Consumado,26,no,0,0.27770868,0,0,base,drug_trafficking,normal,"[""No favorable"", ""Salida favorable""]"
14822,Tarapacá,DEF-0660,10.0,Consumado,26,no,0,0.28407198,0,0,base,drug_trafficking,normal,"[""No favorable"", ""Salida favorable""]"
5243,Tarapacá,DEF-0188,7.0,Consumado,27,yes,1,0.99854034,1,1,base,drug_trafficking,normal,"[""No favorable"", ""Salida favorable""]"
7116,Antofagasta,DEF-0042,5.0,Consumado,23,yes,1,0.99943286,1,1,base,drug_trafficking,normal,"[""No favorable"", ""Salida favorable""]"
174,Metropolitana,DEF-0040,8.0,Consumado,23,no,0,0.33045575,1,1,base,drug_trafficking,normal,"[""No favorable"", ""Salida favorable""]"
10317,Los Lagos,DEF-0476,5.0,Consumado,29,no,0,0.31299427,0,0,base,drug_trafficking,normal,"[""No favorable"", ""Salida favorable""]"
10673,Bio Bío,DEF-0036,8.0,Consumado,18,no,0,0.44471198,1,1,base,drug_trafficking,normal,"[""No favorable"", ""Salida favorable""]"
14200,Ñuble,DEF-0590,3.0,Consumado,30,no,0,0.28474137,1,1,base,drug_trafficking,normal,"[""No favorable"", ""Salida favorable""]"
7543,Metropolitana,DEF-0451,9.0,Consumado,37,no,0,0.30791715,0,0,base,drug_trafficking,normal,"[""No favorable"", ""Salida favorable""]"
3551,Bio Bío,DEF-0002,3.0,Consumado,18,no,0,0.18471637,0,0,base,drug_trafficking,normal,"[""No favorable"", ""Salida favorable""]"
1815,Tarapacá,DEF-0317,4.0,Consumado,33,yes,1,0.99776804,1,1,base,drug_trafficking,normal,"[""No favorable"", ""Salida favorable""]"
14502,Metropolitana,DEF-0013,0.0,Consumado,21,no,0,0.30787343,0,0,base,drug_trafficking,normal,"[""No favorable"", ""Salida favorable""]"
6410,Tarapacá,DEF-0124,7.0,Consumado,18,no,0,0.3165881,0,0,base,drug_trafficking,normal,"[""No favorable"", ""Salida favorable""]"
2770,Metropolitana,DEF-0096,5.0,Consumado,18,no,0,0.2925628,0,0,base,drug_trafficking,normal,"[""No favorable"", ""Salida favorable""]"
6722,Metropolitana,DEF-0191,2.0,Consumado,27,no,0,0.35810623,1,1,base,drug_trafficking,normal,"[""No favorable"", ""Salida favorable""]"
6881,Maule,DEF-0372,3.0,Consumado,18,no,0,0.32000312,1,1,base,drug_trafficking,normal,"[""No favorable"", ""Salida favorable""]"
5390,Arica y Parinacota,DEF-0140,12.0,Consumado,20,yes,1,0.998876,1,1,base,drug_trafficking,normal,"[""No favorable"", ""Salida favorable""]"
12518,Tarapacá,DEF-0251,4.0,Consumado,23,yes,1,0.9981377,1,1,base,drug_trafficking,normal,"[""No favorable"", ""Salida favorable""]"
3854,Metropolitana,DEF-0044,2.0,Consumado,28,no,0,0.30263606,0,0,base,drug_trafficking,normal,"[""No favorable"", ""Salida favorable""]"
14108,Metropolitana,DEF-0082,1.0,Consumado,18,no,0,0.27758518,0,0,base,drug_trafficking,normal,"[""No favorable"", ""Salida favorable""]"
15450,Metropolitana,DEF-0082,3.0,Consumado,22,no,0,0.27904785,0,0,base,drug_trafficking,normal,"[""No favorable"", ""Salida favorable""]"
5490,Tarapacá,DEF-0188,6.0,Consumado,18,yes,1,0.9985556,1,1,base,drug_trafficking,normal,"[""No favorable"", ""Salida favorable""]"
90,Antofagasta,DEF-0042,8.0,Consumado,30,no,0,0.25988162,1,1,base,drug_trafficking,normal,"[""No favorable"", ""Salida favorable""]"
13981,Tarapacá,DEF-0106,8.0,Consumado,20,yes,1,0.9993838,1,1,base,drug_trafficking,normal,"[""No favorable"", ""Salida favorable""]"
1137,Arica y Parinacota,DEF-0108,8.0,Consumado,23,no,0,0.311082,0,0,base,drug_trafficking,normal,"[""No favorable"", ""Salida favorable""]"
12083,Antofagasta,DEF-0014,11.0,Consumado,23,no,0,0.25001737,0,0,base,drug_trafficking,normal,"[""No favorable"", ""Salida favorable""]"
9161,Valparaíso,DEF-0220,3.0,Consumado,28,no,0,0.34132257,1,1,base,drug_trafficking,normal,"[""No favorable"", ""Salida favorable""]"
15686,Aysén,DEF-0635,1.0,Consumado,25,no,0,0.2920784,0,0,base,drug_trafficking,normal,"[""No favorable"", ""Salida favorable""]"
3219,Valparaíso,DEF-0604,3.0,Consumado,18,no,0,0.28499037,1,1,base,drug_trafficking,normal,"[""No favorable"", ""Salida favorable""]"
12180,Los Lagos,DEF-0521,7.0,Consumado,22,no,0,0.3070127,1,1,base,drug_trafficking,normal,"[""No favorable"", ""Salida favorable""]"
11474,Metropolitana,DEF-0112,1.0,Consumado,30,no,0,0.29624832,0,0,base,drug_trafficking,normal,"[""No favorable"", ""Salida favorable""]"
3909,Coquimbo,DEF-0508,4.0,Consumado,30,no,0,0.31674308,1,1,base,drug_trafficking,normal,"[""No favorable"", ""Salida favorable""]"
5590,Bio Bío,DEF-0275,8.0,Consumado,33,no,0,0.3979511,1,1,base,drug_trafficking,normal,"[""No favorable"", ""Salida favorable""]"
16478,La Araucanía,DEF-0945,2.0,Consumado,31,no,0,0.16460228,1,1,base,drug_trafficking,normal,"[""No favorable"", ""Salida favorable""]"
14168,Metropolitana,DEF-0043,1.0,Consumado,25,no,0,0.30517212,0,0,base,drug_trafficking,normal,"[""No favorable"", ""Salida favorable""]"
10679,Arica y Parinacota,DEF-0140,10.0,Consumado,28,yes,1,0.9988393,1,1,base,drug_trafficking,normal,"[""No favorable"", ""Salida favorable""]"
16554,Libertador Bernardo O'Higgins,DEF-0115,3.0,Consumado,21,no,0,0.40840018,0,0,base,drug_trafficking,normal,"[""No favorable"", ""Salida favorable""]"
14250,La Araucanía,DEF-0488,9.0,Consumado,46,no,0,0.3217984,1,1,base,drug_trafficking,normal,"[""No favorable"", ""Salida favorable""]"
10166,Atacama,DEF-0482,6.0,Consumado,28,no,0,0.27289423,0,0,base,drug_trafficking,normal,"[""No favorable"", ""Salida favorable""]"
15969,Metropolitana,DEF-0043,1.0,Consumado,28,no,0,0.30035102,0,0,base,drug_trafficking,normal,"[""No favorable"", ""Salida favorable""]"
244,Coquimbo,DEF-0156,4.0,Consumado,20,no,0,0.44549152,0,0,base,drug_trafficking,normal,"[""No favorable"", ""Salida favorable""]"
845,Antofagasta,DEF-0352,8.0,Consumado,18,no,0,0.20191129,0,0,base,drug_trafficking,normal,"[""No favorable"", ""Salida favorable""]"
11994,Antofagasta,DEF-0042,4.0,Consumado,24,no,0,0.25515983,1,1,base,drug_trafficking,normal,"[""No favorable"", ""Salida favorable""]"
14343,Metropolitana,DEF-0082,0.0,Consumado,40,no,0,0.26284134,0,0,base,drug_trafficking,normal,"[""No favorable"", ""Salida favorable""]"
6398,Arica y Parinacota,DEF-0031,16.0,Consumado,33,yes,1,0.99952143,1,1,base,drug_trafficking,normal,"[""No favorable"", ""Salida favorable""]"
1656,Tarapacá,DEF-0102,4.0,Consumado,31,yes,1,0.9993742,1,1,base,drug_trafficking,normal,"[""No favorable"", ""Salida favorable""]"
13107,Arica y Parinacota,DEF-0234,10.0,Consumado,32,yes,1,0.99849373,1,1,base,drug_trafficking,normal,"[""No favorable"", ""Salida favorable""]"
8358,Tarapacá,DEF-0102,5.0,Consumado,34,yes,1,0.9993714,1,1,base,drug_trafficking,normal,"[""No favorable"", ""Salida favorable""]"
3175,Tarapacá,DEF-0533,7.0,Consumado,31,yes,1,0.9952301,1,1,base,drug_trafficking,normal,"[""No favorable"", ""Salida favorable""]"
10128,Valparaíso,DEF-0787,5.0,Consumado,32,no,0,0.27568883,0,0,base,drug_trafficking,normal,"[""No favorable"", ""Salida favorable""]"
2124,Tarapacá,DEF-0188,5.0,Consumado,27,yes,1,0.99852633,1,1,base,drug_trafficking,normal,"[""No favorable"", ""Salida favorable""]"
6885,Metropolitana,DEF-0018,8.0,Consumado,21,no,0,0.3844487,0,0,base,drug_trafficking,normal,"[""No favorable"", ""Salida favorable""]"
5252,Metropolitana,DEF-0415,4.0,Consumado,20,no,0,0.30984828,0,0,base,drug_trafficking,normal,"[""No favorable"", ""Salida favorable""]"
4536,Metropolitana,DEF-0192,5.0,Consumado,36,no,0,0.36267546,1,1,base,drug_trafficking,normal,"[""No favorable"", ""Salida favorable""]"
9272,Metropolitana,DEF-0008,2.0,Consumado,18,no,0,0.17956708,0,0,base,drug_trafficking,normal,"[""No favorable"", ""Salida favorable""]"
9240,Valparaíso,DEF-0500,8.0,Consumado,24,no,0,0.29570937,1,1,base,drug_trafficking,normal,"[""No favorable"", ""Salida favorable""]"
13933,Tarapacá,DEF-0058,6.0,Consumado,24,yes,1,0.99947304,1,1,base,drug_trafficking,normal,"[""No favorable"", ""Salida favorable""]"
138,Metropolitana,DEF-0104,3.0,Consumado,21,no,0,0.2950723,0,0,base,drug_trafficking,normal,"[""No favorable"", ""Salida favorable""]"
3362,Antofagasta,DEF-0313,4.0,Consumado,18,yes,1,0.997727,1,1,base,drug_trafficking,normal,"[""No favorable"", ""Salida favorable""]"
7084,Antofagasta,DEF-0052,5.0,Consumado,39,yes,1,0.99933535,1,1,base,drug_trafficking,normal,"[""No favorable"", ""Salida favorable""]"
9749,Metropolitana,DEF-0801,10.0,Consumado,35,no,0,0.27741683,0,0,base,drug_trafficking,normal,"[""No favorable"", ""Salida favorable""]"
15884,Tarapacá,DEF-0884,6.0,Consumado,23,yes,1,0.94972646,1,1,base,drug_trafficking,normal,"[""No favorable"", ""Salida favorable""]"
4505,Metropolitana,DEF-0218,6.0,Consumado,21,yes,1,0.99838185,1,1,base,drug_trafficking,normal,"[""No favorable"", ""Salida favorable""]"
2374,Metropolitana,DEF-0543,6.0,Consumado,31,no,0,0.29473987,0,0,base,drug_trafficking,normal,"[""No favorable"", ""Salida favorable""]"
2023,Tarapacá,DEF-0073,4.0,Consumado,22,yes,1,0.99947417,1,1,base,drug_trafficking,normal,"[""No favorable"", ""Salida favorable""]"
8368,Tarapacá,DEF-0270,6.0,Consumado,18,yes,1,0.99807435,1,1,base,drug_trafficking,normal,"[""No favorable"", ""Salida favorable""]"
12927,Tarapacá,DEF-0100,5.0,Consumado,18,no,0,0.2813043,0,0,base,drug_trafficking,normal,"[""No favorable"", ""Salida favorable""]"
15722,Tarapacá,DEF-0058,3.0,Consumado,27,yes,1,0.99946374,1,1,base,drug_trafficking,normal,"[""No favorable"", ""Salida favorable""]"
7411,Bio Bío,DEF-0076,5.0,Consumado,36,no,0,0.42992783,0,0,base,drug_trafficking,normal,"[""No favorable"", ""Salida favorable""]"
5121,Metropolitana,DEF-0082,2.0,Consumado,24,no,0,0.2756943,0,0,base,drug_trafficking,normal,"[""No favorable"", ""Salida favorable""]"
11024,Tarapacá,DEF-0058,4.0,Consumado,23,yes,1,0.99947065,1,1,base,drug_trafficking,normal,"[""No favorable"", ""Salida favorable""]"
14595,Arica y Parinacota,DEF-0305,3.0,Consumado,28,no,0,0.23690557,1,1,base,drug_trafficking,normal,"[""No favorable"", ""Salida favorable""]"
322,Metropolitana,DEF-0099,12.0,Consumado,29,no,0,0.30465105,0,0,base,drug_trafficking,normal,"[""No favorable"", ""Salida favorable""]"
10099,Tarapacá,DEF-0124,8.0,Consumado,24,no,0,0.31525978,0,0,base,drug_trafficking,normal,"[""No favorable"", ""Salida favorable""]"
10408,Tarapacá,DEF-0102,5.0,Consumado,23,yes,1,0.99939215,1,1,base,drug_trafficking,normal,"[""No favorable"", ""Salida favorable""]"
13717,Metropolitana,DEF-0779,3.0,Consumado,35,no,0,0.27739635,0,0,base,drug_trafficking,normal,"[""No favorable"", ""Salida favorable""]"
8163,Valparaíso,DEF-0220,7.0,Consumado,18,no,0,0.3449593,1,1,base,drug_trafficking,normal,"[""No favorable"", ""Salida favorable""]"
13371,Metropolitana,DEF-0892,4.0,Consumado,21,no,0,0.27326405,1,1,base,drug_trafficking,normal,"[""No favorable"", ""Salida favorable""]"
7197,Tarapacá,DEF-0732,3.0,Consumado,36,yes,1,0.9827027,1,1,base,drug_trafficking,normal,"[""No favorable"", ""Salida favorable""]"
4928,Tarapacá,DEF-0188,5.0,Consumado,24,yes,1,0.9985338,1,1,base,drug_trafficking,normal,"[""No favorable"", ""Salida favorable""]"
498,Metropolitana,DEF-0141,13.0,Consumado,23,no,0,0.3647639,1,1,base,drug_trafficking,normal,"[""No favorable"", ""Salida favorable""]"
3480,Tarapacá,DEF-0188,5.0,Consumado,29,no,0,0.35420206,0,0,base,drug_trafficking,normal,"[""No favorable"", ""Salida favorable""]"
9496,Arica y Parinacota,DEF-0346,8.0,Consumado,25,yes,1,0.99831295,1,1,base,drug_trafficking,normal,"[""No favorable"", ""Salida favorable""]"
13438,Antofagasta,DEF-0014,3.0,Consumado,18,no,0,0.23437515,0,0,base,drug_trafficking,normal,"[""No favorable"", ""Salida favorable""]"
15679,Antofagasta,DEF-0821,5.0,Consumado,22,yes,1,0.9872478,1,1,base,drug_trafficking,normal,"[""No favorable"", ""Salida favorable""]"
11908,Arica y Parinacota,DEF-0012,9.0,Consumado,21,no,0,0.26808268,0,0,base,drug_trafficking,normal,"[""No favorable"", ""Salida favorable""]"
16049,Tarapacá,DEF-0114,6.0,Consumado,31,yes,1,0.9992991,1,1,base,drug_trafficking,normal,"[""No favorable"", ""Salida favorable""]"
8674,Metropolitana,DEF-0458,10.0,Consumado,26,no,0,0.30672163,0,0,base,drug_trafficking,normal,"[""No favorable"", ""Salida favorable""]"
5749,Tarapacá,DEF-0188,3.0,Consumado,20,yes,1,0.99852866,1,1,base,drug_trafficking,normal,"[""No favorable"", ""Salida favorable""]"
9667,Tarapacá,DEF-0317,9.0,Consumado,18,no,0,0.32816732,0,0,base,drug_trafficking,normal,"[""No favorable"", ""Salida favorable""]"
3242,Tarapacá,DEF-0124,4.0,Consumado,35,yes,1,0.99918914,1,1,base,drug_trafficking,normal,"[""No favorable"", ""Salida favorable""]"
2793,Metropolitana,DEF-0489,5.0,Consumado,34,no,0,0.30055773,0,0,base,drug_trafficking,normal,"[""No favorable"", ""Salida favorable""]"
2879,Tarapacá,DEF-0533,8.0,Consumado,24,no,0,0.2942754,0,0,base,drug_trafficking,normal,"[""No favorable"", ""Salida favorable""]"
255,Los Lagos,DEF-0164,9.0,Consumado,18,no,0,0.41486976,0,0,base,drug_trafficking,normal,"[""No favorable"", ""Salida favorable""]"
3298,Maule,DEF-0343,22.0,Consumado,32,no,0,0.3450555,0,0,base,drug_trafficking,normal,"[""No favorable"", ""Salida favorable""]"
2472,Antofagasta,DEF-0401,12.0,Consumado,20,no,0,0.19514565,0,0,base,drug_trafficking,normal,"[""No favorable"", ""Salida favorable""]"
9067,Valparaíso,DEF-0731,5.0,Consumado,29,no,0,0.2780275,0,0,base,drug_trafficking,normal,"[""No favorable"", ""Salida favorable""]"
12494,Tarapacá,DEF-0190,6.0,Consumado,18,no,0,0.35530958,0,0,base,drug_trafficking,normal,"[""No favorable"", ""Salida favorable""]"
3372,Metropolitana,DEF-0129,3.0,Consumado,25,yes,1,0.9991495,1,1,base,drug_trafficking,normal,"[""No favorable"", ""Salida favorable""]"
15337,Antofagasta,DEF-0274,4.0,Consumado,21,yes,1,0.9977918,1,1,base,drug_trafficking,normal,"[""No favorable"", ""Salida favorable""]"
15927,Metropolitana,DEF-0489,5.0,Consumado,32,no,0,0.300479,0,0,base,drug_trafficking,normal,"[""No favorable"", ""Salida favorable""]"
287,Metropolitana,DEF-0175,13.0,Consumado,22,no,0,0.3762045,0,0,base,drug_trafficking,normal,"[""No favorable"", ""Salida favorable""]"
377,Metropolitana,DEF-0214,8.0,Consumado,44,no,0,0.3635918,0,0,base,drug_trafficking,normal,"[""No favorable"", ""Salida favorable""]"
13909,Coquimbo,DEF-0282,3.0,Consumado,37,no,0,0.38129896,0,0,base,drug_trafficking,normal,"[""No favorable"", ""Salida favorable""]"
2575,Metropolitana,DEF-0489,6.0,Consumado,28,no,0,0.30076572,0,0,base,drug_trafficking,normal,"[""No favorable"", ""Salida favorable""]"
10711,Arica y Parinacota,DEF-0441,1.0,Consumado,20,no,0,0.2182887,0,0,base,drug_trafficking,normal,"[""No favorable"", ""Salida favorable""]"
11648,Valparaíso,DEF-0546,4.0,Consumado,25,no,0,0.29002437,1,1,base,drug_trafficking,normal,"[""No favorable"", ""Salida favorable""]"
11324,Metropolitana,DEF-0855,1.0,Consumado,30,no,0,0.16279554,1,1,base,drug_trafficking,normal,"[""No favorable"", ""Salida favorable""]"
4328,Bio Bío,DEF-0049,10.0,Consumado,27,no,0,0.43838063,0,0,base,drug_trafficking,normal,"[""No favorable"", ""Salida favorable""]"
15988,Metropolitana,DEF-0479,3.0,Consumado,29,yes,1,0.99636745,1,1,base,drug_trafficking,normal,"[""No favorable"", ""Salida favorable""]"
1724,Metropolitana,DEF-0039,3.0,Consumado,28,no,0,0.30772278,0,0,base,drug_trafficking,normal,"[""No favorable"", ""Salida favorable""]"
1405,Arica y Parinacota,DEF-0224,7.0,Consumado,31,yes,1,0.9985281,1,1,base,drug_trafficking,normal,"[""No favorable"", ""Salida favorable""]"
15571,Los Ríos,DEF-0916,7.0,Consumado,24,no,0,0.2747695,1,1,base,drug_trafficking,normal,"[""No favorable"", ""Salida favorable""]"
382,Metropolitana,DEF-0215,21.0,Consumado,35,no,0,0.38275048,1,1,base,drug_trafficking,normal,"[""No favorable"", ""Salida favorable""]"
11696,Arica y Parinacota,DEF-0012,9.0,Consumado,37,yes,1,0.99950784,1,1,base,drug_trafficking,normal,"[""No favorable"", ""Salida favorable""]"
11795,Tarapacá,DEF-0190,7.0,Consumado,30,yes,1,0.9985158,1,1,base,drug_trafficking,normal,"[""No favorable"", ""Salida favorable""]"
9973,Valparaíso,DEF-0417,6.0,Consumado,49,yes,1,0.99671257,1,1,base,drug_trafficking,normal,"[""No favorable"", ""Salida favorable""]"
12391,Tarapacá,DEF-0102,4.0,Consumado,25,yes,1,0.9993856,1,1,base,drug_trafficking,normal,"[""No favorable"", ""Salida favorable""]"
1334,Arica y Parinacota,DEF-0078,12.0,Consumado,29,yes,1,0.9993677,1,1,base,drug_trafficking,normal,"[""No favorable"", ""Salida favorable""]"
120,Libertador Bernardo O'Higgins,DEF-0091,6.0,Consumado,30,no,0,0.3821866,0,0,base,drug_trafficking,normal,"[""No favorable"", ""Salida favorable""]"
15923,Bio Bío,DEF-0445,5.0,Consumado,27,no,0,0.3329969,1,1,base,drug_trafficking,normal,"[""No favorable"", ""Salida favorable""]"
14681,Maule,DEF-0712,6.0,Consumado,26,no,0,0.28233597,0,0,base,drug_trafficking,normal,"[""No favorable"", ""Salida favorable""]"
11642,Metropolitana,DEF-0082,8.0,Consumado,32,no,0,0.28370175,0,0,base,drug_trafficking,normal,"[""No favorable"", ""Salida favorable""]"
8371,Los Lagos,DEF-0459,2.0,Consumado,30,no,0,0.31433582,0,0,base,drug_trafficking,normal,"[""No favorable"", ""Salida favorable""]"
6412,Tarapacá,DEF-0106,6.0,Consumado,45,no,0,0.27385938,0,0,base,drug_trafficking,normal,"[""No favorable"", ""Salida favorable""]"
12319,Metropolitana,DEF-0008,6.0,Consumado,30,no,0,0.18737249,0,0,base,drug_trafficking,normal,"[""No favorable"", ""Salida favorable""]"
1317,Metropolitana,DEF-0448,2.0,Consumado,28,yes,1,0.99677134,1,1,base,drug_trafficking,normal,"[""No favorable"", ""Salida favorable""]"
16587,Metropolitana,DEF-0003,0.0,Consumado,33,no,0,0.16117409,0,0,base,drug_trafficking,normal,"[""No favorable"", ""Salida favorable""]"
14537,Antofagasta,DEF-0683,5.0,Consumado,27,yes,1,0.99335074,1,1,base,drug_trafficking,normal,"[""No favorable"", ""Salida favorable""]"
6261,Metropolitana,DEF-0112,0.0,Consumado,27,no,0,0.29608074,0,0,base,drug_trafficking,normal,"[""No favorable"", ""Salida favorable""]"
16526,Atacama,DEF-0131,3.0,Consumado,18,yes,1,0.99902797,1,1,base,drug_trafficking,normal,"[""No favorable"", ""Salida favorable""]"
10693,Tarapacá,DEF-0660,3.0,Consumado,18,yes,1,0.9894599,1,1,base,drug_trafficking,normal,"[""No favorable"", ""Salida favorable""]"
9271,Bio Bío,DEF-0449,11.0,Consumado,25,no,0,0.33678865,0,0,base,drug_trafficking,normal,"[""No favorable"", ""Salida favorable""]"
4469,La Araucanía,DEF-0488,2.0,Consumado,22,no,0,0.31570736,1,1,base,drug_trafficking,normal,"[""No favorable"", ""Salida favorable""]"
2428,Metropolitana,DEF-0451,2.0,Consumado,32,no,0,0.30405024,1,1,base,drug_trafficking,normal,"[""No favorable"", ""Salida favorable""]"
10592,Tarapacá,DEF-0106,4.0,Consumado,18,yes,1,0.9993753,1,1,base,drug_trafficking,normal,"[""No favorable"", ""Salida favorable""]"
11897,Atacama,DEF-0482,7.0,Consumado,25,no,0,0.2747751,0,0,base,drug_trafficking,normal,"[""No favorable"", ""Salida favorable""]"
1306,Tarapacá,DEF-0106,6.0,Consumado,29,yes,1,0.99936056,1,1,base,drug_trafficking,normal,"[""No favorable"", ""Salida favorable""]"
1180,Valparaíso,DEF-0425,9.0,Consumado,38,no,0,0.30617106,0,0,base,drug_trafficking,normal,"[""No favorable"", ""Salida favorable""]"
709,Metropolitana,DEF-0068,12.0,Consumado,29,no,0,0.30509323,0,0,base,drug_trafficking,normal,"[""No favorable"", ""Salida favorable""]"
15708,Arica y Parinacota,DEF-0225,4.0,Consumado,25,no,0,0.26202148,0,0,base,drug_trafficking,normal,"[""No favorable"", ""Salida favorable""]"
10912,Antofagasta,DEF-0683,3.0,Consumado,18,no,0,0.17052546,0,0,base,drug_trafficking,normal,"[""No favorable"", ""Salida favorable""]"
14713,Tarapacá,DEF-0114,6.0,Consumado,30,no,0,0.2925829,1,1,base,drug_trafficking,normal,"[""No favorable"", ""Salida favorable""]"
5798,Metropolitana,DEF-0141,4.0,Consumado,24,no,0,0.34555602,1,1,base,drug_trafficking,normal,"[""No favorable"", ""Salida favorable""]"
14170,Valparaíso,DEF-0557,4.0,Consumado,21,no,0,0.28897214,1,1,base,drug_trafficking,normal,"[""No favorable"", ""Salida favorable""]"
134,Tarapacá,DEF-0100,8.0,Consumado,31,no,0,0.27939948,0,0,base,drug_trafficking,normal,"[""No favorable"", ""Salida favorable""]"
11328,Tarapacá,DEF-0058,6.0,Consumado,37,yes,1,0.99945605,1,1,base,drug_trafficking,normal,"[""No favorable"", ""Salida favorable""]"
5318,Antofagasta,DEF-0059,4.0,Consumado,29,no,0,0.25890055,0,0,base,drug_trafficking,normal,"[""No favorable"", ""Salida favorable""]"
177,Tarapacá,DEF-0124,11.0,Consumado,27,no,0,0.32021993,1,1,base,drug_trafficking,normal,"[""No favorable"", ""Salida favorable""]"
13586,Arica y Parinacota,DEF-0234,5.0,Consumado,37,no,0,0.25100875,0,0,base,drug_trafficking,normal,"[""No favorable"", ""Salida favorable""]"
7185,Tarapacá,DEF-0614,10.0,Consumado,37,no,0,0.28775516,0,0,base,drug_trafficking,normal,"[""No favorable"", ""Salida favorable""]"
8581,Valparaíso,DEF-0532,2.0,Consumado,30,no,0,0.29073885,0,0,base,drug_trafficking,normal,"[""No favorable"", ""Salida favorable""]"
15301,Arica y Parinacota,DEF-0556,5.0,Consumado,26,no,0,0.2004603,0,0,base,drug_trafficking,normal,"[""No favorable"", ""Salida favorable""]"
11250,Coquimbo,DEF-0081,4.0,Consumado,30,no,0,0.41251582,0,0,base,drug_trafficking,normal,"[""No favorable"", ""Salida favorable""]"
6058,Tarapacá,DEF-0073,4.0,Consumado,41,yes,1,0.99944806,1,1,base,drug_trafficking,normal,"[""No favorable"", ""Salida favorable""]"
8455,Arica y Parinacota,DEF-0346,14.0,Consumado,18,yes,1,0.99834406,1,1,base,drug_trafficking,normal,"[""No favorable"", ""Salida favorable""]"
12791,Metropolitana,DEF-0039,2.0,Consumado,30,no,0,0.3018486,0,0,base,drug_trafficking,normal,"[""No favorable"", ""Salida favorable""]"
5976,Antofagasta,DEF-0313,1.0,Consumado,25,no,0,0.20571393,1,1,base,drug_trafficking,normal,"[""No favorable"", ""Salida favorable""]"
16175,Tarapacá,DEF-0058,2.0,Consumado,18,yes,1,0.99947304,1,1,base,drug_trafficking,normal,"[""No favorable"", ""Salida favorable""]"
9884,Tarapacá,DEF-0117,2.0,Consumado,25,no,0,0.29196352,0,0,base,drug_trafficking,normal,"[""No favorable"", ""Salida favorable""]"
79,Antofagasta,DEF-0052,14.0,Consumado,21,no,0,0.2877472,1,1,base,drug_trafficking,normal,"[""No favorable"", ""Salida favorable""]"
11171,Arica y Parinacota,DEF-0140,7.0,Consumado,36,yes,1,0.99880147,1,1,base,drug_trafficking,normal,"[""No favorable"", ""Salida favorable""]"
15990,Antofagasta,DEF-0852,6.0,Consumado,26,yes,1,0.9840846,1,1,base,drug_trafficking,normal,"[""No favorable"", ""Salida favorable""]"
16362,Metropolitana,DEF-0943,7.0,Consumado,27,no,0,0.2722337,0,0,base,drug_trafficking,normal,"[""No favorable"", ""Salida favorable""]"
6510,Metropolitana,DEF-0193,13.0,Consumado,18,no,0,0.37312186,1,1,base,drug_trafficking,normal,"[""No favorable"", ""Salida favorable""]"
7519,Tarapacá,DEF-0301,3.0,Consumado,35,yes,1,0.9978479,1,1,base,drug_trafficking,normal,"[""No favorable"", ""Salida favorable""]"
1213,Tarapacá,DEF-0102,10.0,Consumado,35,no,0,0.28324565,0,0,base,drug_trafficking,normal,"[""No favorable"", ""Salida favorable""]"
15602,Metropolitana,DEF-0024,2.0,Consumado,19,no,0,0.34650385,0,0,base,drug_trafficking,normal,"[""No favorable"", ""Salida favorable""]"
4353,Antofagasta,DEF-0401,7.0,Consumado,29,no,0,0.19277938,0,0,base,drug_trafficking,normal,"[""No favorable"", ""Salida favorable""]"
7797,Tarapacá,DEF-0317,3.0,Consumado,26,yes,1,0.9977682,1,1,base,drug_trafficking,normal,"[""No favorable"", ""Salida favorable""]"
10505,Maule,DEF-0079,6.0,Consumado,38,no,0,0.28715557,0,0,base,drug_trafficking,normal,"[""No favorable"", ""Salida favorable""]"
793,Tarapacá,DEF-0270,8.0,Consumado,18,no,0,0.3388959,0,0,base,drug_trafficking,normal,"[""No favorable"", ""Salida favorable""]"
8563,Tarapacá,DEF-0270,5.0,Consumado,18,yes,1,0.998064,1,1,base,drug_trafficking,normal,"[""No favorable"", ""Salida favorable""]"
10329,Arica y Parinacota,DEF-0383,6.0,Consumado,18,yes,1,0.9982536,1,1,base,drug_trafficking,normal,"[""No favorable"", ""Salida favorable""]"
15224,Antofagasta,DEF-0246,5.0,Consumado,30,yes,1,0.99769145,1,1,base,drug_trafficking,normal,"[""No favorable"", ""Salida favorable""]"
15979,Maule,DEF-0866,1.0,Consumado,32,no,0,0.27444997,1,1,base,drug_trafficking,normal,"[""No favorable"", ""Salida favorable""]"
3370,La Araucanía,DEF-0506,6.0,Consumado,28,no,0,0.3151224,0,0,base,drug_trafficking,normal,"[""No favorable"", ""Salida favorable""]"
8095,Metropolitana,DEF-0175,7.0,Consumado,31,no,0,0.3660828,0,0,base,drug_trafficking,normal,"[""No favorable"", ""Salida favorable""]"
7713,Tarapacá,DEF-0270,7.0,Consumado,31,no,0,0.33915645,0,0,base,drug_trafficking,normal,"[""No favorable"", ""Salida favorable""]"
13815,Valparaíso,DEF-0557,5.0,Consumado,30,no,0,0.28941628,0,0,base,drug_trafficking,normal,"[""No favorable"", ""Salida favorable""]"
303,Valparaíso,DEF-0187,6.0,Consumado,18,no,0,0.3472964,1,1,base,drug_trafficking,normal,"[""No favorable"", ""Salida favorable""]"
14994,La Araucanía,DEF-0607,1.0,Consumado,41,no,0,0.29830387,0,0,base,drug_trafficking,normal,"[""No favorable"", ""Salida favorable""]"
12556,Metropolitana,DEF-0016,4.0,Consumado,28,no,0,0.36215052,0,0,base,drug_trafficking,normal,"[""No favorable"", ""Salida favorable""]"
16123,Antofagasta,DEF-0821,4.0,Consumado,18,yes,1,0.9877302,1,1,base,drug_trafficking,normal,"[""No favorable"", ""Salida favorable""]"
7695,Valparaíso,DEF-0462,6.0,Consumado,34,no,0,0.2995933,0,0,base,drug_trafficking,normal,"[""No favorable"", ""Salida favorable""]"
8705,Valparaíso,DEF-0632,5.0,Consumado,34,no,0,0.28362817,1,1,base,drug_trafficking,normal,"[""No favorable"", ""Salida favorable""]"
14597,Arica y Parinacota,DEF-0309,10.0,Consumado,27,yes,1,0.9983824,1,1,base,drug_trafficking,normal,"[""No favorable"", ""Salida favorable""]"
11067,Tarapacá,DEF-0058,5.0,Consumado,29,yes,1,0.9994649,1,1,base,drug_trafficking,normal,"[""No favorable"", ""Salida favorable""]"
4642,Arica y Parinacota,DEF-0346,10.0,Consumado,25,no,0,0.22815917,0,0,base,drug_trafficking,normal,"[""No favorable"", ""Salida favorable""]"
16229,Antofagasta,DEF-0352,5.0,Consumado,31,yes,1,0.9972885,1,1,base,drug_trafficking,normal,"[""No favorable"", ""Salida favorable""]"
15111,Antofagasta,DEF-0802,6.0,Consumado,42,yes,1,0.98565567,1,1,base,drug_trafficking,normal,"[""No favorable"", ""Salida favorable""]"
4886,Atacama,DEF-0054,4.0,Consumado,20,yes,1,0.9995074,1,1,base,drug_trafficking,normal,"[""No favorable"", ""Salida favorable""]"
4477,Antofagasta,DEF-0026,3.0,Consumado,30,yes,1,0.9994539,1,1,base,drug_trafficking,normal,"[""No favorable"", ""Salida favorable""]"
13350,Arica y Parinacota,DEF-0140,6.0,Consumado,18,yes,1,0.998884,1,1,base,drug_trafficking,normal,"[""No favorable"", ""Salida favorable""]"
7834,Valparaíso,DEF-0416,4.0,Consumado,28,no,0,0.30441436,1,1,base,drug_trafficking,normal,"[""No favorable"", ""Salida favorable""]"
9082,Tarapacá,DEF-0660,7.0,Consumado,26,no,0,0.28339767,0,0,base,drug_trafficking,normal,"[""No favorable"", ""Salida favorable""]"
710,Arica y Parinacota,DEF-0140,11.0,Consumado,28,no,0,0.29717225,0,0,base,drug_trafficking,normal,"[""No favorable"", ""Salida favorable""]"
10488,Metropolitana,DEF-0471,3.0,Consumado,25,no,0,0.3015027,1,1,base,drug_trafficking,normal,"[""No favorable"", ""Salida favorable""]"
4547,Maule,DEF-0361,5.0,Consumado,42,no,0,0.32511392,1,1,base,drug_trafficking,normal,"[""No favorable"", ""Salida favorable""]"
7825,Arica y Parinacota,DEF-0108,7.0,Consumado,34,yes,1,0.9990912,1,1,base,drug_trafficking,normal,"[""No favorable"", ""Salida favorable""]"
4823,Coquimbo,DEF-0323,5.0,Consumado,29,no,0,0.36653915,1,1,base,drug_trafficking,normal,"[""No favorable"", ""Salida favorable""]"
15866,Antofagasta,DEF-0014,7.0,Consumado,23,yes,1,0.99946386,1,1,base,drug_trafficking,normal,"[""No favorable"", ""Salida favorable""]"
6303,Valparaíso,DEF-0568,3.0,Consumado,27,no,0,0.28784376,1,1,base,drug_trafficking,normal,"[""No favorable"", ""Salida favorable""]"
15634,Metropolitana,DEF-0831,3.0,Consumado,28,no,0,0.27515316,0,0,base,drug_trafficking,normal,"[""No favorable"", ""Salida favorable""]"
10676,Antofagasta,DEF-0654,6.0,Consumado,18,yes,1,0.99462205,1,1,base,drug_trafficking,normal,"[""No favorable"", ""Salida favorable""]"
9620,Metropolitana,DEF-0250,2.0,Consumado,28,no,0,0.34434274,0,0,base,drug_trafficking,normal,"[""No favorable"", ""Salida favorable""]"
4169,Metropolitana,DEF-0040,7.0,Consumado,21,no,0,0.33095002,0,0,base,drug_trafficking,normal,"[""No favorable"", ""Salida favorable""]"
13778,Tarapacá,DEF-0117,8.0,Consumado,22,no,0,0.30604845,1,1,base,drug_trafficking,normal,"[""No favorable"", ""Salida favorable""]"
7926,Tarapacá,DEF-0124,3.0,Consumado,26,yes,1,0.99920964,1,1,base,drug_trafficking,normal,"[""No favorable"", ""Salida favorable""]"
15510,Tarapacá,DEF-0058,6.0,Consumado,22,yes,1,0.9994754,1,1,base,drug_trafficking,normal,"[""No favorable"", ""Salida favorable""]"
10678,Tarapacá,DEF-0114,3.0,Consumado,23,yes,1,0.999306,1,1,base,drug_trafficking,normal,"[""No favorable"", ""Salida favorable""]"
14738,Metropolitana,DEF-0082,0.0,Consumado,43,no,0,0.26138908,0,0,base,drug_trafficking,normal,"[""No favorable"", ""Salida favorable""]"
14523,Arica y Parinacota,DEF-0263,9.0,Consumado,30,no,0,0.2467545,1,1,base,drug_trafficking,normal,"[""No favorable"", ""Salida favorable""]"
10632,Maule,DEF-0154,4.0,Consumado,34,no,0,0.36637712,0,0,base,drug_trafficking,normal,"[""No favorable"", ""Salida favorable""]"
11143,Atacama,DEF-0258,17.0,Consumado,18,yes,1,0.9986528,1,1,base,drug_trafficking,normal,"[""No favorable"", ""Salida favorable""]"
1775,Valparaíso,DEF-0499,8.0,Consumado,28,no,0,0.29595423,1,1,base,drug_trafficking,normal,"[""No favorable"", ""Salida favorable""]"
2651,Metropolitana,DEF-0283,7.0,Consumado,36,no,0,0.34123164,0,0,base,drug_trafficking,normal,"[""No favorable"", ""Salida favorable""]"
10722,Tarapacá,DEF-0106,4.0,Consumado,42,yes,1,0.9993251,1,1,base,drug_trafficking,normal,"[""No favorable"", ""Salida favorable""]"
11373,Tarapacá,DEF-0058,5.0,Consumado,25,yes,1,0.99947,1,1,base,drug_trafficking,normal,"[""No favorable"", ""Salida favorable""]"
11686,Valparaíso,DEF-0304,1.0,Consumado,25,no,0,0.3215756,0,0,base,drug_trafficking,normal,"[""No favorable"", ""Salida favorable""]"
3554,Tarapacá,DEF-0301,4.0,Consumado,24,yes,1,0.99788165,1,1,base,drug_trafficking,normal,"[""No favorable"", ""Salida favorable""]"
8387,Tarapacá,DEF-0106,3.0,Consumado,27,yes,1,0.99935466,1,1,base,drug_trafficking,normal,"[""No favorable"", ""Salida favorable""]"
7412,Metropolitana,DEF-0289,5.0,Consumado,21,no,0,0.33625457,0,0,base,drug_trafficking,normal,"[""No favorable"", ""Salida favorable""]"
12359,Tarapacá,DEF-0251,7.0,Consumado,29,no,0,0.34384793,0,0,base,drug_trafficking,normal,"[""No favorable"", ""Salida favorable""]"
10301,Magallanes y Antártica Chilena,DEF-0648,8.0,Consumado,33,yes,1,0.9936178,1,1,base,drug_trafficking,normal,"[""No favorable"", ""Salida favorable""]"
10020,Ñuble,DEF-0391,10.0,Consumado,33,no,0,0.30862322,1,1,base,drug_trafficking,normal,"[""No favorable"", ""Salida favorable""]"
2111,Arica y Parinacota,DEF-0455,11.0,Consumado,18,yes,1,0.9980266,1,1,base,drug_trafficking,normal,"[""No favorable"", ""Salida favorable""]"
1389,Metropolitana,DEF-0454,1.0,Consumado,25,no,0,0.30295917,1,1,base,drug_trafficking,normal,"[""No favorable"", ""Salida favorable""]"
12920,Tarapacá,DEF-0660,0.0,Consumado,30,no,0,0.2820105,0,0,base,drug_trafficking,normal,"[""No favorable"", ""Salida favorable""]"
11764,Libertador Bernardo O'Higgins,DEF-0091,8.0,Consumado,24,no,0,0.39381063,0,0,base,drug_trafficking,normal,"[""No favorable"", ""Salida favorable""]"
1928,Metropolitana,DEF-0396,11.0,Consumado,49,no,0,0.31951523,1,1,base,drug_trafficking,normal,"[""No favorable"", ""Salida favorable""]"
13270,Bio Bío,DEF-0133,9.0,Consumado,18,no,0,0.48232558,1,1,base,drug_trafficking,normal,"[""No favorable"", ""Salida favorable""]"
11757,Tarapacá,DEF-0270,8.0,Consumado,25,yes,1,0.99808216,1,1,base,drug_trafficking,normal,"[""No favorable"", ""Salida favorable""]"
9652,Maule,DEF-0135,3.0,Consumado,37,no,0,0.34834784,1,1,base,drug_trafficking,normal,"[""No favorable"", ""Salida favorable""]"
1710,Metropolitana,DEF-0492,6.0,Consumado,28,no,0,0.30037346,0,0,base,drug_trafficking,normal,"[""No favorable"", ""Salida favorable""]"
675,Los Lagos,DEF-0186,16.0,Consumado,18,no,0,0.42066908,1,1,base,drug_trafficking,normal,"[""No favorable"", ""Salida favorable""]"
1232,Metropolitana,DEF-0021,8.0,Consumado,22,no,0,0.3747593,0,0,base,drug_trafficking,normal,"[""No favorable"", ""Salida favorable""]"
7590,Antofagasta,DEF-0314,15.0,Consumado,21,yes,1,0.99746346,1,1,base,drug_trafficking,normal,"[""No favorable"", ""Salida favorable""]"
3696,Los Lagos,DEF-0636,9.0,Consumado,22,no,0,0.29341987,0,0,base,drug_trafficking,normal,"[""No favorable"", ""Salida favorable""]"
9224,Libertador Bernardo O'Higgins,DEF-0181,4.0,Consumado,24,no,0,0.4102627,0,0,base,drug_trafficking,normal,"[""No favorable"", ""Salida favorable""]"
13319,Atacama,DEF-0258,3.0,Consumado,40,no,0,0.32605767,0,0,base,drug_trafficking,normal,"[""No favorable"", ""Salida favorable""]"
2009,Tarapacá,DEF-0106,4.0,Consumado,40,yes,1,0.9993298,1,1,base,drug_trafficking,normal,"[""No favorable"", ""Salida favorable""]"
1510,Arica y Parinacota,DEF-0412,10.0,Consumado,36,yes,1,0.99803823,1,1,base,drug_trafficking,normal,"[""No favorable"", ""Salida favorable""]"
8702,Metropolitana,DEF-0724,18.0,Consumado,20,no,0,0.28282037,1,1,base,drug_trafficking,normal,"[""No favorable"", ""Salida favorable""]"
2899,Metropolitana,DEF-0223,8.0,Consumado,19,no,0,0.35809302,1,1,base,drug_trafficking,normal,"[""No favorable"", ""Salida favorable""]"
8717,Antofagasta,DEF-0246,6.0,Consumado,30,no,0,0.22333224,0,0,base,drug_trafficking,normal,"[""No favorable"", ""Salida favorable""]"
14156,Valparaíso,DEF-0125,2.0,Consumado,24,no,0,0.28839782,0,0,base,drug_trafficking,normal,"[""No favorable"", ""Salida favorable""]"
5040,Antofagasta,DEF-0084,4.0,Consumado,19,yes,1,0.99916095,1,1,base,drug_trafficking,normal,"[""No favorable"", ""Salida favorable""]"
4263,Valparaíso,DEF-0462,8.0,Consumado,18,no,0,0.29985607,0,0,base,drug_trafficking,normal,"[""No favorable"", ""Salida favorable""]"
67,Metropolitana,DEF-0013,7.0,Consumado,52,no,0,0.3337649,1,1,base,drug_trafficking,normal,"[""No favorable"", ""Salida favorable""]"
11107,Metropolitana,DEF-0008,8.0,Consumado,27,no,0,0.19223769,0,0,base,drug_trafficking,normal,"[""No favorable"", ""Salida favorable""]"
11565,Libertador Bernardo O'Higgins,DEF-0160,16.0,Consumado,43,no,0,0.45193994,1,1,base,drug_trafficking,normal,"[""No favorable"", ""Salida favorable""]"
11435,Antofagasta,DEF-0166,5.0,Consumado,30,yes,1,0.998021,1,1,base,drug_trafficking,normal,"[""No favorable"", ""Salida favorable""]"
5107,Metropolitana,DEF-0008,6.0,Consumado,19,no,0,0.18794826,0,0,base,drug_trafficking,normal,"[""No favorable"", ""Salida favorable""]"
13373,Antofagasta,DEF-0189,2.0,Consumado,26,no,0,0.23784299,0,0,base,drug_trafficking,normal,"[""No favorable"", ""Salida favorable""]"
2444,Valparaíso,DEF-0119,2.0,Consumado,25,no,0,0.279083,1,1,base,drug_trafficking,normal,"[""No favorable"", ""Salida favorable""]"
2745,Atacama,DEF-0093,5.0,Consumado,37,no,0,0.39295065,0,0,base,drug_trafficking,normal,"[""No favorable"", ""Salida favorable""]"
8481,Tarapacá,DEF-0301,4.0,Consumado,24,yes,1,0.99788165,1,1,base,drug_trafficking,normal,"[""No favorable"", ""Salida favorable""]"
13342,Los Lagos,DEF-0025,6.0,Consumado,24,no,0,0.3605345,0,0,base,drug_trafficking,normal,"[""No favorable"", ""Salida favorable""]"
59,Metropolitana,DEF-0047,3.0,Consumado,36,no,0,0.2923695,1,1,base,drug_trafficking,normal,"[""No favorable"", ""Salida favorable""]"
13410,Bio Bío,DEF-0287,1.0,Consumado,18,no,0,0.38047126,1,1,base,drug_trafficking,normal,"[""No favorable"", ""Salida favorable""]"
89,Libertador Bernardo O'Higgins,DEF-0067,1.0,Consumado,19,no,0,0.34815285,0,0,base,drug_trafficking,normal,"[""No favorable"", ""Salida favorable""]"
11272,Tarapacá,DEF-0251,4.0,Consumado,31,yes,1,0.9981238,1,1,base,drug_trafficking,normal,"[""No favorable"", ""Salida favorable""]"
16160,Valparaíso,DEF-0304,15.0,Consumado,31,no,0,0.33347923,0,0,base,drug_trafficking,normal,"[""No favorable"", ""Salida favorable""]"
8815,Atacama,DEF-0735,5.0,Consumado,26,no,0,0.24665235,1,1,base,drug_trafficking,normal,"[""No favorable"", ""Salida favorable""]"
13502,Metropolitana,DEF-0533,13.0,Consumado,28,no,0,0.29843923,1,1,base,drug_trafficking,normal,"[""No favorable"", ""Salida favorable""]"
12109,Tarapacá,DEF-0270,10.0,Consumado,29,no,0,0.3419705,0,0,base,drug_trafficking,normal,"[""No favorable"", ""Salida favorable""]"
3406,Valparaíso,DEF-0279,5.0,Consumado,30,no,0,0.330248,0,0,base,drug_trafficking,normal,"[""No favorable"", ""Salida favorable""]"
16642,Libertador Bernardo O'Higgins,DEF-0229,2.0,Consumado,27,no,0,0.38575843,1,1,base,drug_trafficking,normal,"[""No favorable"", ""Salida favorable""]"
1859,Tarapacá,DEF-0124,7.0,Consumado,20,yes,1,0.9992433,1,1,base,drug_trafficking,normal,"[""No favorable"", ""Salida favorable""]"
14093,Bio Bío,DEF-0617,18.0,Consumado,27,no,0,0.30689195,0,0,base,drug_trafficking,normal,"[""No favorable"", ""Salida favorable""]"
15114,Arica y Parinacota,DEF-0140,12.0,Consumado,23,yes,1,0.99886215,1,1,base,drug_trafficking,normal,"[""No favorable"", ""Salida favorable""]"
15452,Tarapacá,DEF-0190,4.0,Consumado,27,yes,1,0.998502,1,1,base,drug_trafficking,normal,"[""No favorable"", ""Salida favorable""]"
8992,Maule,DEF-0311,4.0,Consumado,32,no,0,0.33549145,1,1,base,drug_trafficking,normal,"[""No favorable"", ""Salida favorable""]"
1865,Metropolitana,DEF-0139,6.0,Consumado,18,no,0,0.34969738,1,1,base,drug_trafficking,normal,"[""No favorable"", ""Salida favorable""]"
7172,Atacama,DEF-0307,5.0,Consumado,19,yes,1,0.9985363,1,1,base,drug_trafficking,normal,"[""No favorable"", ""Salida favorable""]"
9466,Arica y Parinacota,DEF-0455,9.0,Consumado,24,no,0,0.210682,1,1,base,drug_trafficking,normal,"[""No favorable"", ""Salida favorable""]"
9118,Tarapacá,DEF-0660,4.0,Consumado,36,yes,1,0.9896742,1,1,base,drug_trafficking,normal,"[""No favorable"", ""Salida favorable""]"
5027,Arica y Parinacota,DEF-0455,12.0,Consumado,22,no,0,0.21082075,0,0,base,drug_trafficking,normal,"[""No favorable"", ""Salida favorable""]"
13271,Antofagasta,DEF-0683,7.0,Consumado,22,no,0,0.16993953,0,0,base,drug_trafficking,normal,"[""No favorable"", ""Salida favorable""]"
1186,Metropolitana,DEF-0427,10.0,Consumado,21,no,0,0.31116167,0,0,base,drug_trafficking,normal,"[""No favorable"", ""Salida favorable""]"
4181,Bio Bío,DEF-0155,6.0,Consumado,39,no,0,0.4650498,0,0,base,drug_trafficking,normal,"[""No favorable"", ""Salida favorable""]"
6349,Valparaíso,DEF-0136,12.0,Consumado,29,no,0,0.32152373,0,0,base,drug_trafficking,normal,"[""No favorable"", ""Salida favorable""]"
438,Metropolitana,DEF-0020,3.0,Consumado,30,no,0,0.35108107,1,1,base,drug_trafficking,normal,"[""No favorable"", ""Salida favorable""]"
1449,Metropolitana,DEF-0206,3.0,Consumado,18,yes,1,0.9984346,1,1,base,drug_trafficking,normal,"[""No favorable"", ""Salida favorable""]"
16661,Los Lagos,DEF-0110,1.0,Consumado,39,no,0,0.36660218,1,1,base,drug_trafficking,normal,"[""No favorable"", ""Salida favorable""]"
4552,Tarapacá,DEF-0106,2.0,Consumado,24,yes,1,0.99935734,1,1,base,drug_trafficking,normal,"[""No favorable"", ""Salida favorable""]"
16006,Tarapacá,DEF-0884,4.0,Consumado,39,yes,1,0.94843113,1,1,base,drug_trafficking,normal,"[""No favorable"", ""Salida favorable""]"
8765,Atacama,DEF-0054,2.0,Consumado,18,yes,1,0.9995069,1,1,base,drug_trafficking,normal,"[""No favorable"", ""Salida favorable""]"
2573,Tarapacá,DEF-0106,5.0,Consumado,34,yes,1,0.9993468,1,1,base,drug_trafficking,normal,"[""No favorable"", ""Salida favorable""]"
3392,Tarapacá,DEF-0100,6.0,Consumado,25,no,0,0.27887174,0,0,base,drug_trafficking,normal,"[""No favorable"", ""Salida favorable""]"
7801,Metropolitana,DEF-0098,8.0,Consumado,26,yes,1,0.9994103,1,1,base,drug_trafficking,normal,"[""No favorable"", ""Salida favorable""]"
9000,Antofagasta,DEF-0461,1.0,Consumado,31,no,0,0.18421918,0,0,base,drug_trafficking,normal,"[""No favorable"", ""Salida favorable""]"
88,Metropolitana,DEF-0008,4.0,Consumado,30,no,0,0.18297385,1,1,base,drug_trafficking,normal,"[""No favorable"", ""Salida favorable""]"
8042,Tarapacá,DEF-0106,4.0,Consumado,28,yes,1,0.999356,1,1,base,drug_trafficking,normal,"[""No favorable"", ""Salida favorable""]"
1850,Tarapacá,DEF-0106,7.0,Consumado,34,yes,1,0.9993536,1,1,base,drug_trafficking,normal,"[""No favorable"", ""Salida favorable""]"
12436,Metropolitana,DEF-0668,12.0,Consumado,38,no,0,0.285595,0,0,base,drug_trafficking,normal,"[""No favorable"", ""Salida favorable""]"
8061,Coquimbo,DEF-0397,4.0,Consumado,19,no,0,0.34057125,0,0,base,drug_trafficking,normal,"[""No favorable"", ""Salida favorable""]"
7640,Antofagasta,DEF-0619,4.0,Consumado,34,no,0,0.17205854,1,1,base,drug_trafficking,normal,"[""No favorable"", ""Salida favorable""]"
16497,Los Lagos,DEF-0895,1.0,Consumado,21,no,0,0.27552825,1,1,base,drug_trafficking,normal,"[""No favorable"", ""Salida favorable""]"
12441,Tarapacá,DEF-0102,5.0,Consumado,22,no,0,0.28061205,0,0,base,drug_trafficking,normal,"[""No favorable"", ""Salida favorable""]"
648,Valparaíso,DEF-0180,5.0,Consumado,18,no,0,0.3452204,0,0,base,drug_trafficking,normal,"[""No favorable"", ""Salida favorable""]"
5748,Tarapacá,DEF-0188,7.0,Consumado,31,no,0,0.35709977,0,0,base,drug_trafficking,normal,"[""No favorable"", ""Salida favorable""]"
742,Tarapacá,DEF-0073,6.0,Consumado,22,no,0,0.28272852,0,0,base,drug_trafficking,normal,"[""No favorable"", ""Salida favorable""]"
6916,Valparaíso,DEF-0327,8.0,Consumado,24,no,0,0.32163045,1,1,base,drug_trafficking,normal,"[""No favorable"", ""Salida favorable""]"
6547,Atacama,DEF-0337,5.0,Consumado,32,no,0,0.30440223,1,1,base,drug_trafficking,normal,"[""No favorable"", ""Salida favorable""]"
6690,Metropolitana,DEF-0759,2.0,Consumado,28,no,0,0.2781288,0,0,base,drug_trafficking,normal,"[""No favorable"", ""Salida favorable""]"
16305,Tarapacá,DEF-0106,3.0,Consumado,41,yes,1,0.9993237,1,1,base,drug_trafficking,normal,"[""No favorable"", ""Salida favorable""]"
5906,Bio Bío,DEF-0037,15.0,Consumado,19,no,0,0.48180258,1,1,base,drug_trafficking,normal,"[""No favorable"", ""Salida favorable""]"
16538,Metropolitana,DEF-0022,0.0,Consumado,18,no,0,0.34633958,0,0,base,drug_trafficking,normal,"[""No favorable"", ""Salida favorable""]"
2330,Tarapacá,DEF-0102,5.0,Consumado,18,yes,1,0.99940073,1,1,base,drug_trafficking,normal,"[""No favorable"", ""Salida favorable""]"
2463,Arica y Parinacota,DEF-0464,5.0,Consumado,22,no,0,0.21213128,0,0,base,drug_trafficking,normal,"[""No favorable"", ""Salida favorable""]"
5339,Tarapacá,DEF-0301,3.0,Consumado,22,no,0,0.32749233,1,1,base,drug_trafficking,normal,"[""No favorable"", ""Salida favorable""]"
4739,Metropolitana,DEF-0271,6.0,Consumado,18,no,0,0.34184834,1,1,base,drug_trafficking,normal,"[""No favorable"", ""Salida favorable""]"
13217,Los Ríos,DEF-0851,3.0,Consumado,18,no,0,0.16598514,0,0,base,drug_trafficking,normal,"[""No favorable"", ""Salida favorable""]"
6068,Metropolitana,DEF-0193,3.0,Consumado,25,no,0,0.35912615,0,0,base,drug_trafficking,normal,"[""No favorable"", ""Salida favorable""]"
6744,Tarapacá,DEF-0153,6.0,Consumado,35,no,0,0.34188026,0,0,base,drug_trafficking,normal,"[""No favorable"", ""Salida favorable""]"
9296,Arica y Parinacota,DEF-0309,8.0,Consumado,29,yes,1,0.9983756,1,1,base,drug_trafficking,normal,"[""No favorable"", ""Salida favorable""]"
3274,Tarapacá,DEF-0533,7.0,Consumado,43,no,0,0.29459047,1,1,base,drug_trafficking,normal,"[""No favorable"", ""Salida favorable""]"
10650,Bio Bío,DEF-0823,5.0,Consumado,22,no,0,0.28216133,0,0,base,drug_trafficking,normal,"[""No favorable"", ""Salida favorable""]"
5292,Metropolitana,DEF-0247,5.0,Consumado,22,no,0,0.34778747,0,0,base,drug_trafficking,normal,"[""No favorable"", ""Salida favorable""]"
8968,Arica y Parinacota,DEF-0346,8.0,Consumado,27,no,0,0.22729607,0,0,base,drug_trafficking,normal,"[""No favorable"", ""Salida favorable""]"
4294,Maule,DEF-0480,6.0,Consumado,27,no,0,0.30416784,0,0,base,drug_trafficking,normal,"[""No favorable"", ""Salida favorable""]"
7724,Los Lagos,DEF-0575,16.0,Consumado,33,no,0,0.3042047,0,0,base,drug_trafficking,normal,"[""No favorable"", ""Salida favorable""]"
6593,Metropolitana,DEF-0112,5.0,Consumado,28,yes,1,0.99930805,1,1,base,drug_trafficking,normal,"[""No favorable"", ""Salida favorable""]"
14166,Valparaíso,DEF-0722,4.0,Consumado,30,no,0,0.27833086,1,1,base,drug_trafficking,normal,"[""No favorable"", ""Salida favorable""]"
13702,Arica y Parinacota,DEF-0225,8.0,Consumado,29,no,0,0.25962463,0,0,base,drug_trafficking,normal,"[""No favorable"", ""Salida favorable""]"
1612,Metropolitana,DEF-0070,3.0,Consumado,33,no,0,0.27795985,0,0,base,drug_trafficking,normal,"[""No favorable"", ""Salida favorable""]"
13131,Metropolitana,DEF-0069,6.0,Consumado,32,no,0,0.2863449,1,1,base,drug_trafficking,normal,"[""No favorable"", ""Salida favorable""]"
12748,Valparaíso,DEF-0242,5.0,Consumado,24,no,0,0.33837664,1,1,base,drug_trafficking,normal,"[""No favorable"", ""Salida favorable""]"
14443,Tarapacá,DEF-0660,7.0,Consumado,29,no,0,0.28344208,0,0,base,drug_trafficking,normal,"[""No favorable"", ""Salida favorable""]"
1528,Metropolitana,DEF-0043,10.0,Consumado,33,no,0,0.31773907,0,0,base,drug_trafficking,normal,"[""No favorable"", ""Salida favorable""]"
16309,Tarapacá,DEF-0106,3.0,Consumado,29,yes,1,0.99935055,1,1,base,drug_trafficking,normal,"[""No favorable"", ""Salida favorable""]"
680,Los Lagos,DEF-0143,20.0,Consumado,29,no,0,0.44894227,1,1,base,drug_trafficking,normal,"[""No favorable"", ""Salida favorable""]"
5431,Tarapacá,DEF-0124,2.0,Consumado,29,yes,1,0.9991965,1,1,base,drug_trafficking,normal,"[""No favorable"", ""Salida favorable""]"
7043,Aysén,DEF-0424,9.0,Consumado,33,no,0,0.33245763,1,1,base,drug_trafficking,normal,"[""No favorable"", ""Salida favorable""]"
9480,Tarapacá,DEF-0073,7.0,Consumado,24,yes,1,0.9994774,1,1,base,drug_trafficking,normal,"[""No favorable"", ""Salida favorable""]"
10719,Arica y Parinacota,DEF-0780,18.0,Consumado,18,yes,1,0.99455714,1,1,base,drug_trafficking,normal,"[""No favorable"", ""Salida favorable""]"
8367,Metropolitana,DEF-0358,4.0,Consumado,32,yes,1,0.9976202,1,1,base,drug_trafficking,normal,"[""No favorable"", ""Salida favorable""]"
6289,Tarapacá,DEF-0533,4.0,Consumado,36,yes,1,0.99502367,1,1,base,drug_trafficking,normal,"[""No favorable"", ""Salida favorable""]"
2690,Valparaíso,DEF-0220,3.0,Consumado,18,no,0,0.34085035,0,0,base,drug_trafficking,normal,"[""No favorable"", ""Salida favorable""]"
3887,Antofagasta,DEF-0011,6.0,Consumado,24,no,0,0.22746772,0,0,base,drug_trafficking,normal,"[""No favorable"", ""Salida favorable""]"
7341,Tarapacá,DEF-0660,9.0,Consumado,21,yes,1,0.9906106,1,1,base,drug_trafficking,normal,"[""No favorable"", ""Salida favorable""]"
2199,Tarapacá,DEF-0106,3.0,Consumado,32,yes,1,0.99934417,1,1,base,drug_trafficking,normal,"[""No favorable"", ""Salida favorable""]"
2088,Tarapacá,DEF-0106,2.0,Consumado,18,yes,1,0.99936897,1,1,base,drug_trafficking,normal,"[""No favorable"", ""Salida favorable""]"
472,Metropolitana,DEF-0239,8.0,Consumado,18,no,0,0.35310766,1,1,base,drug_trafficking,normal,"[""No favorable"", ""Salida favorable""]"
4973,La Araucanía,DEF-0574,1.0,Consumado,30,no,0,0.30215603,0,0,base,drug_trafficking,normal,"[""No favorable"", ""Salida favorable""]"
10905,Tarapacá,DEF-0106,4.0,Consumado,32,yes,1,0.9993476,1,1,base,drug_trafficking,normal,"[""No favorable"", ""Salida favorable""]"
13730,Los Lagos,DEF-0720,4.0,Consumado,21,no,0,0.28509212,0,0,base,drug_trafficking,normal,"[""No favorable"", ""Salida favorable""]"
910,Arica y Parinacota,DEF-0365,6.0,Consumado,18,yes,1,0.99830127,1,1,base,drug_trafficking,normal,"[""No favorable"", ""Salida favorable""]"
915,Tarapacá,DEF-0270,7.0,Consumado,37,no,0,0.33983892,1,1,base,drug_trafficking,normal,"[""No favorable"", ""Salida favorable""]"
15520,Tarapacá,DEF-0202,8.0,Consumado,30,yes,1,0.9984309,1,1,base,drug_trafficking,normal,"[""No favorable"", ""Salida favorable""]"
6431,Tarapacá,DEF-0270,5.0,Consumado,29,yes,1,0.99804544,1,1,base,drug_trafficking,normal,"[""No favorable"", ""Salida favorable""]"
7734,Coquimbo,DEF-0131,4.0,Consumado,30,yes,1,0.9990456,1,1,base,drug_trafficking,normal,"[""No favorable"", ""Salida favorable""]"
1138,Metropolitana,DEF-0414,7.0,Consumado,33,no,0,0.31233022,1,1,base,drug_trafficking,normal,"[""No favorable"", ""Salida favorable""]"
10865,Tarapacá,DEF-0660,4.0,Consumado,29,yes,1,0.98968065,1,1,base,drug_trafficking,normal,"[""No favorable"", ""Salida favorable""]"
4738,Arica y Parinacota,DEF-0083,7.0,Consumado,24,no,0,0.30878732,0,0,base,drug_trafficking,normal,"[""No favorable"", ""Salida favorable""]"
2476,Tarapacá,DEF-0188,6.0,Consumado,26,yes,1,0.99853593,1,1,base,drug_trafficking,normal,"[""No favorable"", ""Salida favorable""]"
9976,Valparaíso,DEF-0048,4.0,Consumado,46,no,0,0.27153257,1,1,base,drug_trafficking,normal,"[""No favorable"", ""Salida favorable""]"
15189,Coquimbo,DEF-0811,3.0,Consumado,20,no,0,0.28246313,0,0,base,drug_trafficking,normal,"[""No favorable"", ""Salida favorable""]"
2571,Tarapacá,DEF-0106,6.0,Consumado,35,yes,1,0.9993481,1,1,base,drug_trafficking,normal,"[""No favorable"", ""Salida favorable""]"
12127,Antofagasta,DEF-0689,5.0,Consumado,18,yes,1,0.9937978,1,1,base,drug_trafficking,normal,"[""No favorable"", ""Salida favorable""]"
6186,Metropolitana,DEF-0112,12.0,Consumado,21,no,0,0.32710147,1,1,base,drug_trafficking,normal,"[""No favorable"", ""Salida favorable""]"
10399,Metropolitana,DEF-0686,16.0,Consumado,21,no,0,0.28490335,1,1,base,drug_trafficking,normal,"[""No favorable"", ""Salida favorable""]"
13817,Metropolitana,DEF-0471,2.0,Consumado,24,no,0,0.3010579,0,0,base,drug_trafficking,normal,"[""No favorable"", ""Salida favorable""]"
7467,Metropolitana,DEF-0223,5.0,Consumado,27,no,0,0.3552049,1,1,base,drug_trafficking,normal,"[""No favorable"", ""Salida favorable""]"
2067,Tarapacá,DEF-0484,6.0,Consumado,19,yes,1,0.9961338,1,1,base,drug_trafficking,normal,"[""No favorable"", ""Salida favorable""]"
15146,Arica y Parinacota,DEF-0263,6.0,Consumado,18,yes,1,0.99851936,1,1,base,drug_trafficking,normal,"[""No favorable"", ""Salida favorable""]"
2391,Tarapacá,DEF-0188,3.0,Consumado,37,yes,1,0.9984864,1,1,base,drug_trafficking,normal,"[""No favorable"", ""Salida favorable""]"
7628,Coquimbo,DEF-0074,2.0,Consumado,18,no,0,0.4063683,1,1,base,drug_trafficking,normal,"[""No favorable"", ""Salida favorable""]"
2035,Valparaíso,DEF-0320,2.0,Consumado,26,no,0,0.3190558,0,0,base,drug_trafficking,normal,"[""No favorable"", ""Salida favorable""]"
14361,Tarapacá,DEF-0102,7.0,Consumado,29,yes,1,0.9993872,1,1,base,drug_trafficking,normal,"[""No favorable"", ""Salida favorable""]"
12455,Metropolitana,DEF-0530,3.0,Consumado,26,no,0,0.29486403,1,1,base,drug_trafficking,normal,"[""No favorable"", ""Salida favorable""]"
13538,Los Lagos,DEF-0143,8.0,Consumado,40,no,0,0.415192,0,0,base,drug_trafficking,normal,"[""No favorable"", ""Salida favorable""]"
4865,Aysén,DEF-0046,7.0,Consumado,23,no,0,0.43896413,1,1,base,drug_trafficking,normal,"[""No favorable"", ""Salida favorable""]"
5813,Aysén,DEF-0046,6.0,Consumado,18,no,0,0.44357845,0,0,base,drug_trafficking,normal,"[""No favorable"", ""Salida favorable""]"
9739,Antofagasta,DEF-0401,6.0,Consumado,21,no,0,0.19324337,0,0,base,drug_trafficking,normal,"[""No favorable"", ""Salida favorable""]"
13678,Tarapacá,DEF-0106,4.0,Consumado,18,yes,1,0.9993753,1,1,base,drug_trafficking,normal,"[""No favorable"", ""Salida favorable""]"
10143,Arica y Parinacota,DEF-0309,10.0,Consumado,19,yes,1,0.9984252,1,1,base,drug_trafficking,normal,"[""No favorable"", ""Salida favorable""]"
15276,Tarapacá,DEF-0106,7.0,Consumado,18,yes,1,0.9993844,1,1,base,drug_trafficking,normal,"[""No favorable"", ""Salida favorable""]"
15426,Atacama,DEF-0054,3.0,Consumado,34,yes,1,0.99949354,1,1,base,drug_trafficking,normal,"[""No favorable"", ""Salida favorable""]"
11911,Valparaíso,DEF-0671,8.0,Consumado,24,no,0,0.2816784,0,0,base,drug_trafficking,normal,"[""No favorable"", ""Salida favorable""]"
3056,Metropolitana,DEF-0184,6.0,Consumado,18,no,0,0.3642037,0,0,base,drug_trafficking,normal,"[""No favorable"", ""Salida favorable""]"
11151,Atacama,DEF-0505,17.0,Consumado,18,no,0,0.2710597,0,0,base,drug_trafficking,normal,"[""No favorable"", ""Salida favorable""]"
16337,Antofagasta,DEF-0011,7.0,Consumado,26,no,0,0.22782455,0,0,base,drug_trafficking,normal,"[""No favorable"", ""Salida favorable""]"
11135,Tarapacá,DEF-0124,7.0,Consumado,31,no,0,0.30921608,0,0,base,drug_trafficking,normal,"[""No favorable"", ""Salida favorable""]"
594,Metropolitana,DEF-0206,5.0,Consumado,28,no,0,0.35946596,0,0,base,drug_trafficking,normal,"[""No favorable"", ""Salida favorable""]"
9259,Tarapacá,DEF-0660,6.0,Consumado,40,yes,1,0.99003553,1,1,base,drug_trafficking,normal,"[""No favorable"", ""Salida favorable""]"
16495,Metropolitana,DEF-0086,2.0,Consumado,36,no,0,0.26917458,0,0,base,drug_trafficking,normal,"[""No favorable"", ""Salida favorable""]"
7930,Valparaíso,DEF-0168,5.0,Consumado,23,no,0,0.3407112,0,0,base,drug_trafficking,normal,"[""No favorable"", ""Salida favorable""]"
14100,Metropolitana,DEF-0569,4.0,Consumado,35,no,0,0.2914814,0,0,base,drug_trafficking,normal,"[""No favorable"", ""Salida favorable""]"
2696,Valparaíso,DEF-0134,5.0,Consumado,28,no,0,0.30519095,1,1,base,drug_trafficking,normal,"[""No favorable"", ""Salida favorable""]"
16403,Metropolitana,DEF-0070,0.0,Consumado,48,no,0,0.26292107,1,1,base,drug_trafficking,normal,"[""No favorable"", ""Salida favorable""]"
10951,Metropolitana,DEF-0096,6.0,Consumado,31,no,0,0.28622052,0,0,base,drug_trafficking,normal,"[""No favorable"", ""Salida favorable""]"
7224,Bio Bío,DEF-0778,4.0,Consumado,22,no,0,0.28518313,0,0,base,drug_trafficking,normal,"[""No favorable"", ""Salida favorable""]"
11914,Tarapacá,DEF-0251,5.0,Consumado,24,yes,1,0.9981454,1,1,base,drug_trafficking,normal,"[""No favorable"", ""Salida favorable""]"
7838,Los Lagos,DEF-0518,8.0,Consumado,34,no,0,0.30853367,1,1,base,drug_trafficking,normal,"[""No favorable"", ""Salida favorable""]"
7000,Arica y Parinacota,DEF-0346,8.0,Consumado,20,yes,1,0.99834,1,1,base,drug_trafficking,normal,"[""No favorable"", ""Salida favorable""]"
7945,Tarapacá,DEF-0660,7.0,Consumado,26,no,0,0.28339767,0,0,base,drug_trafficking,normal,"[""No favorable"", ""Salida favorable""]"
8276,Tarapacá,DEF-0660,6.0,Consumado,25,yes,1,0.9900669,1,1,base,drug_trafficking,normal,"[""No favorable"", ""Salida favorable""]"
10484,Atacama,DEF-0307,4.0,Consumado,30,yes,1,0.9985173,1,1,base,drug_trafficking,normal,"[""No favorable"", ""Salida favorable""]"
3991,Magallanes y Antártica Chilena,DEF-0647,2.0,Consumado,18,no,0,0.28714895,1,1,base,drug_trafficking,normal,"[""No favorable"", ""Salida favorable""]"
6126,Tarapacá,DEF-0100,4.0,Consumado,23,yes,1,0.99939966,1,1,base,drug_trafficking,normal,"[""No favorable"", ""Salida favorable""]"
1121,Maule,DEF-0409,9.0,Consumado,18,no,0,0.31671882,0,0,base,drug_trafficking,normal,"[""No favorable"", ""Salida favorable""]"
9635,Arica y Parinacota,DEF-0346,10.0,Consumado,18,yes,1,0.998349,1,1,base,drug_trafficking,normal,"[""No favorable"", ""Salida favorable""]"
5882,Arica y Parinacota,DEF-0346,10.0,Consumado,22,yes,1,0.99832743,1,1,base,drug_trafficking,normal,"[""No favorable"", ""Salida favorable""]"
2825,Metropolitana,DEF-0577,2.0,Consumado,40,no,0,0.2902193,0,0,base,drug_trafficking,normal,"[""No favorable"", ""Salida favorable""]"
6665,Tarapacá,DEF-0732,5.0,Consumado,23,yes,1,0.98334473,1,1,base,drug_trafficking,normal,"[""No favorable"", ""Salida favorable""]"
9527,Maule,DEF-0311,5.0,Consumado,28,no,0,0.33604485,1,1,base,drug_trafficking,normal,"[""No favorable"", ""Salida favorable""]"
3584,Atacama,DEF-0307,7.0,Consumado,18,no,0,0.32801118,1,1,base,drug_trafficking,normal,"[""No favorable"", ""Salida favorable""]"
10008,Tarapacá,DEF-0315,7.0,Consumado,36,no,0,0.3285374,0,0,base,drug_trafficking,normal,"[""No favorable"", ""Salida favorable""]"
11576,Metropolitana,DEF-0796,8.0,Consumado,18,no,0,0.27721262,1,1,base,drug_trafficking,normal,"[""No favorable"", ""Salida favorable""]"
7774,Tarapacá,DEF-0106,7.0,Consumado,25,yes,1,0.9993716,1,1,base,drug_trafficking,normal,"[""No favorable"", ""Salida favorable""]"
2796,Tarapacá,DEF-0106,2.0,Consumado,21,yes,1,0.99936324,1,1,base,drug_trafficking,normal,"[""No favorable"", ""Salida favorable""]"
7561,Tarapacá,DEF-0106,7.0,Consumado,37,yes,1,0.99934715,1,1,base,drug_trafficking,normal,"[""No favorable"", ""Salida favorable""]"
15494,Arica y Parinacota,DEF-0263,10.0,Consumado,28,yes,1,0.9984645,1,1,base,drug_trafficking,normal,"[""No favorable"", ""Salida favorable""]"
8314,Atacama,DEF-0307,3.0,Consumado,30,yes,1,0.99851394,1,1,base,drug_trafficking,normal,"[""No favorable"", ""Salida favorable""]"
508,Metropolitana,DEF-0086,9.0,Consumado,35,no,0,0.28461325,1,1,base,drug_trafficking,normal,"[""No favorable"", ""Salida favorable""]"
9115,Metropolitana,DEF-0039,4.0,Consumado,18,no,0,0.32782274,0,0,base,drug_trafficking,normal,"[""No favorable"", ""Salida favorable""]"
6609,Valparaíso,DEF-0220,7.0,Consumado,19,no,0,0.34502107,0,0,base,drug_trafficking,normal,"[""No favorable"", ""Salida favorable""]"
3882,Bio Bío,DEF-0155,5.0,Consumado,21,no,0,0.460549,0,0,base,drug_trafficking,normal,"[""No favorable"", ""Salida favorable""]"
16391,Tarapacá,DEF-0058,4.0,Consumado,27,yes,1,0.99946564,1,1,base,drug_trafficking,normal,"[""No favorable"", ""Salida favorable""]"
15897,Bio Bío,DEF-0128,2.0,Consumado,24,no,0,0.4632183,1,1,base,drug_trafficking,normal,"[""No favorable"", ""Salida favorable""]"
6499,Tarapacá,DEF-0533,4.0,Consumado,21,yes,1,0.99507195,1,1,base,drug_trafficking,normal,"[""No favorable"", ""Salida favorable""]"
2222,Arica y Parinacota,DEF-0108,14.0,Consumado,31,yes,1,0.99910957,1,1,base,drug_trafficking,normal,"[""No favorable"", ""Salida favorable""]"
893,Maule,DEF-0154,6.0,Consumado,18,no,0,0.372444,1,1,base,drug_trafficking,normal,"[""No favorable"", ""Salida favorable""]"
6780,Metropolitana,DEF-0008,0.0,Consumado,37,no,0,0.17472337,0,0,base,drug_trafficking,normal,"[""No favorable"", ""Salida favorable""]"
8195,Maule,DEF-0764,11.0,Consumado,19,no,0,0.28023055,1,1,base,drug_trafficking,normal,"[""No favorable"", ""Salida favorable""]"
724,Arica y Parinacota,DEF-0118,19.0,Consumado,25,yes,1,0.9990419,1,1,base,drug_trafficking,normal,"[""No favorable"", ""Salida favorable""]"
11799,Tarapacá,DEF-0251,5.0,Consumado,18,yes,1,0.9981551,1,1,base,drug_trafficking,normal,"[""No favorable"", ""Salida favorable""]"
7090,Metropolitana,DEF-0498,7.0,Consumado,18,no,0,0.2997149,1,1,base,drug_trafficking,normal,"[""No favorable"", ""Salida favorable""]"
11737,Tarapacá,DEF-0106,2.0,Consumado,22,yes,1,0.9993613,1,1,base,drug_trafficking,normal,"[""No favorable"", ""Salida favorable""]"
2974,Metropolitana,DEF-0112,8.0,Consumado,24,no,0,0.3154074,1,1,base,drug_trafficking,normal,"[""No favorable"", ""Salida favorable""]"
3973,Arica y Parinacota,DEF-0464,11.0,Consumado,25,no,0,0.20832565,0,0,base,drug_trafficking,normal,"[""No favorable"", ""Salida favorable""]"
639,Metropolitana,DEF-0008,11.0,Consumado,28,no,0,0.19994305,0,0,base,drug_trafficking,normal,"[""No favorable"", ""Salida favorable""]"
4352,Metropolitana,DEF-0465,7.0,Consumado,24,no,0,0.30409572,0,0,base,drug_trafficking,normal,"[""No favorable"", ""Salida favorable""]"
13511,Antofagasta,DEF-0750,9.0,Consumado,33,no,0,0.16623783,0,0,base,drug_trafficking,normal,"[""No favorable"", ""Salida favorable""]"
9501,Metropolitana,DEF-0214,13.0,Consumado,36,no,0,0.3698059,0,0,base,drug_trafficking,normal,"[""No favorable"", ""Salida favorable""]"
1264,Tarapacá,DEF-0106,4.0,Consumado,34,yes,1,0.99934334,1,1,base,drug_trafficking,normal,"[""No favorable"", ""Salida favorable""]"
8593,Metropolitana,DEF-0774,2.0,Consumado,18,yes,1,0.9789147,1,1,base,drug_trafficking,normal,"[""No favorable"", ""Salida favorable""]"
6003,Valparaíso,DEF-0075,1.0,Consumado,18,no,0,0.2680747,0,0,base,drug_trafficking,normal,"[""No favorable"", ""Salida favorable""]"
16141,Antofagasta,DEF-0821,5.0,Consumado,20,no,0,0.1653465,0,0,base,drug_trafficking,normal,"[""No favorable"", ""Salida favorable""]"
13606,Valparaíso,DEF-0220,5.0,Consumado,35,no,0,0.3439986,1,1,base,drug_trafficking,normal,"[""No favorable"", ""Salida favorable""]"
4325,Valparaíso,DEF-0557,6.0,Consumado,31,no,0,0.28973815,0,0,base,drug_trafficking,normal,"[""No favorable"", ""Salida favorable""]"
16293,Tarapacá,DEF-0301,3.0,Consumado,28,yes,1,0.9978617,1,1,base,drug_trafficking,normal,"[""No favorable"", ""Salida favorable""]"
1954,Libertador Bernardo O'Higgins,DEF-0404,7.0,Consumado,18,no,0,0.3318971,1,1,base,drug_trafficking,normal,"[""No favorable"", ""Salida favorable""]"
601,Metropolitana,DEF-0278,8.0,Consumado,26,no,0,0.34254658,1,1,base,drug_trafficking,normal,"[""No favorable"", ""Salida favorable""]"
14179,Bio Bío,DEF-0506,6.0,Consumado,33,no,0,0.3202382,0,0,base,drug_trafficking,normal,"[""No favorable"", ""Salida favorable""]"
6018,Ñuble,DEF-0204,4.0,Consumado,28,no,0,0.33771545,0,0,base,drug_trafficking,normal,"[""No favorable"", ""Salida favorable""]"
14675,Metropolitana,DEF-0668,1.0,Consumado,32,no,0,0.28288332,0,0,base,drug_trafficking,normal,"[""No favorable"", ""Salida favorable""]"
5308,Metropolitana,DEF-0013,4.0,Consumado,26,no,0,0.32622018,0,0,base,drug_trafficking,normal,"[""No favorable"", ""Salida favorable""]"
2594,Tarapacá,DEF-0106,3.0,Consumado,24,yes,1,0.9993607,1,1,base,drug_trafficking,normal,"[""No favorable"", ""Salida favorable""]"
7991,Tarapacá,DEF-0004,12.0,Consumado,38,no,0,0.17633706,0,0,base,drug_trafficking,normal,"[""No favorable"", ""Salida favorable""]"
13192,Libertador Bernardo O'Higgins,DEF-0229,4.0,Consumado,39,no,0,0.3908532,0,0,base,drug_trafficking,normal,"[""No favorable"", ""Salida favorable""]"
9482,Metropolitana,DEF-0212,3.0,Consumado,19,no,0,0.35490125,1,1,base,drug_trafficking,normal,"[""No favorable"", ""Salida favorable""]"
7692,Tarapacá,DEF-0124,5.0,Consumado,40,yes,1,0.99917924,1,1,base,drug_trafficking,normal,"[""No favorable"", ""Salida favorable""]"
9109,Los Ríos,DEF-0565,3.0,Consumado,26,no,0,0.2971638,0,0,base,drug_trafficking,normal,"[""No favorable"", ""Salida favorable""]"
15847,Metropolitana,DEF-0539,1.0,Consumado,33,no,0,0.29337546,0,0,base,drug_trafficking,normal,"[""No favorable"", ""Salida favorable""]"
15387,Los Ríos,DEF-0902,6.0,Consumado,18,no,0,0.27507544,0,0,base,drug_trafficking,normal,"[""No favorable"", ""Salida favorable""]"
14971,Tarapacá,DEF-0913,9.0,Consumado,18,no,0,0.272535,1,1,base,drug_trafficking,normal,"[""No favorable"", ""Salida favorable""]"
9475,Arica y Parinacota,DEF-0346,14.0,Consumado,18,yes,1,0.99834406,1,1,base,drug_trafficking,normal,"[""No favorable"", ""Salida favorable""]"
14885,Antofagasta,DEF-0821,3.0,Consumado,18,yes,1,0.9876805,1,1,base,drug_trafficking,normal,"[""No favorable"", ""Salida favorable""]"
873,Tarapacá,DEF-0153,7.0,Consumado,40,no,0,0.3425393,0,0,base,drug_trafficking,normal,"[""No favorable"", ""Salida favorable""]"
807,Tarapacá,DEF-0106,4.0,Consumado,27,no,0,0.2798698,1,1,base,drug_trafficking,normal,"[""No favorable"", ""Salida favorable""]"
12091,Libertador Bernardo O'Higgins,DEF-0087,4.0,Consumado,37,no,0,0.3638551,0,0,base,drug_trafficking,normal,"[""No favorable"", ""Salida favorable""]"
14609,Coquimbo,DEF-0621,2.0,Consumado,25,yes,1,0.9962227,1,1,base,drug_trafficking,normal,"[""No favorable"", ""Salida favorable""]"
11913,Metropolitana,DEF-0043,11.0,Consumado,35,no,0,0.3175322,0,0,base,drug_trafficking,normal,"[""No favorable"", ""Salida favorable""]"
4341,Libertador Bernardo O'Higgins,DEF-0562,6.0,Consumado,29,no,0,0.30352324,1,1,base,drug_trafficking,normal,"[""No favorable"", ""Salida favorable""]"
7200,Tarapacá,DEF-0660,4.0,Consumado,18,no,0,0.28270626,0,0,base,drug_trafficking,normal,"[""No favorable"", ""Salida favorable""]"
13693,Metropolitana,DEF-0161,3.0,Consumado,33,no,0,0.35542554,1,1,base,drug_trafficking,normal,"[""No favorable"", ""Salida favorable""]"
5373,Antofagasta,DEF-0059,10.0,Consumado,20,no,0,0.27942327,0,0,base,drug_trafficking,normal,"[""No favorable"", ""Salida favorable""]"
12906,Coquimbo,DEF-0542,3.0,Consumado,18,no,0,0.16955817,0,0,base,drug_trafficking,normal,"[""No favorable"", ""Salida favorable""]"
2018,Tarapacá,DEF-0317,5.0,Consumado,25,yes,1,0.997798,1,1,base,drug_trafficking,normal,"[""No favorable"", ""Salida favorable""]"
5374,Antofagasta,DEF-0352,10.0,Consumado,18,no,0,0.20269005,0,0,base,drug_trafficking,normal,"[""No favorable"", ""Salida favorable""]"
16182,Bio Bío,DEF-0783,4.0,Consumado,24,no,0,0.2847452,0,0,base,drug_trafficking,normal,"[""No favorable"", ""Salida favorable""]"
6272,Metropolitana,DEF-0137,2.0,Consumado,29,no,0,0.33531737,0,0,base,drug_trafficking,normal,"[""No favorable"", ""Salida favorable""]"
5479,Metropolitana,DEF-0312,7.0,Consumado,32,no,0,0.33328137,1,1,base,drug_trafficking,normal,"[""No favorable"", ""Salida favorable""]"
2226,Tarapacá,DEF-0533,6.0,Consumado,31,yes,1,0.99516946,1,1,base,drug_trafficking,normal,"[""No favorable"", ""Salida favorable""]"
14636,Atacama,DEF-0735,5.0,Consumado,40,yes,1,0.9950817,1,1,base,drug_trafficking,normal,"[""No favorable"", ""Salida favorable""]"
16078,Tarapacá,DEF-0301,3.0,Consumado,27,yes,1,0.99786353,1,1,base,drug_trafficking,normal,"[""No favorable"", ""Salida favorable""]"
12684,Metropolitana,DEF-0121,9.0,Consumado,32,no,0,0.32672483,1,1,base,drug_trafficking,normal,"[""No favorable"", ""Salida favorable""]"
1131,Metropolitana,DEF-0056,6.0,Consumado,18,no,0,0.318089,1,1,base,drug_trafficking,normal,"[""No favorable"", ""Salida favorable""]"
1289,Coquimbo,DEF-0443,10.0,Consumado,24,no,0,0.33472136,0,0,base,drug_trafficking,normal,"[""No favorable"", ""Salida favorable""]"
13567,Magallanes y Antártica Chilena,DEF-0751,3.0,Consumado,18,no,0,0.28053665,0,0,base,drug_trafficking,normal,"[""No favorable"", ""Salida favorable""]"
8299,Metropolitana,DEF-0414,13.0,Consumado,29,no,0,0.3158845,0,0,base,drug_trafficking,normal,"[""No favorable"", ""Salida favorable""]"
15342,Antofagasta,DEF-0011,4.0,Consumado,30,no,0,0.2160987,0,0,base,drug_trafficking,normal,"[""No favorable"", ""Salida favorable""]"
14426,Tarapacá,DEF-0251,8.0,Consumado,31,no,0,0.3451423,0,0,base,drug_trafficking,normal,"[""No favorable"", ""Salida favorable""]"
6313,Atacama,DEF-0349,9.0,Consumado,26,no,0,0.30486107,0,0,base,drug_trafficking,normal,"[""No favorable"", ""Salida favorable""]"
16603,Bio Bío,DEF-0749,1.0,Consumado,29,no,0,0.2865142,0,0,base,drug_trafficking,normal,"[""No favorable"", ""Salida favorable""]"
12701,Atacama,DEF-0482,3.0,Consumado,38,no,0,0.26644155,0,0,base,drug_trafficking,normal,"[""No favorable"", ""Salida favorable""]"
11838,Antofagasta,DEF-0011,7.0,Consumado,32,no,0,0.2213311,1,1,base,drug_trafficking,normal,"[""No favorable"", ""Salida favorable""]"
12478,Los Lagos,DEF-0588,4.0,Consumado,32,no,0,0.29709506,0,0,base,drug_trafficking,normal,"[""No favorable"", ""Salida favorable""]"
4847,Tarapacá,DEF-0073,5.0,Consumado,30,yes,1,0.999466,1,1,base,drug_trafficking,normal,"[""No favorable"", ""Salida favorable""]"
9247,Coquimbo,DEF-0555,4.0,Consumado,23,yes,1,0.99715084,1,1,base,drug_trafficking,normal,"[""No favorable"", ""Salida favorable""]"
1292,Atacama,DEF-0258,9.0,Consumado,33,no,0,0.3327881,0,0,base,drug_trafficking,normal,"[""No favorable"", ""Salida favorable""]"
2112,Metropolitana,DEF-0525,8.0,Consumado,33,no,0,0.2975303,1,1,base,drug_trafficking,normal,"[""No favorable"", ""Salida favorable""]"
6856,Tarapacá,DEF-0106,3.0,Consumado,26,yes,1,0.9993567,1,1,base,drug_trafficking,normal,"[""No favorable"", ""Salida favorable""]"
551,Arica y Parinacota,DEF-0263,15.0,Consumado,37,no,0,0.24496426,0,0,base,drug_trafficking,normal,"[""No favorable"", ""Salida favorable""]"
11910,Valparaíso,DEF-0671,9.0,Consumado,31,no,0,0.28198832,0,0,base,drug_trafficking,normal,"[""No favorable"", ""Salida favorable""]"
3457,Atacama,DEF-0465,6.0,Consumado,23,no,0,0.28025693,0,0,base,drug_trafficking,normal,"[""No favorable"", ""Salida favorable""]"
13303,Metropolitana,DEF-0553,2.0,Consumado,18,no,0,0.29213747,0,0,base,drug_trafficking,normal,"[""No favorable"", ""Salida favorable""]"
8658,Bio Bío,DEF-0809,8.0,Consumado,29,no,0,0.2833883,0,0,base,drug_trafficking,normal,"[""No favorable"", ""Salida favorable""]"
1452,Metropolitana,DEF-0206,4.0,Consumado,35,yes,1,0.99840975,1,1,base,drug_trafficking,normal,"[""No favorable"", ""Salida favorable""]"
6130,Tarapacá,DEF-0106,3.0,Consumado,25,yes,1,0.9993587,1,1,base,drug_trafficking,normal,"[""No favorable"", ""Salida favorable""]"
2854,Libertador Bernardo O'Higgins,DEF-0209,8.0,Consumado,30,no,0,0.40555167,1,1,base,drug_trafficking,normal,"[""No favorable"", ""Salida favorable""]"
9772,Tarapacá,DEF-0106,4.0,Consumado,25,yes,1,0.999362,1,1,base,drug_trafficking,normal,"[""No favorable"", ""Salida favorable""]"
4245,Arica y Parinacota,DEF-0236,15.0,Consumado,31,no,0,0.25672862,0,0,base,drug_trafficking,normal,"[""No favorable"", ""Salida favorable""]"
3299,Metropolitana,DEF-0121,11.0,Consumado,28,no,0,0.33376008,0,0,base,drug_trafficking,normal,"[""No favorable"", ""Salida favorable""]"
9912,Metropolitana,DEF-0139,12.0,Consumado,26,no,0,0.35980943,0,0,base,drug_trafficking,normal,"[""No favorable"", ""Salida favorable""]"
14599,Metropolitana,DEF-0184,6.0,Consumado,18,no,0,0.3642037,0,0,base,drug_trafficking,normal,"[""No favorable"", ""Salida favorable""]"
14313,Antofagasta,DEF-0802,5.0,Consumado,18,yes,1,0.9890586,1,1,base,drug_trafficking,normal,"[""No favorable"", ""Salida favorable""]"
2200,Tarapacá,DEF-0106,7.0,Consumado,18,no,0,0.29168355,0,0,base,drug_trafficking,normal,"[""No favorable"", ""Salida favorable""]"
3709,Arica y Parinacota,DEF-0078,9.0,Consumado,32,yes,1,0.99935704,1,1,base,drug_trafficking,normal,"[""No favorable"", ""Salida favorable""]"
2283,Arica y Parinacota,DEF-0235,21.0,Consumado,42,no,0,0.2567732,0,0,base,drug_trafficking,normal,"[""No favorable"", ""Salida favorable""]"
16163,Tarapacá,DEF-0252,4.0,Consumado,26,no,0,0.3402738,0,0,base,drug_trafficking,normal,"[""No favorable"", ""Salida favorable""]"
2261,Arica y Parinacota,DEF-0225,11.0,Consumado,18,no,0,0.26776406,0,0,base,drug_trafficking,normal,"[""No favorable"", ""Salida favorable""]"
14047,Metropolitana,DEF-0527,4.0,Consumado,29,no,0,0.29562095,1,1,base,drug_trafficking,normal,"[""No favorable"", ""Salida favorable""]"
2110,Antofagasta,DEF-0389,9.0,Consumado,18,yes,1,0.9973449,1,1,base,drug_trafficking,normal,"[""No favorable"", ""Salida favorable""]"
5839,La Araucanía,DEF-0534,11.0,Consumado,27,yes,1,0.9973181,1,1,base,drug_trafficking,normal,"[""No favorable"", ""Salida favorable""]"
7552,Tarapacá,DEF-0117,7.0,Consumado,28,no,0,0.3002667,1,1,base,drug_trafficking,normal,"[""No favorable"", ""Salida favorable""]"
425,Metropolitana,DEF-0139,2.0,Consumado,31,no,0,0.33689445,0,0,base,drug_trafficking,normal,"[""No favorable"", ""Salida favorable""]"
10948,Tarapacá,DEF-0270,12.0,Consumado,23,no,0,0.34335187,1,1,base,drug_trafficking,normal,"[""No favorable"", ""Salida favorable""]"
9874,Metropolitana,DEF-0008,7.0,Consumado,31,no,0,0.18964724,0,0,base,drug_trafficking,normal,"[""No favorable"", ""Salida favorable""]"
404,Metropolitana,DEF-0082,13.0,Consumado,28,yes,1,0.9994749,1,1,base,drug_trafficking,normal,"[""No favorable"", ""Salida favorable""]"
16058,Metropolitana,DEF-0797,5.0,Consumado,19,no,0,0.2767678,1,1,base,drug_trafficking,normal,"[""No favorable"", ""Salida favorable""]"
1311,Valparaíso,DEF-0182,6.0,Consumado,28,no,0,0.3463566,0,0,base,drug_trafficking,normal,"[""No favorable"", ""Salida favorable""]"
3673,Antofagasta,DEF-0032,2.0,Consumado,34,yes,1,0.99943477,1,1,base,drug_trafficking,normal,"[""No favorable"", ""Salida favorable""]"
1794,Los Lagos,DEF-0111,8.0,Consumado,29,no,0,0.3940414,0,0,base,drug_trafficking,normal,"[""No favorable"", ""Salida favorable""]"
3869,Metropolitana,DEF-0162,3.0,Consumado,28,no,0,0.35654497,0,0,base,drug_trafficking,normal,"[""No favorable"", ""Salida favorable""]"
5419,Tarapacá,DEF-0124,3.0,Consumado,37,yes,1,0.99917835,1,1,base,drug_trafficking,normal,"[""No favorable"", ""Salida favorable""]"
15878,Tarapacá,DEF-0660,4.0,Consumado,24,yes,1,0.98967826,1,1,base,drug_trafficking,normal,"[""No favorable"", ""Salida favorable""]"
16434,Metropolitana,DEF-0043,5.0,Consumado,24,no,0,0.3179933,0,0,base,drug_trafficking,normal,"[""No favorable"", ""Salida favorable""]"
3641,Arica y Parinacota,DEF-0230,8.0,Consumado,45,yes,1,0.9984278,1,1,base,drug_trafficking,normal,"[""No favorable"", ""Salida favorable""]"
5931,Tarapacá,DEF-0270,4.0,Consumado,36,yes,1,0.99802184,1,1,base,drug_trafficking,normal,"[""No favorable"", ""Salida favorable""]"
12213,Valparaíso,DEF-0561,5.0,Consumado,27,no,0,0.28899604,1,1,base,drug_trafficking,normal,"[""No favorable"", ""Salida favorable""]"
1637,Metropolitana,DEF-0396,5.0,Consumado,33,no,0,0.31395584,1,1,base,drug_trafficking,normal,"[""No favorable"", ""Salida favorable""]"
11299,Metropolitana,DEF-0780,14.0,Consumado,18,no,0,0.27891916,0,0,base,drug_trafficking,normal,"[""No favorable"", ""Salida favorable""]"
4048,Valparaíso,DEF-0653,7.0,Consumado,35,no,0,0.28273615,0,0,base,drug_trafficking,normal,"[""No favorable"", ""Salida favorable""]"
9520,Metropolitana,DEF-0261,0.0,Consumado,27,no,0,0.33961624,0,0,base,drug_trafficking,normal,"[""No favorable"", ""Salida favorable""]"
7074,Bio Bío,DEF-0146,4.0,Consumado,19,no,0,0.46221521,1,1,base,drug_trafficking,normal,"[""No favorable"", ""Salida favorable""]"
3659,Tarapacá,DEF-0188,2.0,Consumado,38,yes,1,0.99847656,1,1,base,drug_trafficking,normal,"[""No favorable"", ""Salida favorable""]"
5348,Metropolitana,DEF-0566,8.0,Consumado,18,no,0,0.29267713,1,1,base,drug_trafficking,normal,"[""No favorable"", ""Salida favorable""]"
10290,Metropolitana,DEF-0668,10.0,Consumado,23,no,0,0.28474376,0,0,base,drug_trafficking,normal,"[""No favorable"", ""Salida favorable""]"
7103,Metropolitana,DEF-0548,6.0,Consumado,31,no,0,0.29419747,1,1,base,drug_trafficking,normal,"[""No favorable"", ""Salida favorable""]"
4692,Arica y Parinacota,DEF-0235,11.0,Consumado,22,yes,1,0.99854106,1,1,base,drug_trafficking,normal,"[""No favorable"", ""Salida favorable""]"
8841,Tarapacá,DEF-0106,5.0,Consumado,25,yes,1,0.99936527,1,1,base,drug_trafficking,normal,"[""No favorable"", ""Salida favorable""]"
12113,Metropolitana,DEF-0222,4.0,Consumado,37,no,0,0.35530117,0,0,base,drug_trafficking,normal,"[""No favorable"", ""Salida favorable""]"
84,Atacama,DEF-0064,2.0,Consumado,20,no,0,0.39696947,1,1,base,drug_trafficking,normal,"[""No favorable"", ""Salida favorable""]"
5791,Tarapacá,DEF-0188,3.0,Consumado,34,yes,1,0.9984942,1,1,base,drug_trafficking,normal,"[""No favorable"", ""Salida favorable""]"
3359,Metropolitana,DEF-0613,1.0,Consumado,28,no,0,0.28671005,1,1,base,drug_trafficking,normal,"[""No favorable"", ""Salida favorable""]"
1250,Aysén,DEF-0436,7.0,Consumado,23,no,0,0.33047596,0,0,base,drug_trafficking,normal,"[""No favorable"", ""Salida favorable""]"
2705,Tarapacá,DEF-0188,3.0,Consumado,28,yes,1,0.9985093,1,1,base,drug_trafficking,normal,"[""No favorable"", ""Salida favorable""]"
4709,Ñuble,DEF-0391,13.0,Consumado,34,no,0,0.31049672,1,1,base,drug_trafficking,normal,"[""No favorable"", ""Salida favorable""]"
15579,Los Ríos,DEF-0476,5.0,Consumado,18,no,0,0.3095241,0,0,base,drug_trafficking,normal,"[""No favorable"", ""Salida favorable""]"
10896,Arica y Parinacota,DEF-0140,7.0,Consumado,40,no,0,0.28581035,0,0,base,drug_trafficking,normal,"[""No favorable"", ""Salida favorable""]"
13457,Antofagasta,DEF-0805,5.0,Consumado,22,no,0,0.16556086,0,0,base,drug_trafficking,normal,"[""No favorable"", ""Salida favorable""]"
3210,Antofagasta,DEF-0387,3.0,Consumado,20,yes,1,0.99741334,1,1,base,drug_trafficking,normal,"[""No favorable"", ""Salida favorable""]"
15991,Metropolitana,DEF-0008,1.0,Consumado,29,no,0,0.17698893,0,0,base,drug_trafficking,normal,"[""No favorable"", ""Salida favorable""]"
13330,Los Lagos,DEF-0825,6.0,Consumado,26,no,0,0.27918378,1,1,base,drug_trafficking,normal,"[""No favorable"", ""Salida favorable""]"
13323,La Araucanía,DEF-0890,6.0,Consumado,33,no,0,0.2780201,0,0,base,drug_trafficking,normal,"[""No favorable"", ""Salida favorable""]"
1868,La Araucanía,DEF-0506,9.0,Consumado,34,no,0,0.31736922,0,0,base,drug_trafficking,normal,"[""No favorable"", ""Salida favorable""]"
10845,Metropolitana,DEF-0243,4.0,Consumado,24,no,0,0.34806138,0,0,base,drug_trafficking,normal,"[""No favorable"", ""Salida favorable""]"
3417,Tarapacá,DEF-0188,2.0,Consumado,21,yes,1,0.9985187,1,1,base,drug_trafficking,normal,"[""No favorable"", ""Salida favorable""]"
4071,Maule,DEF-0213,2.0,Consumado,20,no,0,0.36032692,1,1,base,drug_trafficking,normal,"[""No favorable"", ""Salida favorable""]"
6513,Valparaíso,DEF-0242,5.0,Consumado,29,no,0,0.33877695,0,0,base,drug_trafficking,normal,"[""No favorable"", ""Salida favorable""]"
6328,Arica y Parinacota,DEF-0747,9.0,Consumado,36,no,0,0.14212081,0,0,base,drug_trafficking,normal,"[""No favorable"", ""Salida favorable""]"
2356,Antofagasta,DEF-0400,9.0,Consumado,18,no,0,0.19454007,0,0,base,drug_trafficking,normal,"[""No favorable"", ""Salida favorable""]"
7541,Antofagasta,DEF-0166,12.0,Consumado,36,no,0,0.2575609,0,0,base,drug_trafficking,normal,"[""No favorable"", ""Salida favorable""]"
7861,Metropolitana,DEF-0700,2.0,Consumado,31,no,0,0.2812276,0,0,base,drug_trafficking,normal,"[""No favorable"", ""Salida favorable""]"
8783,Tarapacá,DEF-0301,9.0,Consumado,18,yes,1,0.99795234,1,1,base,drug_trafficking,normal,"[""No favorable"", ""Salida favorable""]"
10667,Arica y Parinacota,DEF-0383,12.0,Consumado,24,no,0,0.22104962,0,0,base,drug_trafficking,normal,"[""No favorable"", ""Salida favorable""]"
11103,Atacama,DEF-0349,15.0,Consumado,20,no,0,0.30871412,0,0,base,drug_trafficking,normal,"[""No favorable"", ""Salida favorable""]"
8306,Tarapacá,DEF-0660,7.0,Consumado,31,yes,1,0.9902418,1,1,base,drug_trafficking,normal,"[""No favorable"", ""Salida favorable""]"
11511,Los Lagos,DEF-0857,4.0,Consumado,24,no,0,0.27747166,0,0,base,drug_trafficking,normal,"[""No favorable"", ""Salida favorable""]"
9074,Coquimbo,DEF-0443,6.0,Consumado,25,no,0,0.3314534,0,0,base,drug_trafficking,normal,"[""No favorable"", ""Salida favorable""]"
14644,Metropolitana,DEF-0456,3.0,Consumado,18,no,0,0.3033878,0,0,base,drug_trafficking,normal,"[""No favorable"", ""Salida favorable""]"
5952,Metropolitana,DEF-0043,8.0,Consumado,18,no,0,0.33804324,0,0,base,drug_trafficking,normal,"[""No favorable"", ""Salida favorable""]"
4164,Arica y Parinacota,DEF-0012,9.0,Consumado,21,no,0,0.26808268,1,1,base,drug_trafficking,normal,"[""No favorable"", ""Salida favorable""]"
14124,Metropolitana,DEF-0139,6.0,Consumado,24,no,0,0.3475249,0,0,base,drug_trafficking,normal,"[""No favorable"", ""Salida favorable""]"
8179,Libertador Bernardo O'Higgins,DEF-0468,9.0,Consumado,29,no,0,0.32049936,0,0,base,drug_trafficking,normal,"[""No favorable"", ""Salida favorable""]"
8982,Valparaíso,DEF-0062,5.0,Consumado,27,no,0,0.28903893,1,1,base,drug_trafficking,normal,"[""No favorable"", ""Salida favorable""]"
13728,Atacama,DEF-0337,14.0,Consumado,22,no,0,0.31127954,0,0,base,drug_trafficking,normal,"[""No favorable"", ""Salida favorable""]"
11286,Antofagasta,DEF-0781,5.0,Consumado,29,yes,1,0.9891157,1,1,base,drug_trafficking,normal,"[""No favorable"", ""Salida favorable""]"
2025,Antofagasta,DEF-0059,5.0,Consumado,44,yes,1,0.9992703,1,1,base,drug_trafficking,normal,"[""No favorable"", ""Salida favorable""]"
5979,Arica y Parinacota,DEF-0309,0.0,Consumado,28,no,0,0.23663281,0,0,base,drug_trafficking,normal,"[""No favorable"", ""Salida favorable""]"
2843,Metropolitana,DEF-0112,1.0,Consumado,20,no,0,0.30261764,0,0,base,drug_trafficking,normal,"[""No favorable"", ""Salida favorable""]"
4305,Tarapacá,DEF-0317,5.0,Consumado,23,yes,1,0.9978018,1,1,base,drug_trafficking,normal,"[""No favorable"", ""Salida favorable""]"
13299,Valparaíso,DEF-0279,6.0,Consumado,18,no,0,0.3301879,0,0,base,drug_trafficking,normal,"[""No favorable"", ""Salida favorable""]"
11053,Valparaíso,DEF-0417,4.0,Consumado,24,yes,1,0.9967423,1,1,base,drug_trafficking,normal,"[""No favorable"", ""Salida favorable""]"
8536,Coquimbo,DEF-0336,0.0,Consumado,24,no,0,0.35555705,1,1,base,drug_trafficking,normal,"[""No favorable"", ""Salida favorable""]"
12884,Tarapacá,DEF-0102,7.0,Consumado,32,yes,1,0.99938154,1,1,base,drug_trafficking,normal,"[""No favorable"", ""Salida favorable""]"
12261,Arica y Parinacota,DEF-0225,7.0,Consumado,29,yes,1,0.99853617,1,1,base,drug_trafficking,normal,"[""No favorable"", ""Salida favorable""]"
15890,Metropolitana,DEF-0831,1.0,Consumado,39,no,0,0.2749631,0,0,base,drug_trafficking,normal,"[""No favorable"", ""Salida favorable""]"
10092,Valparaíso,DEF-0279,6.0,Consumado,32,no,0,0.3312856,1,1,base,drug_trafficking,normal,"[""No favorable"", ""Salida favorable""]"
15902,Metropolitana,DEF-0937,4.0,Consumado,22,no,0,0.16670042,0,0,base,drug_trafficking,normal,"[""No favorable"", ""Salida favorable""]"
6771,Libertador Bernardo O'Higgins,DEF-0087,12.0,Consumado,27,no,0,0.40081462,0,0,base,drug_trafficking,normal,"[""No favorable"", ""Salida favorable""]"
3172,Arica y Parinacota,DEF-0439,8.0,Consumado,18,no,0,0.21664526,0,0,base,drug_trafficking,normal,"[""No favorable"", ""Salida favorable""]"
8602,Tarapacá,DEF-0732,5.0,Consumado,20,no,0,0.27884373,0,0,base,drug_trafficking,normal,"[""No favorable"", ""Salida favorable""]"
13883,Tarapacá,DEF-0317,15.0,Consumado,18,no,0,0.33323228,1,1,base,drug_trafficking,normal,"[""No favorable"", ""Salida favorable""]"
145,Tarapacá,DEF-0018,4.0,Consumado,30,no,0,0.362467,0,0,base,drug_trafficking,normal,"[""No favorable"", ""Salida favorable""]"
13800,Tarapacá,DEF-0102,7.0,Consumado,29,yes,1,0.9993872,1,1,base,drug_trafficking,normal,"[""No favorable"", ""Salida favorable""]"
9565,Libertador Bernardo O'Higgins,DEF-0276,3.0,Consumado,30,no,0,0.36832163,1,1,base,drug_trafficking,normal,"[""No favorable"", ""Salida favorable""]"
403,Metropolitana,DEF-0082,1.0,Consumado,43,no,0,0.2632449,0,0,base,drug_trafficking,normal,"[""No favorable"", ""Salida favorable""]"
4609,Tarapacá,DEF-0106,6.0,Consumado,34,no,0,0.27974382,0,0,base,drug_trafficking,normal,"[""No favorable"", ""Salida favorable""]"
14413,Metropolitana,DEF-0678,13.0,Consumado,25,no,0,0.28476718,0,0,base,drug_trafficking,normal,"[""No favorable"", ""Salida favorable""]"
5357,Bio Bío,DEF-0426,7.0,Consumado,22,no,0,0.33911186,0,0,base,drug_trafficking,normal,"[""No favorable"", ""Salida favorable""]"
5783,Valparaíso,DEF-0462,4.0,Consumado,32,no,0,0.29866484,0,0,base,drug_trafficking,normal,"[""No favorable"", ""Salida favorable""]"
10794,Magallanes y Antártica Chilena,DEF-0847,9.0,Consumado,28,no,0,0.27687195,0,0,base,drug_trafficking,normal,"[""No favorable"", ""Salida favorable""]"
4257,Ñuble,DEF-0254,6.0,Consumado,18,no,0,0.33121857,0,0,base,drug_trafficking,normal,"[""No favorable"", ""Salida favorable""]"
13407,Libertador Bernardo O'Higgins,DEF-0316,5.0,Consumado,31,no,0,0.35661426,0,0,base,drug_trafficking,normal,"[""No favorable"", ""Salida favorable""]"
782,Tarapacá,DEF-0106,7.0,Consumado,31,no,0,0.28352445,0,0,base,drug_trafficking,normal,"[""No favorable"", ""Salida favorable""]"
1309,Bio Bío,DEF-0002,17.0,Consumado,27,no,0,0.22733377,1,1,base,drug_trafficking,normal,"[""No favorable"", ""Salida favorable""]"
4864,Metropolitana,DEF-0609,1.0,Consumado,32,no,0,0.28708246,0,0,base,drug_trafficking,normal,"[""No favorable"", ""Salida favorable""]"
1855,Atacama,DEF-0505,2.0,Consumado,20,no,0,0.27781782,0,0,base,drug_trafficking,normal,"[""No favorable"", ""Salida favorable""]"
3788,Bio Bío,DEF-0260,8.0,Consumado,18,no,0,0.40414813,1,1,base,drug_trafficking,normal,"[""No favorable"", ""Salida favorable""]"
14992,Tarapacá,DEF-0660,10.0,Consumado,23,no,0,0.28402075,0,0,base,drug_trafficking,normal,"[""No favorable"", ""Salida favorable""]"
7066,Valparaíso,DEF-0328,2.0,Consumado,41,no,0,0.31843016,0,0,base,drug_trafficking,normal,"[""No favorable"", ""Salida favorable""]"
4656,Valparaíso,DEF-0532,5.0,Consumado,27,no,0,0.29160187,0,0,base,drug_trafficking,normal,"[""No favorable"", ""Salida favorable""]"
14185,Coquimbo,DEF-0443,5.0,Consumado,18,no,0,0.3303523,1,1,base,drug_trafficking,normal,"[""No favorable"", ""Salida favorable""]"
1626,Arica y Parinacota,DEF-0309,12.0,Consumado,18,no,0,0.24117905,0,0,base,drug_trafficking,normal,"[""No favorable"", ""Salida favorable""]"
95,Metropolitana,DEF-0071,2.0,Consumado,28,no,0,0.2782572,0,0,base,drug_trafficking,normal,"[""No favorable"", ""Salida favorable""]"
2468,Tarapacá,DEF-0073,4.0,Consumado,29,yes,1,0.9994653,1,1,base,drug_trafficking,normal,"[""No favorable"", ""Salida favorable""]"
872,Tarapacá,DEF-0107,7.0,Consumado,40,no,0,0.27964637,1,1,base,drug_trafficking,normal,"[""No favorable"", ""Salida favorable""]"
9786,Valparaíso,DEF-0048,6.0,Consumado,31,no,0,0.29687095,0,0,base,drug_trafficking,normal,"[""No favorable"", ""Salida favorable""]"
13941,Tarapacá,DEF-0252,5.0,Consumado,39,no,0,0.34258562,0,0,base,drug_trafficking,normal,"[""No favorable"", ""Salida favorable""]"
2790,Tarapacá,DEF-0188,2.0,Consumado,31,no,0,0.35014832,0,0,base,drug_trafficking,normal,"[""No favorable"", ""Salida favorable""]"
699,Arica y Parinacota,DEF-0108,15.0,Consumado,18,no,0,0.3230651,0,0,base,drug_trafficking,normal,"[""No favorable"", ""Salida favorable""]"
1005,Tarapacá,DEF-0317,5.0,Consumado,21,yes,1,0.9978054,1,1,base,drug_trafficking,normal,"[""No favorable"", ""Salida favorable""]"
9823,Arica y Parinacota,DEF-0225,14.0,Consumado,18,no,0,0.26831502,1,1,base,drug_trafficking,normal,"[""No favorable"", ""Salida favorable""]"
8333,Tarapacá,DEF-0533,7.0,Consumado,18,no,0,0.29379186,1,1,base,drug_trafficking,normal,"[""No favorable"", ""Salida favorable""]"
11104,Atacama,DEF-0349,7.0,Consumado,26,yes,1,0.99844104,1,1,base,drug_trafficking,normal,"[""No favorable"", ""Salida favorable""]"
15304,Tarapacá,DEF-0913,6.0,Consumado,28,yes,1,0.9380435,1,1,base,drug_trafficking,normal,"[""No favorable"", ""Salida favorable""]"
14512,Antofagasta,DEF-0011,3.0,Consumado,18,yes,1,0.9994643,1,1,base,drug_trafficking,normal,"[""No favorable"", ""Salida favorable""]"
7902,Tarapacá,DEF-0102,2.0,Consumado,18,no,0,0.27734846,0,0,base,drug_trafficking,normal,"[""No favorable"", ""Salida favorable""]"
591,Libertador Bernardo O'Higgins,DEF-0276,3.0,Consumado,32,no,0,0.36856678,1,1,base,drug_trafficking,normal,"[""No favorable"", ""Salida favorable""]"
5260,Valparaíso,DEF-0139,7.0,Consumado,42,no,0,0.30985203,0,0,base,drug_trafficking,normal,"[""No favorable"", ""Salida favorable""]"
9234,Arica y Parinacota,DEF-0118,7.0,Consumado,30,yes,1,0.9990141,1,1,base,drug_trafficking,normal,"[""No favorable"", ""Salida favorable""]"
7404,Valparaíso,DEF-0731,7.0,Consumado,22,no,0,0.27828324,1,1,base,drug_trafficking,normal,"[""No favorable"", ""Salida favorable""]"
8457,Arica y Parinacota,DEF-0309,9.0,Consumado,18,no,0,0.24157025,1,1,base,drug_trafficking,normal,"[""No favorable"", ""Salida favorable""]"
11185,Arica y Parinacota,DEF-0225,7.0,Consumado,41,no,0,0.2524579,1,1,base,drug_trafficking,normal,"[""No favorable"", ""Salida favorable""]"
12374,Los Lagos,DEF-0800,7.0,Consumado,18,no,0,0.28065374,1,1,base,drug_trafficking,normal,"[""No favorable"", ""Salida favorable""]"
12471,Metropolitana,DEF-0687,5.0,Consumado,25,no,0,0.28244227,1,1,base,drug_trafficking,normal,"[""No favorable"", ""Salida favorable""]"
5369,Tarapacá,DEF-0107,3.0,Consumado,18,yes,1,0.999366,1,1,base,drug_trafficking,normal,"[""No favorable"", ""Salida favorable""]"
5784,Tarapacá,DEF-0270,2.0,Consumado,19,no,0,0.3336919,0,0,base,drug_trafficking,normal,"[""No favorable"", ""Salida favorable""]"
12104,Metropolitana,DEF-0040,6.0,Consumado,21,no,0,0.3278364,1,1,base,drug_trafficking,normal,"[""No favorable"", ""Salida favorable""]"
8906,Valparaíso,DEF-0347,5.0,Consumado,23,yes,1,0.9974597,1,1,base,drug_trafficking,normal,"[""No favorable"", ""Salida favorable""]"
3981,Valparaíso,DEF-0086,3.0,Consumado,33,no,0,0.2544554,0,0,base,drug_trafficking,normal,"[""No favorable"", ""Salida favorable""]"
7520,Tarapacá,DEF-0317,8.0,Consumado,23,yes,1,0.99784154,1,1,base,drug_trafficking,normal,"[""No favorable"", ""Salida favorable""]"
4022,Tarapacá,DEF-0188,2.0,Consumado,30,yes,1,0.9984969,1,1,base,drug_trafficking,normal,"[""No favorable"", ""Salida favorable""]"
7652,Tarapacá,DEF-0102,7.0,Consumado,18,yes,1,0.9994063,1,1,base,drug_trafficking,normal,"[""No favorable"", ""Salida favorable""]"
11111,Antofagasta,DEF-0689,6.0,Consumado,29,no,0,0.16901274,0,0,base,drug_trafficking,normal,"[""No favorable"", ""Salida favorable""]"
13243,Valparaíso,DEF-0604,7.0,Consumado,32,no,0,0.28614405,0,0,base,drug_trafficking,normal,"[""No favorable"", ""Salida favorable""]"
11137,Metropolitana,DEF-0465,4.0,Consumado,27,no,0,0.3028187,0,0,base,drug_trafficking,normal,"[""No favorable"", ""Salida favorable""]"
1114,Maule,DEF-0298,4.0,Consumado,18,no,0,0.33789605,0,0,base,drug_trafficking,normal,"[""No favorable"", ""Salida favorable""]"
10674,Antofagasta,DEF-0654,5.0,Consumado,37,yes,1,0.9934507,1,1,base,drug_trafficking,normal,"[""No favorable"", ""Salida favorable""]"
5601,Tarapacá,DEF-0102,4.0,Consumado,45,yes,1,0.9993443,1,1,base,drug_trafficking,normal,"[""No favorable"", ""Salida favorable""]"
6980,Libertador Bernardo O'Higgins,DEF-0209,4.0,Consumado,18,no,0,0.39657706,0,0,base,drug_trafficking,normal,"[""No favorable"", ""Salida favorable""]"
6033,Tarapacá,DEF-0533,3.0,Consumado,24,yes,1,0.99499667,1,1,base,drug_trafficking,normal,"[""No favorable"", ""Salida favorable""]"
3646,Antofagasta,DEF-0619,6.0,Consumado,21,no,0,0.17341103,0,0,base,drug_trafficking,normal,"[""No favorable"", ""Salida favorable""]"
450,Metropolitana,DEF-0175,3.0,Consumado,34,no,0,0.35956627,0,0,base,drug_trafficking,normal,"[""No favorable"", ""Salida favorable""]"
2542,Tarapacá,DEF-0100,6.0,Consumado,18,yes,1,0.99941343,1,1,base,drug_trafficking,normal,"[""No favorable"", ""Salida favorable""]"
3968,Arica y Parinacota,DEF-0230,10.0,Consumado,18,no,0,0.2657585,0,0,base,drug_trafficking,normal,"[""No favorable"", ""Salida favorable""]"
99,Valparaíso,DEF-0075,4.0,Consumado,41,no,0,0.25982744,1,1,base,drug_trafficking,normal,"[""No favorable"", ""Salida favorable""]"
9017,Antofagasta,DEF-0400,4.0,Consumado,18,no,0,0.19328362,0,0,base,drug_trafficking,normal,"[""No favorable"", ""Salida favorable""]"
1705,La Araucanía,DEF-0447,8.0,Consumado,18,no,0,0.32759932,0,0,base,drug_trafficking,normal,"[""No favorable"", ""Salida favorable""]"
4287,Valparaíso,DEF-0605,1.0,Consumado,21,no,0,0.28450415,1,1,base,drug_trafficking,normal,"[""No favorable"", ""Salida favorable""]"
2953,Valparaíso,DEF-0220,2.0,Consumado,18,no,0,0.33987534,0,0,base,drug_trafficking,normal,"[""No favorable"", ""Salida favorable""]"
4726,Los Lagos,DEF-0109,11.0,Consumado,28,no,0,0.40165153,0,0,base,drug_trafficking,normal,"[""No favorable"", ""Salida favorable""]"
8809,Tarapacá,DEF-0106,7.0,Consumado,41,yes,1,0.99933827,1,1,base,drug_trafficking,normal,"[""No favorable"", ""Salida favorable""]"
8615,Atacama,DEF-0241,13.0,Consumado,35,no,0,0.33808157,1,1,base,drug_trafficking,normal,"[""No favorable"", ""Salida favorable""]"
14532,Metropolitana,DEF-0008,1.0,Consumado,35,no,0,0.17669347,0,0,base,drug_trafficking,normal,"[""No favorable"", ""Salida favorable""]"
2538,Tarapacá,DEF-0317,6.0,Consumado,29,yes,1,0.99780333,1,1,base,drug_trafficking,normal,"[""No favorable"", ""Salida favorable""]"
1783,Los Lagos,DEF-0503,12.0,Consumado,18,no,0,0.31213632,0,0,base,drug_trafficking,normal,"[""No favorable"", ""Salida favorable""]"
1864,Atacama,DEF-0266,5.0,Consumado,26,no,0,0.33702755,1,1,base,drug_trafficking,normal,"[""No favorable"", ""Salida favorable""]"
16382,Metropolitana,DEF-0139,2.0,Consumado,34,no,0,0.33572978,0,0,base,drug_trafficking,normal,"[""No favorable"", ""Salida favorable""]"
3071,Valparaíso,DEF-0366,4.0,Consumado,26,no,0,0.311762,1,1,base,drug_trafficking,normal,"[""No favorable"", ""Salida favorable""]"
13291,La Araucanía,DEF-0201,4.0,Consumado,19,no,0,0.41032895,0,0,base,drug_trafficking,normal,"[""No favorable"", ""Salida favorable""]"
9328,Tarapacá,DEF-0732,6.0,Consumado,23,yes,1,0.9837125,1,1,base,drug_trafficking,normal,"[""No favorable"", ""Salida favorable""]"
9530,Arica y Parinacota,DEF-0346,5.0,Consumado,18,yes,1,0.9983497,1,1,base,drug_trafficking,normal,"[""No favorable"", ""Salida favorable""]"
12514,Tarapacá,DEF-0315,2.0,Consumado,21,no,0,0.32360125,0,0,base,drug_trafficking,normal,"[""No favorable"", ""Salida favorable""]"
13264,La Araucanía,DEF-0491,3.0,Consumado,20,no,0,0.3156678,0,0,base,drug_trafficking,normal,"[""No favorable"", ""Salida favorable""]"
4329,Metropolitana,DEF-0485,2.0,Consumado,27,no,0,0.29932758,0,0,base,drug_trafficking,normal,"[""No favorable"", ""Salida favorable""]"
16072,Metropolitana,DEF-0069,0.0,Consumado,37,no,0,0.2700106,1,1,base,drug_trafficking,normal,"[""No favorable"", ""Salida favorable""]"
12551,Tarapacá,DEF-0106,8.0,Consumado,29,no,0,0.28681377,0,0,base,drug_trafficking,normal,"[""No favorable"", ""Salida favorable""]"
2590,Valparaíso,DEF-0425,10.0,Consumado,23,no,0,0.30583283,1,1,base,drug_trafficking,normal,"[""No favorable"", ""Salida favorable""]"
3607,Tarapacá,DEF-0301,3.0,Consumado,25,yes,1,0.9978671,1,1,base,drug_trafficking,normal,"[""No favorable"", ""Salida favorable""]"
11734,Tarapacá,DEF-0102,7.0,Consumado,24,no,0,0.28342342,0,0,base,drug_trafficking,normal,"[""No favorable"", ""Salida favorable""]"
6000,Valparaíso,DEF-0075,1.0,Consumado,29,no,0,0.26116315,0,0,base,drug_trafficking,normal,"[""No favorable"", ""Salida favorable""]"
5231,Tarapacá,DEF-0124,3.0,Consumado,33,yes,1,0.9991901,1,1,base,drug_trafficking,normal,"[""No favorable"", ""Salida favorable""]"
4546,Maule,DEF-0361,11.0,Consumado,18,no,0,0.32786494,0,0,base,drug_trafficking,normal,"[""No favorable"", ""Salida favorable""]"
9828,Atacama,DEF-0440,3.0,Consumado,26,no,0,0.28433716,0,0,base,drug_trafficking,normal,"[""No favorable"", ""Salida favorable""]"
6238,Tarapacá,DEF-0533,5.0,Consumado,35,yes,1,0.9950912,1,1,base,drug_trafficking,normal,"[""No favorable"", ""Salida favorable""]"
12487,Arica y Parinacota,DEF-0309,9.0,Consumado,35,yes,1,0.9983353,1,1,base,drug_trafficking,normal,"[""No favorable"", ""Salida favorable""]"
9408,Antofagasta,DEF-0750,5.0,Consumado,22,no,0,0.16731535,0,0,base,drug_trafficking,normal,"[""No favorable"", ""Salida favorable""]"
16673,Metropolitana,DEF-0043,0.0,Consumado,25,no,0,0.30254495,0,0,base,drug_trafficking,normal,"[""No favorable"", ""Salida favorable""]"
13786,Maule,DEF-0154,16.0,Consumado,41,no,0,0.3924218,0,0,base,drug_trafficking,normal,"[""No favorable"", ""Salida favorable""]"
6572,Antofagasta,DEF-0224,2.0,Consumado,34,yes,1,0.9977415,1,1,base,drug_trafficking,normal,"[""No favorable"", ""Salida favorable""]"
1210,La Araucanía,DEF-0201,4.0,Consumado,34,no,0,0.41267666,1,1,base,drug_trafficking,normal,"[""No favorable"", ""Salida favorable""]"
9924,Metropolitana,DEF-0045,5.0,Consumado,27,no,0,0.3121064,0,0,base,drug_trafficking,normal,"[""No favorable"", ""Salida favorable""]"
835,Tarapacá,DEF-0083,6.0,Consumado,18,no,0,0.27775156,0,0,base,drug_trafficking,normal,"[""No favorable"", ""Salida favorable""]"
4530,Antofagasta,DEF-0352,4.0,Consumado,30,yes,1,0.9973321,1,1,base,drug_trafficking,normal,"[""No favorable"", ""Salida favorable""]"
3753,Coquimbo,DEF-0483,5.0,Consumado,27,no,0,0.3216787,1,1,base,drug_trafficking,normal,"[""No favorable"", ""Salida favorable""]"
966,Metropolitana,DEF-0096,5.0,Consumado,29,no,0,0.2852801,1,1,base,drug_trafficking,normal,"[""No favorable"", ""Salida favorable""]"
8375,Antofagasta,DEF-0246,13.0,Consumado,28,no,0,0.22921114,0,0,base,drug_trafficking,normal,"[""No favorable"", ""Salida favorable""]"
9559,Tarapacá,DEF-0251,8.0,Consumado,34,yes,1,0.99815285,1,1,base,drug_trafficking,normal,"[""No favorable"", ""Salida favorable""]"
1820,Metropolitana,DEF-0013,10.0,Consumado,30,no,0,0.35602227,0,0,base,drug_trafficking,normal,"[""No favorable"", ""Salida favorable""]"
15721,Antofagasta,DEF-0802,4.0,Consumado,30,yes,1,0.9875136,1,1,base,drug_trafficking,normal,"[""No favorable"", ""Salida favorable""]"
7129,Tarapacá,DEF-0106,4.0,Consumado,36,yes,1,0.9993389,1,1,base,drug_trafficking,normal,"[""No favorable"", ""Salida favorable""]"
27,Metropolitana,DEF-0024,4.0,Consumado,36,no,0,0.33473477,1,1,base,drug_trafficking,normal,"[""No favorable"", ""Salida favorable""]"
12889,Maule,DEF-0245,13.0,Consumado,29,no,0,0.36536297,0,0,base,drug_trafficking,normal,"[""No favorable"", ""Salida favorable""]"
1225,Tarapacá,DEF-0124,5.0,Consumado,18,yes,1,0.9992396,1,1,base,drug_trafficking,normal,"[""No favorable"", ""Salida favorable""]"
4672,Antofagasta,DEF-0084,4.0,Consumado,21,no,0,0.27152953,1,1,base,drug_trafficking,normal,"[""No favorable"", ""Salida favorable""]"
13405,La Araucanía,DEF-0695,5.0,Consumado,35,no,0,0.29060543,1,1,base,drug_trafficking,normal,"[""No favorable"", ""Salida favorable""]"
8402,Bio Bío,DEF-0449,19.0,Consumado,44,no,0,0.34566644,0,0,base,drug_trafficking,normal,"[""No favorable"", ""Salida favorable""]"
6797,Metropolitana,DEF-0289,10.0,Consumado,23,no,0,0.34110802,0,0,base,drug_trafficking,normal,"[""No favorable"", ""Salida favorable""]"
13158,Atacama,DEF-0440,4.0,Consumado,27,no,0,0.283002,0,0,base,drug_trafficking,normal,"[""No favorable"", ""Salida favorable""]"
14193,Valparaíso,DEF-0557,5.0,Consumado,18,no,0,0.28920537,0,0,base,drug_trafficking,normal,"[""No favorable"", ""Salida favorable""]"
9257,Valparaíso,DEF-0677,3.0,Consumado,27,no,0,0.28041312,0,0,base,drug_trafficking,normal,"[""No favorable"", ""Salida favorable""]"
2932,Tarapacá,DEF-0188,3.0,Consumado,18,yes,1,0.99853337,1,1,base,drug_trafficking,normal,"[""No favorable"", ""Salida favorable""]"
4134,Metropolitana,DEF-0479,8.0,Consumado,24,no,0,0.3025873,1,1,base,drug_trafficking,normal,"[""No favorable"", ""Salida favorable""]"
5655,Antofagasta,DEF-0401,2.0,Consumado,18,yes,1,0.9974015,1,1,base,drug_trafficking,normal,"[""No favorable"", ""Salida favorable""]"
12861,Metropolitana,DEF-0795,3.0,Consumado,23,no,0,0.27660632,1,1,base,drug_trafficking,normal,"[""No favorable"", ""Salida favorable""]"
10442,Bio Bío,DEF-0638,0.0,Consumado,24,no,0,0.2970295,0,0,base,drug_trafficking,normal,"[""No favorable"", ""Salida favorable""]"
3174,Tarapacá,DEF-0533,7.0,Consumado,33,yes,1,0.9952216,1,1,base,drug_trafficking,normal,"[""No favorable"", ""Salida favorable""]"
11093,Tarapacá,DEF-0270,8.0,Consumado,22,yes,1,0.9980875,1,1,base,drug_trafficking,normal,"[""No favorable"", ""Salida favorable""]"
5702,Coquimbo,DEF-0131,0.0,Consumado,25,no,0,0.44227546,0,0,base,drug_trafficking,normal,"[""No favorable"", ""Salida favorable""]"
9246,Valparaíso,DEF-0677,5.0,Consumado,32,no,0,0.28083146,0,0,base,drug_trafficking,normal,"[""No favorable"", ""Salida favorable""]"
4110,Tarapacá,DEF-0106,5.0,Consumado,18,no,0,0.2875515,0,0,base,drug_trafficking,normal,"[""No favorable"", ""Salida favorable""]"
853,Tarapacá,DEF-0073,12.0,Consumado,27,no,0,0.29331556,0,0,base,drug_trafficking,normal,"[""No favorable"", ""Salida favorable""]"
4160,Los Ríos,DEF-0196,8.0,Consumado,18,no,0,0.3905784,0,0,base,drug_trafficking,normal,"[""No favorable"", ""Salida favorable""]"
14720,Valparaíso,DEF-0524,5.0,Consumado,23,no,0,0.292308,1,1,base,drug_trafficking,normal,"[""No favorable"", ""Salida favorable""]"
13461,Valparaíso,DEF-0671,2.0,Consumado,35,no,0,0.28065827,0,0,base,drug_trafficking,normal,"[""No favorable"", ""Salida favorable""]"
12265,Valparaíso,DEF-0557,5.0,Consumado,27,no,0,0.28935242,0,0,base,drug_trafficking,normal,"[""No favorable"", ""Salida favorable""]"
12377,Metropolitana,DEF-0008,0.0,Consumado,27,no,0,0.17522532,0,0,base,drug_trafficking,normal,"[""No favorable"", ""Salida favorable""]"
5424,Metropolitana,DEF-0359,4.0,Consumado,33,no,0,0.32023486,1,1,base,drug_trafficking,normal,"[""No favorable"", ""Salida favorable""]"
1629,Maule,DEF-0079,7.0,Consumado,28,no,0,0.2959722,0,0,base,drug_trafficking,normal,"[""No favorable"", ""Salida favorable""]"
4135,Maule,DEF-0625,2.0,Consumado,42,no,0,0.28770086,0,0,base,drug_trafficking,normal,"[""No favorable"", ""Salida favorable""]"
4706,Tarapacá,DEF-0301,5.0,Consumado,28,no,0,0.32947347,1,1,base,drug_trafficking,normal,"[""No favorable"", ""Salida favorable""]"
4062,Maule,DEF-0361,72.0,Consumado,34,no,0,0.43836772,1,1,base,drug_trafficking,normal,"[""No favorable"", ""Salida favorable""]"
13742,Arica y Parinacota,DEF-0383,4.0,Consumado,38,no,0,0.2151952,0,0,base,drug_trafficking,normal,"[""No favorable"", ""Salida favorable""]"
8297,Coquimbo,DEF-0763,5.0,Consumado,18,yes,1,0.9926451,1,1,base,drug_trafficking,normal,"[""No favorable"", ""Salida favorable""]"
9024,Aysén,DEF-0819,12.0,Consumado,27,no,0,0.18773116,0,0,base,drug_trafficking,normal,"[""No favorable"", ""Salida favorable""]"
4517,Arica y Parinacota,DEF-0083,9.0,Consumado,39,no,0,0.29411134,0,0,base,drug_trafficking,normal,"[""No favorable"", ""Salida favorable""]"
11588,Tarapacá,DEF-0058,4.0,Consumado,31,yes,1,0.9994604,1,1,base,drug_trafficking,normal,"[""No favorable"", ""Salida favorable""]"
8475,Los Lagos,DEF-0332,10.0,Consumado,23,no,0,0.35012427,0,0,base,drug_trafficking,normal,"[""No favorable"", ""Salida favorable""]"
13626,Metropolitana,DEF-0358,8.0,Consumado,34,no,0,0.32345948,1,1,base,drug_trafficking,normal,"[""No favorable"", ""Salida favorable""]"
5747,Tarapacá,DEF-0732,7.0,Consumado,19,no,0,0.27915353,1,1,base,drug_trafficking,normal,"[""No favorable"", ""Salida favorable""]"
1115,Tarapacá,DEF-0106,6.0,Consumado,38,no,0,0.27752084,0,0,base,drug_trafficking,normal,"[""No favorable"", ""Salida favorable""]"
2753,Arica y Parinacota,DEF-0012,8.0,Consumado,28,no,0,0.2515176,0,0,base,drug_trafficking,normal,"[""No favorable"", ""Salida favorable""]"
15848,Valparaíso,DEF-0524,7.0,Consumado,30,no,0,0.29315203,0,0,base,drug_trafficking,normal,"[""No favorable"", ""Salida favorable""]"
10446,Arica y Parinacota,DEF-0234,12.0,Consumado,18,yes,1,0.99855894,1,1,base,drug_trafficking,normal,"[""No favorable"", ""Salida favorable""]"
5943,Valparaíso,DEF-0677,6.0,Consumado,37,no,0,0.28110135,0,0,base,drug_trafficking,normal,"[""No favorable"", ""Salida favorable""]"
6899,Arica y Parinacota,DEF-0455,12.0,Consumado,35,yes,1,0.99788386,1,1,base,drug_trafficking,normal,"[""No favorable"", ""Salida favorable""]"
1124,Arica y Parinacota,DEF-0341,10.0,Consumado,21,yes,1,0.9983449,1,1,base,drug_trafficking,normal,"[""No favorable"", ""Salida favorable""]"
3346,Tarapacá,DEF-0124,7.0,Consumado,27,yes,1,0.9992253,1,1,base,drug_trafficking,normal,"[""No favorable"", ""Salida favorable""]"
12787,Tarapacá,DEF-0660,2.0,Consumado,18,yes,1,0.9892452,1,1,base,drug_trafficking,normal,"[""No favorable"", ""Salida favorable""]"
2527,Maule,DEF-0094,9.0,Consumado,30,no,0,0.3084858,0,0,base,drug_trafficking,normal,"[""No favorable"", ""Salida favorable""]"
2339,Tarapacá,DEF-0317,5.0,Consumado,34,yes,1,0.99777925,1,1,base,drug_trafficking,normal,"[""No favorable"", ""Salida favorable""]"
10208,Tarapacá,DEF-0106,5.0,Consumado,26,yes,1,0.9993633,1,1,base,drug_trafficking,normal,"[""No favorable"", ""Salida favorable""]"
16247,Bio Bío,DEF-0076,1.0,Consumado,31,no,0,0.41820785,0,0,base,drug_trafficking,normal,"[""No favorable"", ""Salida favorable""]"
3921,Tarapacá,DEF-0188,2.0,Consumado,18,yes,1,0.9985257,1,1,base,drug_trafficking,normal,"[""No favorable"", ""Salida favorable""]"
4423,Antofagasta,DEF-0654,6.0,Consumado,21,yes,1,0.99445903,1,1,base,drug_trafficking,normal,"[""No favorable"", ""Salida favorable""]"
13589,Arica y Parinacota,DEF-0012,9.0,Consumado,38,yes,1,0.9995066,1,1,base,drug_trafficking,normal,"[""No favorable"", ""Salida favorable""]"
7453,Antofagasta,DEF-0401,7.0,Consumado,18,no,0,0.19384937,0,0,base,drug_trafficking,normal,"[""No favorable"", ""Salida favorable""]"
6051,Tarapacá,DEF-0106,7.0,Consumado,30,yes,1,0.9993618,1,1,base,drug_trafficking,normal,"[""No favorable"", ""Salida favorable""]"
6265,Tarapacá,DEF-0270,6.0,Consumado,18,yes,1,0.99807435,1,1,base,drug_trafficking,normal,"[""No favorable"", ""Salida favorable""]"
15226,Antofagasta,DEF-0821,5.0,Consumado,29,yes,1,0.98622257,1,1,base,drug_trafficking,normal,"[""No favorable"", ""Salida favorable""]"
9782,Antofagasta,DEF-0084,8.0,Consumado,24,no,0,0.27794197,1,1,base,drug_trafficking,normal,"[""No favorable"", ""Salida favorable""]"
7020,Valparaíso,DEF-0532,6.0,Consumado,21,no,0,0.29178885,1,1,base,drug_trafficking,normal,"[""No favorable"", ""Salida favorable""]"
5729,Valparaíso,DEF-0731,1.0,Consumado,31,no,0,0.27744663,0,0,base,drug_trafficking,normal,"[""No favorable"", ""Salida favorable""]"
862,Maule,DEF-0094,4.0,Consumado,31,no,0,0.2955515,0,0,base,drug_trafficking,normal,"[""No favorable"", ""Salida favorable""]"
8724,Tarapacá,DEF-0660,3.0,Consumado,31,yes,1,0.9894805,1,1,base,drug_trafficking,normal,"[""No favorable"", ""Salida favorable""]"
13662,Arica y Parinacota,DEF-0012,8.0,Consumado,43,no,0,0.22729525,1,1,base,drug_trafficking,normal,"[""No favorable"", ""Salida favorable""]"
10310,Tarapacá,DEF-0251,4.0,Consumado,33,yes,1,0.99812007,1,1,base,drug_trafficking,normal,"[""No favorable"", ""Salida favorable""]"
2531,Tarapacá,DEF-0073,4.0,Consumado,31,yes,1,0.9994626,1,1,base,drug_trafficking,normal,"[""No favorable"", ""Salida favorable""]"
7297,Metropolitana,DEF-0380,0.0,Consumado,35,no,0,0.31391948,1,1,base,drug_trafficking,normal,"[""No favorable"", ""Salida favorable""]"
12593,Ñuble,DEF-0654,5.0,Consumado,25,no,0,0.28098634,1,1,base,drug_trafficking,normal,"[""No favorable"", ""Salida favorable""]"
13603,Valparaíso,DEF-0671,18.0,Consumado,26,no,0,0.28394336,1,1,base,drug_trafficking,normal,"[""No favorable"", ""Salida favorable""]"
1883,Arica y Parinacota,DEF-0225,6.0,Consumado,33,yes,1,0.99851876,1,1,base,drug_trafficking,normal,"[""No favorable"", ""Salida favorable""]"
11954,Valparaíso,DEF-0304,15.0,Consumado,25,no,0,0.33273956,1,1,base,drug_trafficking,normal,"[""No favorable"", ""Salida favorable""]"
7027,Maule,DEF-0410,3.0,Consumado,34,no,0,0.3136824,1,1,base,drug_trafficking,normal,"[""No favorable"", ""Salida favorable""]"
16640,Libertador Bernardo O'Higgins,DEF-0351,2.0,Consumado,23,no,0,0.34178632,0,0,base,drug_trafficking,normal,"[""No favorable"", ""Salida favorable""]"
13146,Metropolitana,DEF-0185,3.0,Consumado,30,no,0,0.36002466,0,0,base,drug_trafficking,normal,"[""No favorable"", ""Salida favorable""]"
5049,Arica y Parinacota,DEF-0230,5.0,Consumado,36,no,0,0.25293326,1,1,base,drug_trafficking,normal,"[""No favorable"", ""Salida favorable""]"
4841,Coquimbo,DEF-0203,3.0,Consumado,36,yes,1,0.99865633,1,1,base,drug_trafficking,normal,"[""No favorable"", ""Salida favorable""]"
13104,Atacama,DEF-0349,10.0,Consumado,22,yes,1,0.99845964,1,1,base,drug_trafficking,normal,"[""No favorable"", ""Salida favorable""]"
16615,Bio Bío,DEF-0506,2.0,Consumado,31,no,0,0.31780222,0,0,base,drug_trafficking,normal,"[""No favorable"", ""Salida favorable""]"
6963,Arica y Parinacota,DEF-0547,10.0,Consumado,22,yes,1,0.99753755,1,1,base,drug_trafficking,normal,"[""No favorable"", ""Salida favorable""]"
14970,Tarapacá,DEF-0913,9.0,Consumado,24,yes,1,0.9422229,1,1,base,drug_trafficking,normal,"[""No favorable"", ""Salida favorable""]"
8112,Arica y Parinacota,DEF-0455,12.0,Consumado,28,no,0,0.20787533,0,0,base,drug_trafficking,normal,"[""No favorable"", ""Salida favorable""]"
10134,Arica y Parinacota,DEF-0012,16.0,Consumado,30,no,0,0.26756212,1,1,base,drug_trafficking,normal,"[""No favorable"", ""Salida favorable""]"
10644,Magallanes y Antártica Chilena,DEF-0571,4.0,Consumado,18,no,0,0.294659,0,0,base,drug_trafficking,normal,"[""No favorable"", ""Salida favorable""]"
15811,Libertador Bernardo O'Higgins,DEF-0087,3.0,Consumado,18,no,0,0.37594247,0,0,base,drug_trafficking,normal,"[""No favorable"", ""Salida favorable""]"
9287,La Araucanía,DEF-0695,5.0,Consumado,18,no,0,0.29038623,0,0,base,drug_trafficking,normal,"[""No favorable"", ""Salida favorable""]"
14037,Tarapacá,DEF-0301,6.0,Consumado,18,yes,1,0.99791676,1,1,base,drug_trafficking,normal,"[""No favorable"", ""Salida favorable""]"
12401,Metropolitana,DEF-0370,21.0,Consumado,19,no,0,0.3302047,0,0,base,drug_trafficking,normal,"[""No favorable"", ""Salida favorable""]"
12810,Tarapacá,DEF-0058,4.0,Consumado,32,yes,1,0.999459,1,1,base,drug_trafficking,normal,"[""No favorable"", ""Salida favorable""]"
14831,Coquimbo,DEF-0515,4.0,Consumado,39,no,0,0.31600237,1,1,base,drug_trafficking,normal,"[""No favorable"", ""Salida favorable""]"
178,Valparaíso,DEF-0125,9.0,Consumado,35,no,0,0.29562128,0,0,base,drug_trafficking,normal,"[""No favorable"", ""Salida favorable""]"
8186,Metropolitana,DEF-0289,6.0,Consumado,30,no,0,0.33793133,0,0,base,drug_trafficking,normal,"[""No favorable"", ""Salida favorable""]"
430,Arica y Parinacota,DEF-0108,19.0,Consumado,18,yes,1,0.99916875,1,1,base,drug_trafficking,normal,"[""No favorable"", ""Salida favorable""]"
7597,Tarapacá,DEF-0124,4.0,Consumado,26,no,0,0.3058363,0,0,base,drug_trafficking,normal,"[""No favorable"", ""Salida favorable""]"
9060,Tarapacá,DEF-0106,3.0,Consumado,37,yes,1,0.9993331,1,1,base,drug_trafficking,normal,"[""No favorable"", ""Salida favorable""]"
2426,Metropolitana,DEF-0451,2.0,Consumado,18,no,0,0.30365935,1,1,base,drug_trafficking,normal,"[""No favorable"", ""Salida favorable""]"
3091,Metropolitana,DEF-0454,11.0,Consumado,18,no,0,0.30748114,0,0,base,drug_trafficking,normal,"[""No favorable"", ""Salida favorable""]"
1235,Bio Bío,DEF-0411,8.0,Consumado,23,no,0,0.34411576,1,1,base,drug_trafficking,normal,"[""No favorable"", ""Salida favorable""]"
4723,Coquimbo,DEF-0035,7.0,Consumado,24,no,0,0.40849674,0,0,base,drug_trafficking,normal,"[""No favorable"", ""Salida favorable""]"
7188,Metropolitana,DEF-0071,1.0,Consumado,25,no,0,0.27817735,0,0,base,drug_trafficking,normal,"[""No favorable"", ""Salida favorable""]"
6759,Libertador Bernardo O'Higgins,DEF-0513,4.0,Consumado,38,no,0,0.31027305,0,0,base,drug_trafficking,normal,"[""No favorable"", ""Salida favorable""]"
482,Los Lagos,DEF-0186,15.0,Consumado,21,no,0,0.41910863,1,1,base,drug_trafficking,normal,"[""No favorable"", ""Salida favorable""]"
14111,Tarapacá,DEF-0484,7.0,Consumado,35,no,0,0.29955333,0,0,base,drug_trafficking,normal,"[""No favorable"", ""Salida favorable""]"
14889,Los Lagos,DEF-0238,4.0,Consumado,30,no,0,0.37726057,0,0,base,drug_trafficking,normal,"[""No favorable"", ""Salida favorable""]"
12868,Coquimbo,DEF-0323,3.0,Consumado,37,no,0,0.36488995,1,1,base,drug_trafficking,normal,"[""No favorable"", ""Salida favorable""]"
13893,Arica y Parinacota,DEF-0305,5.0,Consumado,23,yes,1,0.99841994,1,1,base,drug_trafficking,normal,"[""No favorable"", ""Salida favorable""]"
1142,Metropolitana,DEF-0358,3.0,Consumado,43,no,0,0.3204804,0,0,base,drug_trafficking,normal,"[""No favorable"", ""Salida favorable""]"
13091,La Araucanía,DEF-0640,7.0,Consumado,30,no,0,0.29650012,1,1,base,drug_trafficking,normal,"[""No favorable"", ""Salida favorable""]"
5829,La Araucanía,DEF-0447,1.0,Consumado,18,no,0,0.3227587,0,0,base,drug_trafficking,normal,"[""No favorable"", ""Salida favorable""]"
3505,Antofagasta,DEF-0389,4.0,Consumado,32,yes,1,0.99710137,1,1,base,drug_trafficking,normal,"[""No favorable"", ""Salida favorable""]"
3740,Metropolitana,DEF-0278,7.0,Consumado,25,no,0,0.34144762,0,0,base,drug_trafficking,normal,"[""No favorable"", ""Salida favorable""]"
2439,Arica y Parinacota,DEF-0234,9.0,Consumado,23,no,0,0.2605635,1,1,base,drug_trafficking,normal,"[""No favorable"", ""Salida favorable""]"
373,Metropolitana,DEF-0069,6.0,Consumado,18,no,0,0.2970414,0,0,base,drug_trafficking,normal,"[""No favorable"", ""Salida favorable""]"
5383,Atacama,DEF-0258,3.0,Consumado,18,yes,1,0.99862057,1,1,base,drug_trafficking,normal,"[""No favorable"", ""Salida favorable""]"
15050,Tarapacá,DEF-0913,4.0,Consumado,33,no,0,0.27212888,0,0,base,drug_trafficking,normal,"[""No favorable"", ""Salida favorable""]"
14531,Metropolitana,DEF-0206,6.0,Consumado,27,no,0,0.36070246,0,0,base,drug_trafficking,normal,"[""No favorable"", ""Salida favorable""]"
6949,Metropolitana,DEF-0289,9.0,Consumado,28,no,0,0.34064633,1,1,base,drug_trafficking,normal,"[""No favorable"", ""Salida favorable""]"
1950,Metropolitana,DEF-0273,8.0,Consumado,29,no,0,0.34431958,0,0,base,drug_trafficking,normal,"[""No favorable"", ""Salida favorable""]"
386,Metropolitana,DEF-0218,11.0,Consumado,18,no,0,0.36304817,0,0,base,drug_trafficking,normal,"[""No favorable"", ""Salida favorable""]"
6204,Valparaíso,DEF-0417,5.0,Consumado,29,no,0,0.30479485,1,1,base,drug_trafficking,normal,"[""No favorable"", ""Salida favorable""]"
8193,Ñuble,DEF-0204,5.0,Consumado,21,no,0,0.33872363,1,1,base,drug_trafficking,normal,"[""No favorable"", ""Salida favorable""]"
588,Metropolitana,DEF-0103,2.0,Consumado,33,no,0,0.28408676,1,1,base,drug_trafficking,normal,"[""No favorable"", ""Salida favorable""]"
12981,Antofagasta,DEF-0042,4.0,Consumado,29,yes,1,0.9994175,1,1,base,drug_trafficking,normal,"[""No favorable"", ""Salida favorable""]"
16286,Aysén,DEF-0917,7.0,Consumado,20,no,0,0.17945714,0,0,base,drug_trafficking,normal,"[""No favorable"", ""Salida favorable""]"
14422,Tarapacá,DEF-0301,5.0,Consumado,18,no,0,0.32879296,0,0,base,drug_trafficking,normal,"[""No favorable"", ""Salida favorable""]"
1555,Tarapacá,DEF-0153,4.0,Consumado,18,no,0,0.34285858,0,0,base,drug_trafficking,normal,"[""No favorable"", ""Salida favorable""]"
5180,La Araucanía,DEF-0597,6.0,Consumado,25,no,0,0.30118427,0,0,base,drug_trafficking,normal,"[""No favorable"", ""Salida favorable""]"
1090,Valparaíso,DEF-0407,6.0,Consumado,22,no,0,0.16907178,0,0,base,drug_trafficking,normal,"[""No favorable"", ""Salida favorable""]"
12459,Metropolitana,DEF-0139,6.0,Consumado,27,no,0,0.34644508,0,0,base,drug_trafficking,normal,"[""No favorable"", ""Salida favorable""]"
14852,Atacama,DEF-0431,7.0,Consumado,28,no,0,0.28261086,0,0,base,drug_trafficking,normal,"[""No favorable"", ""Salida favorable""]"
1335,Libertador Bernardo O'Higgins,DEF-0090,11.0,Consumado,18,no,0,0.40819845,1,1,base,drug_trafficking,normal,"[""No favorable"", ""Salida favorable""]"
9986,Tarapacá,DEF-0106,2.0,Consumado,21,yes,1,0.99936324,1,1,base,drug_trafficking,normal,"[""No favorable"", ""Salida favorable""]"
14910,Valparaíso,DEF-0784,7.0,Consumado,18,yes,1,0.9731806,1,1,base,drug_trafficking,normal,"[""No favorable"", ""Salida favorable""]"
618,Valparaíso,DEF-0237,5.0,Consumado,26,no,0,0.33969572,1,1,base,drug_trafficking,normal,"[""No favorable"", ""Salida favorable""]"
9923,Metropolitana,DEF-0192,4.0,Consumado,23,no,0,0.3605406,1,1,base,drug_trafficking,normal,"[""No favorable"", ""Salida favorable""]"
2510,Libertador Bernardo O'Higgins,DEF-0550,4.0,Consumado,20,no,0,0.30408993,1,1,base,drug_trafficking,normal,"[""No favorable"", ""Salida favorable""]"
14543,Tarapacá,DEF-0058,8.0,Consumado,24,yes,1,0.9994765,1,1,base,drug_trafficking,normal,"[""No favorable"", ""Salida favorable""]"
16359,Atacama,DEF-0874,3.0,Consumado,24,no,0,0.24240842,0,0,base,drug_trafficking,normal,"[""No favorable"", ""Salida favorable""]"
1380,Tarapacá,DEF-0100,9.0,Consumado,29,yes,1,0.9994033,1,1,base,drug_trafficking,normal,"[""No favorable"", ""Salida favorable""]"
16253,Atacama,DEF-0505,3.0,Consumado,29,yes,1,0.99785286,1,1,base,drug_trafficking,normal,"[""No favorable"", ""Salida favorable""]"
2333,Coquimbo,DEF-0542,6.0,Consumado,27,no,0,0.17283952,1,1,base,drug_trafficking,normal,"[""No favorable"", ""Salida favorable""]"
11166,Metropolitana,DEF-0386,1.0,Consumado,26,no,0,0.31303442,0,0,base,drug_trafficking,normal,"[""No favorable"", ""Salida favorable""]"
1493,Arica y Parinacota,DEF-0309,9.0,Consumado,25,yes,1,0.99839586,1,1,base,drug_trafficking,normal,"[""No favorable"", ""Salida favorable""]"
11850,La Araucanía,DEF-0491,4.0,Consumado,27,no,0,0.31649056,0,0,base,drug_trafficking,normal,"[""No favorable"", ""Salida favorable""]"
4070,Metropolitana,DEF-0656,11.0,Consumado,32,no,0,0.28609174,0,0,base,drug_trafficking,normal,"[""No favorable"", ""Salida favorable""]"
1372,Atacama,DEF-0337,9.0,Consumado,23,no,0,0.31174013,0,0,base,drug_trafficking,normal,"[""No favorable"", ""Salida favorable""]"
332,Metropolitana,DEF-0063,12.0,Consumado,24,no,0,0.31693596,0,0,base,drug_trafficking,normal,"[""No favorable"", ""Salida favorable""]"
1922,Tarapacá,DEF-0124,6.0,Consumado,28,yes,1,0.99921817,1,1,base,drug_trafficking,normal,"[""No favorable"", ""Salida favorable""]"
14034,Arica y Parinacota,DEF-0234,0.0,Consumado,35,no,0,0.25176388,0,0,base,drug_trafficking,normal,"[""No favorable"", ""Salida favorable""]"
9444,Valparaíso,DEF-0308,4.0,Consumado,19,no,0,0.32250005,0,0,base,drug_trafficking,normal,"[""No favorable"", ""Salida favorable""]"
1359,Valparaíso,DEF-0272,2.0,Consumado,25,no,0,0.32904795,1,1,base,drug_trafficking,normal,"[""No favorable"", ""Salida favorable""]"
13609,Metropolitana,DEF-0716,3.0,Consumado,23,no,0,0.28040773,0,0,base,drug_trafficking,normal,"[""No favorable"", ""Salida favorable""]"
12847,Arica y Parinacota,DEF-0309,11.0,Consumado,18,yes,1,0.99842864,1,1,base,drug_trafficking,normal,"[""No favorable"", ""Salida favorable""]"
2792,Tarapacá,DEF-0124,5.0,Consumado,18,yes,1,0.9992396,1,1,base,drug_trafficking,normal,"[""No favorable"", ""Salida favorable""]"
7609,Tarapacá,DEF-0106,3.0,Consumado,22,yes,1,0.9993646,1,1,base,drug_trafficking,normal,"[""No favorable"", ""Salida favorable""]"
14936,Metropolitana,DEF-0043,0.0,Consumado,23,no,0,0.30580357,0,0,base,drug_trafficking,normal,"[""No favorable"", ""Salida favorable""]"
12451,Tarapacá,DEF-0106,5.0,Consumado,25,yes,1,0.99936527,1,1,base,drug_trafficking,normal,"[""No favorable"", ""Salida favorable""]"
12240,Metropolitana,DEF-0456,2.0,Consumado,18,no,0,0.30295992,0,0,base,drug_trafficking,normal,"[""No favorable"", ""Salida favorable""]"
8033,Arica y Parinacota,DEF-0236,10.0,Consumado,18,no,0,0.2635413,0,0,base,drug_trafficking,normal,"[""No favorable"", ""Salida favorable""]"
13594,Arica y Parinacota,DEF-0455,10.0,Consumado,22,no,0,0.21143411,0,0,base,drug_trafficking,normal,"[""No favorable"", ""Salida favorable""]"
11862,Tarapacá,DEF-0106,5.0,Consumado,31,yes,1,0.9993532,1,1,base,drug_trafficking,normal,"[""No favorable"", ""Salida favorable""]"
14376,Valparaíso,DEF-0671,8.0,Consumado,28,no,0,0.28173262,1,1,base,drug_trafficking,normal,"[""No favorable"", ""Salida favorable""]"
919,Metropolitana,DEF-0369,7.0,Consumado,19,no,0,0.1704385,1,1,base,drug_trafficking,normal,"[""No favorable"", ""Salida favorable""]"
14650,Valparaíso,DEF-0197,15.0,Consumado,20,no,0,0.35904852,0,0,base,drug_trafficking,normal,"[""No favorable"", ""Salida favorable""]"
9489,Tarapacá,DEF-0106,6.0,Consumado,23,yes,1,0.99937224,1,1,base,drug_trafficking,normal,"[""No favorable"", ""Salida favorable""]"
3672,Antofagasta,DEF-0032,4.0,Consumado,30,yes,1,0.99944377,1,1,base,drug_trafficking,normal,"[""No favorable"", ""Salida favorable""]"
5469,Aysén,DEF-0424,7.0,Consumado,21,no,0,0.3339854,0,0,base,drug_trafficking,normal,"[""No favorable"", ""Salida favorable""]"
9081,Antofagasta,DEF-0683,3.0,Consumado,21,no,0,0.1701391,0,0,base,drug_trafficking,normal,"[""No favorable"", ""Salida favorable""]"
11196,Maule,DEF-0785,4.0,Consumado,18,no,0,0.2780553,0,0,base,drug_trafficking,normal,"[""No favorable"", ""Salida favorable""]"
12994,Los Lagos,DEF-0110,6.0,Consumado,24,no,0,0.3892822,0,0,base,drug_trafficking,normal,"[""No favorable"", ""Salida favorable""]"
8410,Tarapacá,DEF-0153,0.0,Consumado,34,no,0,0.33148116,0,0,base,drug_trafficking,normal,"[""No favorable"", ""Salida favorable""]"
3565,Coquimbo,DEF-0397,6.0,Consumado,23,no,0,0.34261772,1,1,base,drug_trafficking,normal,"[""No favorable"", ""Salida favorable""]"
2980,Los Lagos,DEF-0198,12.0,Consumado,19,no,0,0.40666205,0,0,base,drug_trafficking,normal,"[""No favorable"", ""Salida favorable""]"
14673,Metropolitana,DEF-0668,1.0,Consumado,18,no,0,0.28280595,0,0,base,drug_trafficking,normal,"[""No favorable"", ""Salida favorable""]"
14934,Metropolitana,DEF-0047,2.0,Consumado,23,no,0,0.30920416,0,0,base,drug_trafficking,normal,"[""No favorable"", ""Salida favorable""]"
12357,Metropolitana,DEF-0003,1.0,Consumado,28,no,0,0.16265017,1,1,base,drug_trafficking,normal,"[""No favorable"", ""Salida favorable""]"
2693,Valparaíso,DEF-0568,9.0,Consumado,26,no,0,0.2895148,1,1,base,drug_trafficking,normal,"[""No favorable"", ""Salida favorable""]"
5643,Tarapacá,DEF-0188,5.0,Consumado,18,yes,1,0.9985483,1,1,base,drug_trafficking,normal,"[""No favorable"", ""Salida favorable""]"
8551,Tarapacá,DEF-0533,6.0,Consumado,30,no,0,0.2937434,0,0,base,drug_trafficking,normal,"[""No favorable"", ""Salida favorable""]"
4092,Maule,DEF-0001,59.0,Consumado,22,no,0,0.305008,1,1,base,drug_trafficking,normal,"[""No favorable"", ""Salida favorable""]"
14634,Coquimbo,DEF-0592,8.0,Consumado,18,no,0,0.30489987,0,0,base,drug_trafficking,normal,"[""No favorable"", ""Salida favorable""]"
14478,Tarapacá,DEF-0301,6.0,Consumado,33,yes,1,0.99788827,1,1,base,drug_trafficking,normal,"[""No favorable"", ""Salida favorable""]"
6320,Tarapacá,DEF-0660,7.0,Consumado,29,yes,1,0.990246,1,1,base,drug_trafficking,normal,"[""No favorable"", ""Salida favorable""]"
15779,Bio Bío,DEF-0037,2.0,Consumado,20,no,0,0.41094157,0,0,base,drug_trafficking,normal,"[""No favorable"", ""Salida favorable""]"
3598,Libertador Bernardo O'Higgins,DEF-0211,20.0,Consumado,18,no,0,0.4266944,0,0,base,drug_trafficking,normal,"[""No favorable"", ""Salida favorable""]"
9409,Antofagasta,DEF-0750,5.0,Consumado,18,no,0,0.16778868,0,0,base,drug_trafficking,normal,"[""No favorable"", ""Salida favorable""]"
9364,Metropolitana,DEF-0479,8.0,Consumado,18,yes,1,0.99658126,1,1,base,drug_trafficking,normal,"[""No favorable"", ""Salida favorable""]"
5847,Metropolitana,DEF-0101,7.0,Consumado,27,no,0,0.29622227,0,0,base,drug_trafficking,normal,"[""No favorable"", ""Salida favorable""]"
12165,Tarapacá,DEF-0058,4.0,Consumado,35,yes,1,0.9994549,1,1,base,drug_trafficking,normal,"[""No favorable"", ""Salida favorable""]"
5827,Tarapacá,DEF-0188,5.0,Consumado,25,yes,1,0.9985313,1,1,base,drug_trafficking,normal,"[""No favorable"", ""Salida favorable""]"
8579,Valparaíso,DEF-0532,2.0,Consumado,35,no,0,0.29084888,1,1,base,drug_trafficking,normal,"[""No favorable"", ""Salida favorable""]"
2044,Los Lagos,DEF-0518,4.0,Consumado,24,no,0,0.30607954,0,0,base,drug_trafficking,normal,"[""No favorable"", ""Salida favorable""]"
4443,Valparaíso,DEF-0347,8.0,Consumado,38,no,0,0.3186654,0,0,base,drug_trafficking,normal,"[""No favorable"", ""Salida favorable""]"
9261,Atacama,DEF-0054,3.0,Consumado,31,no,0,0.36528087,0,0,base,drug_trafficking,normal,"[""No favorable"", ""Salida favorable""]"
1717,Tarapacá,DEF-0124,7.0,Consumado,18,yes,1,0.9992483,1,1,base,drug_trafficking,normal,"[""No favorable"", ""Salida favorable""]"
5448,Arica y Parinacota,DEF-0225,12.0,Consumado,25,no,0,0.26315233,0,0,base,drug_trafficking,normal,"[""No favorable"", ""Salida favorable""]"
1826,Tarapacá,DEF-0124,6.0,Consumado,18,yes,1,0.99924403,1,1,base,drug_trafficking,normal,"[""No favorable"", ""Salida favorable""]"
9997,Metropolitana,DEF-0358,9.0,Consumado,35,no,0,0.32433227,1,1,base,drug_trafficking,normal,"[""No favorable"", ""Salida favorable""]"
4695,Antofagasta,DEF-0017,4.0,Consumado,34,no,0,0.22351974,0,0,base,drug_trafficking,normal,"[""No favorable"", ""Salida favorable""]"
7494,Arica y Parinacota,DEF-0235,13.0,Consumado,18,no,0,0.26423907,0,0,base,drug_trafficking,normal,"[""No favorable"", ""Salida favorable""]"
7827,Atacama,DEF-0241,4.0,Consumado,21,yes,1,0.99864805,1,1,base,drug_trafficking,normal,"[""No favorable"", ""Salida favorable""]"
16098,Metropolitana,DEF-0043,2.0,Consumado,48,no,0,0.2744751,1,1,base,drug_trafficking,normal,"[""No favorable"", ""Salida favorable""]"
14209,Los Lagos,DEF-0879,3.0,Consumado,26,no,0,0.27643338,1,1,base,drug_trafficking,normal,"[""No favorable"", ""Salida favorable""]"
15220,Tarapacá,DEF-0113,3.0,Consumado,33,yes,1,0.99929047,1,1,base,drug_trafficking,normal,"[""No favorable"", ""Salida favorable""]"
836,Tarapacá,DEF-0083,6.0,Consumado,26,no,0,0.27271208,0,0,base,drug_trafficking,normal,"[""No favorable"", ""Salida favorable""]"
11202,Tarapacá,DEF-0102,1.0,Consumado,18,no,0,0.2754802,0,0,base,drug_trafficking,normal,"[""No favorable"", ""Salida favorable""]"
8401,Metropolitana,DEF-0205,6.0,Consumado,41,no,0,0.36243236,1,1,base,drug_trafficking,normal,"[""No favorable"", ""Salida favorable""]"
1773,Tarapacá,DEF-0100,6.0,Consumado,18,no,0,0.28333226,0,0,base,drug_trafficking,normal,"[""No favorable"", ""Salida favorable""]"
9177,Tarapacá,DEF-0124,6.0,Consumado,39,yes,1,0.9991871,1,1,base,drug_trafficking,normal,"[""No favorable"", ""Salida favorable""]"
4284,Metropolitana,DEF-0666,11.0,Consumado,34,no,0,0.28537095,1,1,base,drug_trafficking,normal,"[""No favorable"", ""Salida favorable""]"
2323,Tarapacá,DEF-0100,6.0,Consumado,18,yes,1,0.99941343,1,1,base,drug_trafficking,normal,"[""No favorable"", ""Salida favorable""]"
15333,Valparaíso,DEF-0561,5.0,Consumado,27,no,0,0.28899604,0,0,base,drug_trafficking,normal,"[""No favorable"", ""Salida favorable""]"
2802,Tarapacá,DEF-0102,4.0,Consumado,30,yes,1,0.9993762,1,1,base,drug_trafficking,normal,"[""No favorable"", ""Salida favorable""]"
15994,Antofagasta,DEF-0011,3.0,Consumado,22,yes,1,0.99945706,1,1,base,drug_trafficking,normal,"[""No favorable"", ""Salida favorable""]"
8878,Antofagasta,DEF-0352,3.0,Consumado,26,yes,1,0.9974402,1,1,base,drug_trafficking,normal,"[""No favorable"", ""Salida favorable""]"
12372,Metropolitana,DEF-0082,1.0,Consumado,38,no,0,0.26572612,0,0,base,drug_trafficking,normal,"[""No favorable"", ""Salida favorable""]"
9013,Tarapacá,DEF-0106,2.0,Consumado,33,yes,1,0.99933845,1,1,base,drug_trafficking,normal,"[""No favorable"", ""Salida favorable""]"
15591,Metropolitana,DEF-0860,4.0,Consumado,21,yes,1,0.96174365,1,1,base,drug_trafficking,normal,"[""No favorable"", ""Salida favorable""]"
16448,Bio Bío,DEF-0506,0.0,Consumado,21,no,0,0.31675974,0,0,base,drug_trafficking,normal,"[""No favorable"", ""Salida favorable""]"
1869,La Araucanía,DEF-0167,9.0,Consumado,25,no,0,0.43976992,1,1,base,drug_trafficking,normal,"[""No favorable"", ""Salida favorable""]"
15652,Metropolitana,DEF-0024,0.0,Consumado,21,no,0,0.33744183,0,0,base,drug_trafficking,normal,"[""No favorable"", ""Salida favorable""]"
12958,Tarapacá,DEF-0251,5.0,Consumado,22,yes,1,0.99814874,1,1,base,drug_trafficking,normal,"[""No favorable"", ""Salida favorable""]"
10392,Tarapacá,DEF-0106,5.0,Consumado,27,yes,1,0.99936134,1,1,base,drug_trafficking,normal,"[""No favorable"", ""Salida favorable""]"
14558,Metropolitana,DEF-0212,3.0,Consumado,24,no,0,0.35520798,1,1,base,drug_trafficking,normal,"[""No favorable"", ""Salida favorable""]"
3016,La Araucanía,DEF-0405,3.0,Consumado,46,no,0,0.33493552,1,1,base,drug_trafficking,normal,"[""No favorable"", ""Salida favorable""]"
1901,Arica y Parinacota,DEF-0284,5.0,Consumado,24,no,0,0.24449657,0,0,base,drug_trafficking,normal,"[""No favorable"", ""Salida favorable""]"
13286,Maule,DEF-0335,4.0,Consumado,21,no,0,0.32872042,1,1,base,drug_trafficking,normal,"[""No favorable"", ""Salida favorable""]"
8157,Libertador Bernardo O'Higgins,DEF-0702,11.0,Consumado,23,no,0,0.28986046,1,1,base,drug_trafficking,normal,"[""No favorable"", ""Salida favorable""]"
14231,La Araucanía,DEF-0463,2.0,Consumado,24,no,0,0.32024497,0,0,base,drug_trafficking,normal,"[""No favorable"", ""Salida favorable""]"
8758,Tarapacá,DEF-0153,0.0,Consumado,27,no,0,0.33361655,0,0,base,drug_trafficking,normal,"[""No favorable"", ""Salida favorable""]"
15398,Tarapacá,DEF-0202,7.0,Consumado,32,yes,1,0.99841934,1,1,base,drug_trafficking,normal,"[""No favorable"", ""Salida favorable""]"
10841,Antofagasta,DEF-0042,4.0,Consumado,25,yes,1,0.9994282,1,1,base,drug_trafficking,normal,"[""No favorable"", ""Salida favorable""]"
6565,Tarapacá,DEF-0660,2.0,Consumado,32,yes,1,0.9892751,1,1,base,drug_trafficking,normal,"[""No favorable"", ""Salida favorable""]"
16018,Tarapacá,DEF-0317,4.0,Consumado,38,yes,1,0.99775666,1,1,base,drug_trafficking,normal,"[""No favorable"", ""Salida favorable""]"
8691,Tarapacá,DEF-0732,3.0,Consumado,33,yes,1,0.9826776,1,1,base,drug_trafficking,normal,"[""No favorable"", ""Salida favorable""]"
566,Tarapacá,DEF-0153,3.0,Consumado,20,no,0,0.34062818,0,0,base,drug_trafficking,normal,"[""No favorable"", ""Salida favorable""]"
18,Valparaíso,DEF-0015,4.0,Consumado,18,no,0,0.3432717,1,1,base,drug_trafficking,normal,"[""No favorable"", ""Salida favorable""]"
8650,Antofagasta,DEF-0189,7.0,Consumado,22,no,0,0.24284714,1,1,base,drug_trafficking,normal,"[""No favorable"", ""Salida favorable""]"
4579,Bio Bío,DEF-0618,8.0,Consumado,19,no,0,0.3023841,1,1,base,drug_trafficking,normal,"[""No favorable"", ""Salida favorable""]"
6121,Tarapacá,DEF-0153,6.0,Consumado,38,no,0,0.34111357,1,1,base,drug_trafficking,normal,"[""No favorable"", ""Salida favorable""]"
5673,Metropolitana,DEF-0519,10.0,Consumado,34,no,0,0.2991636,0,0,base,drug_trafficking,normal,"[""No favorable"", ""Salida favorable""]"
2582,Arica y Parinacota,DEF-0464,12.0,Consumado,24,yes,1,0.9979454,1,1,base,drug_trafficking,normal,"[""No favorable"", ""Salida favorable""]"
15715,Metropolitana,DEF-0139,3.0,Consumado,20,no,0,0.34309217,0,0,base,drug_trafficking,normal,"[""No favorable"", ""Salida favorable""]"
4139,Tarapacá,DEF-0188,2.0,Consumado,36,yes,1,0.99848175,1,1,base,drug_trafficking,normal,"[""No favorable"", ""Salida favorable""]"
3126,La Araucanía,DEF-0127,4.0,Consumado,28,no,0,0.43524235,1,1,base,drug_trafficking,normal,"[""No favorable"", ""Salida favorable""]"
16436,Atacama,DEF-0241,3.0,Consumado,22,no,0,0.35238844,0,0,base,drug_trafficking,normal,"[""No favorable"", ""Salida favorable""]"
6592,Tarapacá,DEF-0533,4.0,Consumado,30,yes,1,0.9950462,1,1,base,drug_trafficking,normal,"[""No favorable"", ""Salida favorable""]"
16208,Antofagasta,DEF-0352,6.0,Consumado,18,no,0,0.20120099,0,0,base,drug_trafficking,normal,"[""No favorable"", ""Salida favorable""]"
14674,Metropolitana,DEF-0668,1.0,Consumado,42,no,0,0.2830119,0,0,base,drug_trafficking,normal,"[""No favorable"", ""Salida favorable""]"
16681,La Araucanía,DEF-0708,1.0,Consumado,38,no,0,0.2883471,0,0,base,drug_trafficking,normal,"[""No favorable"", ""Salida favorable""]"
2411,Tarapacá,DEF-0188,3.0,Consumado,18,yes,1,0.99853337,1,1,base,drug_trafficking,normal,"[""No favorable"", ""Salida favorable""]"
6494,Libertador Bernardo O'Higgins,DEF-0090,1.0,Consumado,21,no,0,0.37122533,1,1,base,drug_trafficking,normal,"[""No favorable"", ""Salida favorable""]"
16089,Tarapacá,DEF-0884,4.0,Consumado,38,yes,1,0.94834816,1,1,base,drug_trafficking,normal,"[""No favorable"", ""Salida favorable""]"
5009,Libertador Bernardo O'Higgins,DEF-0702,12.0,Consumado,32,no,0,0.29038537,1,1,base,drug_trafficking,normal,"[""No favorable"", ""Salida favorable""]"
625,Atacama,DEF-0266,5.0,Consumado,34,no,0,0.32866222,1,1,base,drug_trafficking,normal,"[""No favorable"", ""Salida favorable""]"
11309,Tarapacá,DEF-0252,7.0,Consumado,23,no,0,0.34297973,0,0,base,drug_trafficking,normal,"[""No favorable"", ""Salida favorable""]"
2877,Antofagasta,DEF-0051,8.0,Consumado,32,no,0,0.26263344,0,0,base,drug_trafficking,normal,"[""No favorable"", ""Salida favorable""]"
6926,Valparaíso,DEF-0172,1.0,Consumado,18,no,0,0.3377139,0,0,base,drug_trafficking,normal,"[""No favorable"", ""Salida favorable""]"
14652,Tarapacá,DEF-0473,6.0,Consumado,18,yes,1,0.99631906,1,1,base,drug_trafficking,normal,"[""No favorable"", ""Salida favorable""]"
3348,Tarapacá,DEF-0188,2.0,Consumado,22,yes,1,0.9985163,1,1,base,drug_trafficking,normal,"[""No favorable"", ""Salida favorable""]"
5422,Atacama,DEF-0374,2.0,Consumado,18,no,0,0.30707225,0,0,base,drug_trafficking,normal,"[""No favorable"", ""Salida favorable""]"
13480,Atacama,DEF-0812,5.0,Consumado,19,no,0,0.24671721,1,1,base,drug_trafficking,normal,"[""No favorable"", ""Salida favorable""]"
990,Arica y Parinacota,DEF-0118,10.0,Consumado,18,no,0,0.31470677,0,0,base,drug_trafficking,normal,"[""No favorable"", ""Salida favorable""]"
4675,Antofagasta,DEF-0011,8.0,Consumado,22,no,0,0.2352686,0,0,base,drug_trafficking,normal,"[""No favorable"", ""Salida favorable""]"
7882,Maule,DEF-0298,1.0,Consumado,26,no,0,0.33579606,0,0,base,drug_trafficking,normal,"[""No favorable"", ""Salida favorable""]"
8940,Metropolitana,DEF-0018,3.0,Consumado,24,no,0,0.36133346,0,0,base,drug_trafficking,normal,"[""No favorable"", ""Salida favorable""]"
933,Maule,DEF-0372,7.0,Consumado,31,no,0,0.32351196,1,1,base,drug_trafficking,normal,"[""No favorable"", ""Salida favorable""]"
3983,Metropolitana,DEF-0645,4.0,Consumado,27,no,0,0.28502455,0,0,base,drug_trafficking,normal,"[""No favorable"", ""Salida favorable""]"
13003,Metropolitana,DEF-0278,7.0,Consumado,24,no,0,0.34135288,1,1,base,drug_trafficking,normal,"[""No favorable"", ""Salida favorable""]"
15145,Arica y Parinacota,DEF-0031,6.0,Consumado,23,yes,1,0.99952894,1,1,base,drug_trafficking,normal,"[""No favorable"", ""Salida favorable""]"
9107,Arica y Parinacota,DEF-0309,8.0,Consumado,27,yes,1,0.9983869,1,1,base,drug_trafficking,normal,"[""No favorable"", ""Salida favorable""]"
6523,Coquimbo,DEF-0555,2.0,Consumado,30,yes,1,0.99708587,1,1,base,drug_trafficking,normal,"[""No favorable"", ""Salida favorable""]"
7293,Ñuble,DEF-0254,8.0,Consumado,23,yes,1,0.99799955,1,1,base,drug_trafficking,normal,"[""No favorable"", ""Salida favorable""]"
15699,Atacama,DEF-0054,3.0,Consumado,32,yes,1,0.9994955,1,1,base,drug_trafficking,normal,"[""No favorable"", ""Salida favorable""]"
11707,Tarapacá,DEF-0058,7.0,Consumado,18,yes,1,0.99948174,1,1,base,drug_trafficking,normal,"[""No favorable"", ""Salida favorable""]"
14233,Antofagasta,DEF-0246,2.0,Consumado,35,no,0,0.2201244,1,1,base,drug_trafficking,normal,"[""No favorable"", ""Salida favorable""]"
3510,Antofagasta,DEF-0059,5.0,Consumado,28,no,0,0.26181123,0,0,base,drug_trafficking,normal,"[""No favorable"", ""Salida favorable""]"
716,Arica y Parinacota,DEF-0118,11.0,Consumado,31,yes,1,0.9990112,1,1,base,drug_trafficking,normal,"[""No favorable"", ""Salida favorable""]"
7773,Tarapacá,DEF-0106,7.0,Consumado,18,no,0,0.29168355,0,0,base,drug_trafficking,normal,"[""No favorable"", ""Salida favorable""]"
11896,Atacama,DEF-0482,8.0,Consumado,20,no,0,0.2782722,0,0,base,drug_trafficking,normal,"[""No favorable"", ""Salida favorable""]"
1226,Metropolitana,DEF-0273,2.0,Consumado,32,no,0,0.33865,0,0,base,drug_trafficking,normal,"[""No favorable"", ""Salida favorable""]"
14014,Valparaíso,DEF-0642,5.0,Consumado,36,no,0,0.2830478,0,0,base,drug_trafficking,normal,"[""No favorable"", ""Salida favorable""]"
8502,Tarapacá,DEF-0315,13.0,Consumado,22,no,0,0.33235016,0,0,base,drug_trafficking,normal,"[""No favorable"", ""Salida favorable""]"
4439,Coquimbo,DEF-0397,7.0,Consumado,25,no,0,0.34371552,0,0,base,drug_trafficking,normal,"[""No favorable"", ""Salida favorable""]"
8125,Arica y Parinacota,DEF-0044,15.0,Consumado,18,no,0,0.31896782,0,0,base,drug_trafficking,normal,"[""No favorable"", ""Salida favorable""]"
13162,Los Ríos,DEF-0196,2.0,Consumado,35,no,0,0.38271287,0,0,base,drug_trafficking,normal,"[""No favorable"", ""Salida favorable""]"
11310,Tarapacá,DEF-0058,5.0,Consumado,24,yes,1,0.99947125,1,1,base,drug_trafficking,normal,"[""No favorable"", ""Salida favorable""]"
2345,Metropolitana,DEF-0312,19.0,Consumado,35,no,0,0.34611362,0,0,base,drug_trafficking,normal,"[""No favorable"", ""Salida favorable""]"
11427,Metropolitana,DEF-0414,8.0,Consumado,18,no,0,0.31211638,0,0,base,drug_trafficking,normal,"[""No favorable"", ""Salida favorable""]"
1964,Valparaíso,DEF-0319,4.0,Consumado,26,yes,1,0.9976482,1,1,base,drug_trafficking,normal,"[""No favorable"", ""Salida favorable""]"
13296,Metropolitana,DEF-0820,11.0,Consumado,20,no,0,0.27658853,1,1,base,drug_trafficking,normal,"[""No favorable"", ""Salida favorable""]"
8540,Arica y Parinacota,DEF-0383,17.0,Consumado,18,yes,1,0.9982482,1,1,base,drug_trafficking,normal,"[""No favorable"", ""Salida favorable""]"
9550,Antofagasta,DEF-0750,3.0,Consumado,18,yes,1,0.9917012,1,1,base,drug_trafficking,normal,"[""No favorable"", ""Salida favorable""]"
10374,Coquimbo,DEF-0555,9.0,Consumado,24,no,0,0.3112647,1,1,base,drug_trafficking,normal,"[""No favorable"", ""Salida favorable""]"
13790,Arica y Parinacota,DEF-0309,11.0,Consumado,18,no,0,0.2412811,1,1,base,drug_trafficking,normal,"[""No favorable"", ""Salida favorable""]"
7213,Valparaíso,DEF-0632,4.0,Consumado,18,yes,1,0.9901997,1,1,base,drug_trafficking,normal,"[""No favorable"", ""Salida favorable""]"
2648,Tarapacá,DEF-0106,2.0,Consumado,18,no,0,0.2816636,0,0,base,drug_trafficking,normal,"[""No favorable"", ""Salida favorable""]"
14202,Antofagasta,DEF-0683,5.0,Consumado,25,no,0,0.16963668,1,1,base,drug_trafficking,normal,"[""No favorable"", ""Salida favorable""]"
14678,Tarapacá,DEF-0106,5.0,Consumado,25,yes,1,0.99936527,1,1,base,drug_trafficking,normal,"[""No favorable"", ""Salida favorable""]"
4701,Metropolitana,DEF-0690,7.0,Consumado,30,yes,1,0.9947388,1,1,base,drug_trafficking,normal,"[""No favorable"", ""Salida favorable""]"
57,Valparaíso,DEF-0019,2.0,Consumado,18,no,0,0.3649391,0,0,base,drug_trafficking,normal,"[""No favorable"", ""Salida favorable""]"
13830,Metropolitana,DEF-0613,7.0,Consumado,30,no,0,0.28831926,0,0,base,drug_trafficking,normal,"[""No favorable"", ""Salida favorable""]"
5360,Tarapacá,DEF-0102,4.0,Consumado,23,yes,1,0.99938923,1,1,base,drug_trafficking,normal,"[""No favorable"", ""Salida favorable""]"
9555,Metropolitana,DEF-0061,2.0,Consumado,37,yes,1,0.9994638,1,1,base,drug_trafficking,normal,"[""No favorable"", ""Salida favorable""]"
993,Bio Bío,DEF-0275,15.0,Consumado,18,no,0,0.40838963,1,1,base,drug_trafficking,normal,"[""No favorable"", ""Salida favorable""]"
16645,Metropolitana,DEF-0043,0.0,Consumado,31,no,0,0.29315862,0,0,base,drug_trafficking,normal,"[""No favorable"", ""Salida favorable""]"
7145,Metropolitana,DEF-0288,1.0,Consumado,36,no,0,0.33416173,0,0,base,drug_trafficking,normal,"[""No favorable"", ""Salida favorable""]"
2659,Los Ríos,DEF-0299,13.0,Consumado,29,no,0,0.35963303,0,0,base,drug_trafficking,normal,"[""No favorable"", ""Salida favorable""]"
2624,Atacama,DEF-0340,2.0,Consumado,22,no,0,0.31366554,0,0,base,drug_trafficking,normal,"[""No favorable"", ""Salida favorable""]"
2882,Tarapacá,DEF-0106,2.0,Consumado,18,yes,1,0.99936897,1,1,base,drug_trafficking,normal,"[""No favorable"", ""Salida favorable""]"
14418,Arica y Parinacota,DEF-0263,12.0,Consumado,31,yes,1,0.99844027,1,1,base,drug_trafficking,normal,"[""No favorable"", ""Salida favorable""]"
5864,Coquimbo,DEF-0508,6.0,Consumado,26,no,0,0.31782213,1,1,base,drug_trafficking,normal,"[""No favorable"", ""Salida favorable""]"
5237,Tarapacá,DEF-0317,3.0,Consumado,18,yes,1,0.99778175,1,1,base,drug_trafficking,normal,"[""No favorable"", ""Salida favorable""]"
843,Antofagasta,DEF-0352,8.0,Consumado,37,no,0,0.20052515,0,0,base,drug_trafficking,normal,"[""No favorable"", ""Salida favorable""]"
7896,Los Lagos,DEF-0143,6.0,Consumado,28,no,0,0.4105327,1,1,base,drug_trafficking,normal,"[""No favorable"", ""Salida favorable""]"
8378,Tarapacá,DEF-0106,7.0,Consumado,19,no,0,0.29101962,0,0,base,drug_trafficking,normal,"[""No favorable"", ""Salida favorable""]"
867,Metropolitana,DEF-0358,9.0,Consumado,19,no,0,0.3230678,0,0,base,drug_trafficking,normal,"[""No favorable"", ""Salida favorable""]"
2942,Libertador Bernardo O'Higgins,DEF-0586,3.0,Consumado,18,no,0,0.29887858,0,0,base,drug_trafficking,normal,"[""No favorable"", ""Salida favorable""]"
141,Metropolitana,DEF-0080,2.0,Consumado,39,no,0,0.26730984,0,0,base,drug_trafficking,normal,"[""No favorable"", ""Salida favorable""]"
2244,Tarapacá,DEF-0317,3.0,Consumado,43,yes,1,0.99773103,1,1,base,drug_trafficking,normal,"[""No favorable"", ""Salida favorable""]"
16053,Antofagasta,DEF-0821,3.0,Consumado,41,yes,1,0.98410255,1,1,base,drug_trafficking,normal,"[""No favorable"", ""Salida favorable""]"
16688,Metropolitana,DEF-0584,1.0,Consumado,19,no,0,0.28897843,0,0,base,drug_trafficking,normal,"[""No favorable"", ""Salida favorable""]"
10054,Tarapacá,DEF-0317,6.0,Consumado,45,no,0,0.3281648,0,0,base,drug_trafficking,normal,"[""No favorable"", ""Salida favorable""]"
15414,Tarapacá,DEF-0058,4.0,Consumado,18,no,0,0.3056074,0,0,base,drug_trafficking,normal,"[""No favorable"", ""Salida favorable""]"
11992,Libertador Bernardo O'Higgins,DEF-0865,8.0,Consumado,29,no,0,0.27858135,1,1,base,drug_trafficking,normal,"[""No favorable"", ""Salida favorable""]"
1504,Libertador Bernardo O'Higgins,DEF-0468,6.0,Consumado,34,no,0,0.31876558,0,0,base,drug_trafficking,normal,"[""No favorable"", ""Salida favorable""]"
11439,Valparaíso,DEF-0207,12.0,Consumado,18,no,0,0.353189,1,1,base,drug_trafficking,normal,"[""No favorable"", ""Salida favorable""]"
3266,Maule,DEF-0001,13.0,Consumado,25,no,0,0.17843531,1,1,base,drug_trafficking,normal,"[""No favorable"", ""Salida favorable""]"
3355,Antofagasta,DEF-0274,6.0,Consumado,18,no,0,0.21732642,0,0,base,drug_trafficking,normal,"[""No favorable"", ""Salida favorable""]"
3992,Magallanes y Antártica Chilena,DEF-0648,3.0,Consumado,21,no,0,0.287323,1,1,base,drug_trafficking,normal,"[""No favorable"", ""Salida favorable""]"
2214,Valparaíso,DEF-0532,4.0,Consumado,21,no,0,0.29117915,0,0,base,drug_trafficking,normal,"[""No favorable"", ""Salida favorable""]"
7706,Tarapacá,DEF-0004,9.0,Consumado,18,no,0,0.17317809,1,1,base,drug_trafficking,normal,"[""No favorable"", ""Salida favorable""]"
13554,Metropolitana,DEF-0441,3.0,Consumado,19,yes,1,0.9968956,1,1,base,drug_trafficking,normal,"[""No favorable"", ""Salida favorable""]"
3734,Tarapacá,DEF-0106,2.0,Consumado,25,yes,1,0.9993553,1,1,base,drug_trafficking,normal,"[""No favorable"", ""Salida favorable""]"
16671,Metropolitana,DEF-0022,2.0,Consumado,18,no,0,0.35339928,0,0,base,drug_trafficking,normal,"[""No favorable"", ""Salida favorable""]"
4289,Metropolitana,DEF-0501,11.0,Consumado,23,no,0,0.30119163,1,1,base,drug_trafficking,normal,"[""No favorable"", ""Salida favorable""]"
9360,Arica y Parinacota,DEF-0235,1.0,Consumado,19,no,0,0.26382312,0,0,base,drug_trafficking,normal,"[""No favorable"", ""Salida favorable""]"
9344,Tarapacá,DEF-0102,7.0,Consumado,30,yes,1,0.9993853,1,1,base,drug_trafficking,normal,"[""No favorable"", ""Salida favorable""]"
3845,Maule,DEF-0344,12.0,Consumado,24,no,0,0.3333799,0,0,base,drug_trafficking,normal,"[""No favorable"", ""Salida favorable""]"
9018,Tarapacá,DEF-0660,3.0,Consumado,18,yes,1,0.9894599,1,1,base,drug_trafficking,normal,"[""No favorable"", ""Salida favorable""]"
1276,Metropolitana,DEF-0183,7.0,Consumado,18,no,0,0.36576134,0,0,base,drug_trafficking,normal,"[""No favorable"", ""Salida favorable""]"
15420,Arica y Parinacota,DEF-0225,10.0,Consumado,18,no,0,0.26765224,0,0,base,drug_trafficking,normal,"[""No favorable"", ""Salida favorable""]"
13044,Los Lagos,DEF-0575,4.0,Consumado,20,no,0,0.29839844,0,0,base,drug_trafficking,normal,"[""No favorable"", ""Salida favorable""]"
4000,Metropolitana,DEF-0456,7.0,Consumado,18,no,0,0.30519578,1,1,base,drug_trafficking,normal,"[""No favorable"", ""Salida favorable""]"
16214,Tarapacá,DEF-0660,5.0,Consumado,22,yes,1,0.9898745,1,1,base,drug_trafficking,normal,"[""No favorable"", ""Salida favorable""]"
9342,Coquimbo,DEF-0323,8.0,Consumado,28,no,0,0.37038925,0,0,base,drug_trafficking,normal,"[""No favorable"", ""Salida favorable""]"
669,Valparaíso,DEF-0019,7.0,Consumado,22,no,0,0.38111463,0,0,base,drug_trafficking,normal,"[""No favorable"", ""Salida favorable""]"
6709,Antofagasta,DEF-0166,8.0,Consumado,18,no,0,0.25315958,0,0,base,drug_trafficking,normal,"[""No favorable"", ""Salida favorable""]"
13198,Antofagasta,DEF-0274,5.0,Consumado,19,no,0,0.21665476,1,1,base,drug_trafficking,normal,"[""No favorable"", ""Salida favorable""]"
8854,Arica y Parinacota,DEF-0230,4.0,Consumado,27,no,0,0.25878564,1,1,base,drug_trafficking,normal,"[""No favorable"", ""Salida favorable""]"
3790,La Araucanía,DEF-0534,2.0,Consumado,27,no,0,0.30827287,0,0,base,drug_trafficking,normal,"[""No favorable"", ""Salida favorable""]"
12136,Tarapacá,DEF-0102,4.0,Consumado,30,yes,1,0.9993762,1,1,base,drug_trafficking,normal,"[""No favorable"", ""Salida favorable""]"
4996,Metropolitana,DEF-0095,3.0,Consumado,18,no,0,0.2873575,0,0,base,drug_trafficking,normal,"[""No favorable"", ""Salida favorable""]"
4765,Tarapacá,DEF-0124,3.0,Consumado,29,yes,1,0.9992014,1,1,base,drug_trafficking,normal,"[""No favorable"", ""Salida favorable""]"
11894,Tarapacá,DEF-0251,3.0,Consumado,32,yes,1,0.9981127,1,1,base,drug_trafficking,normal,"[""No favorable"", ""Salida favorable""]"
11792,Metropolitana,DEF-0003,3.0,Consumado,22,no,0,0.16538996,0,0,base,drug_trafficking,normal,"[""No favorable"", ""Salida favorable""]"
9378,Libertador Bernardo O'Higgins,DEF-0181,17.0,Consumado,22,no,0,0.4384929,1,1,base,drug_trafficking,normal,"[""No favorable"", ""Salida favorable""]"
14730,Bio Bío,DEF-0260,5.0,Consumado,38,no,0,0.4012067,0,0,base,drug_trafficking,normal,"[""No favorable"", ""Salida favorable""]"
16254,Antofagasta,DEF-0788,6.0,Consumado,28,no,0,0.16542906,0,0,base,drug_trafficking,normal,"[""No favorable"", ""Salida favorable""]"
5921,Metropolitana,DEF-0736,3.0,Consumado,30,no,0,0.27933335,1,1,base,drug_trafficking,normal,"[""No favorable"", ""Salida favorable""]"
15832,Maule,DEF-0467,6.0,Consumado,30,no,0,0.30621508,0,0,base,drug_trafficking,normal,"[""No favorable"", ""Salida favorable""]"
3423,Bio Bío,DEF-0155,2.0,Consumado,29,no,0,0.4535673,1,1,base,drug_trafficking,normal,"[""No favorable"", ""Salida favorable""]"
12273,Tarapacá,DEF-0315,4.0,Consumado,18,no,0,0.32486552,0,0,base,drug_trafficking,normal,"[""No favorable"", ""Salida favorable""]"
15103,Maule,DEF-0785,10.0,Consumado,26,no,0,0.2790238,0,0,base,drug_trafficking,normal,"[""No favorable"", ""Salida favorable""]"
4501,Antofagasta,DEF-0166,3.0,Consumado,18,no,0,0.24806514,0,0,base,drug_trafficking,normal,"[""No favorable"", ""Salida favorable""]"
16599,Metropolitana,DEF-0139,2.0,Consumado,21,no,0,0.34080353,0,0,base,drug_trafficking,normal,"[""No favorable"", ""Salida favorable""]"
4871,Tarapacá,DEF-0124,6.0,Consumado,18,yes,1,0.99924403,1,1,base,drug_trafficking,normal,"[""No favorable"", ""Salida favorable""]"
7512,Tarapacá,DEF-0660,4.0,Consumado,19,no,0,0.28271163,0,0,base,drug_trafficking,normal,"[""No favorable"", ""Salida favorable""]"
3949,Valparaíso,DEF-0604,9.0,Consumado,18,no,0,0.28639314,0,0,base,drug_trafficking,normal,"[""No favorable"", ""Salida favorable""]"
2342,Tarapacá,DEF-0106,2.0,Consumado,25,yes,1,0.9993553,1,1,base,drug_trafficking,normal,"[""No favorable"", ""Salida favorable""]"
540,Atacama,DEF-0054,20.0,Consumado,22,no,0,0.43130013,1,1,base,drug_trafficking,normal,"[""No favorable"", ""Salida favorable""]"
3336,Tarapacá,DEF-0317,5.0,Consumado,27,yes,1,0.99779415,1,1,base,drug_trafficking,normal,"[""No favorable"", ""Salida favorable""]"
10791,Antofagasta,DEF-0314,4.0,Consumado,31,yes,1,0.99746794,1,1,base,drug_trafficking,normal,"[""No favorable"", ""Salida favorable""]"
2308,Valparaíso,DEF-0286,7.0,Consumado,38,no,0,0.3310998,1,1,base,drug_trafficking,normal,"[""No favorable"", ""Salida favorable""]"
8434,Aysén,DEF-0424,5.0,Consumado,32,no,0,0.33056563,0,0,base,drug_trafficking,normal,"[""No favorable"", ""Salida favorable""]"
13695,Metropolitana,DEF-0161,3.0,Consumado,28,no,0,0.35612568,1,1,base,drug_trafficking,normal,"[""No favorable"", ""Salida favorable""]"
6851,Tarapacá,DEF-0533,3.0,Consumado,33,yes,1,0.9949696,1,1,base,drug_trafficking,normal,"[""No favorable"", ""Salida favorable""]"
11168,Metropolitana,DEF-0386,1.0,Consumado,43,no,0,0.31390724,0,0,base,drug_trafficking,normal,"[""No favorable"", ""Salida favorable""]"
7009,Libertador Bernardo O'Higgins,DEF-0526,2.0,Consumado,19,no,0,0.3065647,0,0,base,drug_trafficking,normal,"[""No favorable"", ""Salida favorable""]"
14294,Tarapacá,DEF-0100,8.0,Consumado,19,no,0,0.2868548,0,0,base,drug_trafficking,normal,"[""No favorable"", ""Salida favorable""]"
630,Tarapacá,DEF-0270,12.0,Consumado,27,no,0,0.3438388,0,0,base,drug_trafficking,normal,"[""No favorable"", ""Salida favorable""]"
314,Metropolitana,DEF-0126,16.0,Consumado,23,no,0,0.35598296,1,1,base,drug_trafficking,normal,"[""No favorable"", ""Salida favorable""]"
12285,Metropolitana,DEF-0112,1.0,Consumado,41,no,0,0.28974319,0,0,base,drug_trafficking,normal,"[""No favorable"", ""Salida favorable""]"
898,Tarapacá,DEF-0106,5.0,Consumado,30,yes,1,0.99935526,1,1,base,drug_trafficking,normal,"[""No favorable"", ""Salida favorable""]"
13487,La Araucanía,DEF-0167,1.0,Consumado,21,no,0,0.42133766,1,1,base,drug_trafficking,normal,"[""No favorable"", ""Salida favorable""]"
12434,Tarapacá,DEF-0861,7.0,Consumado,22,no,0,0.2739269,0,0,base,drug_trafficking,normal,"[""No favorable"", ""Salida favorable""]"
3692,Tarapacá,DEF-0106,2.0,Consumado,26,no,0,0.27664077,0,0,base,drug_trafficking,normal,"[""No favorable"", ""Salida favorable""]"
6336,Tarapacá,DEF-0073,5.0,Consumado,39,yes,1,0.9994533,1,1,base,drug_trafficking,normal,"[""No favorable"", ""Salida favorable""]"
7440,Tarapacá,DEF-0102,4.0,Consumado,23,yes,1,0.99938923,1,1,base,drug_trafficking,normal,"[""No favorable"", ""Salida favorable""]"
5890,Antofagasta,DEF-0059,6.0,Consumado,30,yes,1,0.99933136,1,1,base,drug_trafficking,normal,"[""No favorable"", ""Salida favorable""]"
11545,Valparaíso,DEF-0771,12.0,Consumado,33,no,0,0.27737656,1,1,base,drug_trafficking,normal,"[""No favorable"", ""Salida favorable""]"
9734,Tarapacá,DEF-0153,0.0,Consumado,33,no,0,0.33178583,0,0,base,drug_trafficking,normal,"[""No favorable"", ""Salida favorable""]"
1764,Tarapacá,DEF-0100,7.0,Consumado,25,yes,1,0.99940467,1,1,base,drug_trafficking,normal,"[""No favorable"", ""Salida favorable""]"
12163,Metropolitana,DEF-0653,10.0,Consumado,28,no,0,0.28589293,0,0,base,drug_trafficking,normal,"[""No favorable"", ""Salida favorable""]"
4522,Antofagasta,DEF-0059,4.0,Consumado,22,yes,1,0.99936223,1,1,base,drug_trafficking,normal,"[""No favorable"", ""Salida favorable""]"
14404,Metropolitana,DEF-0901,1.0,Consumado,23,no,0,0.27270922,1,1,base,drug_trafficking,normal,"[""No favorable"", ""Salida favorable""]"
1618,Maule,DEF-0329,5.0,Consumado,20,no,0,0.33088544,1,1,base,drug_trafficking,normal,"[""No favorable"", ""Salida favorable""]"
194,Valparaíso,DEF-0134,4.0,Consumado,32,no,0,0.3012911,1,1,base,drug_trafficking,normal,"[""No favorable"", ""Salida favorable""]"
9416,Tarapacá,DEF-0124,4.0,Consumado,32,yes,1,0.9991978,1,1,base,drug_trafficking,normal,"[""No favorable"", ""Salida favorable""]"
3292,Tarapacá,DEF-0106,2.0,Consumado,18,yes,1,0.99936897,1,1,base,drug_trafficking,normal,"[""No favorable"", ""Salida favorable""]"
10499,Tarapacá,DEF-0251,4.0,Consumado,18,yes,1,0.9981455,1,1,base,drug_trafficking,normal,"[""No favorable"", ""Salida favorable""]"
14540,Antofagasta,DEF-0352,6.0,Consumado,35,no,0,0.19968024,0,0,base,drug_trafficking,normal,"[""No favorable"", ""Salida favorable""]"
9295,Metropolitana,DEF-0129,3.0,Consumado,25,no,0,0.32879192,0,0,base,drug_trafficking,normal,"[""No favorable"", ""Salida favorable""]"
10652,Arica y Parinacota,DEF-0600,4.0,Consumado,27,no,0,0.19691975,0,0,base,drug_trafficking,normal,"[""No favorable"", ""Salida favorable""]"
2732,Tarapacá,DEF-0301,6.0,Consumado,27,no,0,0.33021986,0,0,base,drug_trafficking,normal,"[""No favorable"", ""Salida favorable""]"
16470,Bio Bío,DEF-0506,1.0,Consumado,26,no,0,0.31725255,0,0,base,drug_trafficking,normal,"[""No favorable"", ""Salida favorable""]"
2500,Metropolitana,DEF-0043,7.0,Consumado,35,no,0,0.30563495,0,0,base,drug_trafficking,normal,"[""No favorable"", ""Salida favorable""]"
13539,Magallanes y Antártica Chilena,DEF-0469,6.0,Consumado,18,no,0,0.3082457,1,1,base,drug_trafficking,normal,"[""No favorable"", ""Salida favorable""]"
10194,Arica y Parinacota,DEF-0309,8.0,Consumado,19,yes,1,0.9984275,1,1,base,drug_trafficking,normal,"[""No favorable"", ""Salida favorable""]"
603,Valparaíso,DEF-0279,9.0,Consumado,35,no,0,0.33433717,1,1,base,drug_trafficking,normal,"[""No favorable"", ""Salida favorable""]"
10480,Los Ríos,DEF-0845,2.0,Consumado,18,no,0,0.16477962,1,1,base,drug_trafficking,normal,"[""No favorable"", ""Salida favorable""]"
3031,Ñuble,DEF-0591,3.0,Consumado,39,no,0,0.16537723,0,0,base,drug_trafficking,normal,"[""No favorable"", ""Salida favorable""]"
5956,Arica y Parinacota,DEF-0012,6.0,Consumado,23,no,0,0.2567598,0,0,base,drug_trafficking,normal,"[""No favorable"", ""Salida favorable""]"
6988,Metropolitana,DEF-0531,3.0,Consumado,19,no,0,0.29463536,0,0,base,drug_trafficking,normal,"[""No favorable"", ""Salida favorable""]"
7853,Antofagasta,DEF-0314,3.0,Consumado,18,yes,1,0.99773896,1,1,base,drug_trafficking,normal,"[""No favorable"", ""Salida favorable""]"
8490,Tarapacá,DEF-0317,5.0,Consumado,28,yes,1,0.9977921,1,1,base,drug_trafficking,normal,"[""No favorable"", ""Salida favorable""]"
1468,Arica y Parinacota,DEF-0464,8.0,Consumado,22,yes,1,0.9979559,1,1,base,drug_trafficking,normal,"[""No favorable"", ""Salida favorable""]"
12121,Bio Bío,DEF-0287,3.0,Consumado,37,no,0,0.38452834,0,0,base,drug_trafficking,normal,"[""No favorable"", ""Salida favorable""]"
11618,Arica y Parinacota,DEF-0309,10.0,Consumado,19,yes,1,0.9984252,1,1,base,drug_trafficking,normal,"[""No favorable"", ""Salida favorable""]"
3061,Coquimbo,DEF-0150,2.0,Consumado,39,no,0,0.44436818,1,1,base,drug_trafficking,normal,"[""No favorable"", ""Salida favorable""]"
11148,Tarapacá,DEF-0058,5.0,Consumado,18,yes,1,0.99947834,1,1,base,drug_trafficking,normal,"[""No favorable"", ""Salida favorable""]"
1525,Tarapacá,DEF-0270,6.0,Consumado,40,no,0,0.33918393,1,1,base,drug_trafficking,normal,"[""No favorable"", ""Salida favorable""]"
13080,Valparaíso,DEF-0784,6.0,Consumado,27,no,0,0.27591148,0,0,base,drug_trafficking,normal,"[""No favorable"", ""Salida favorable""]"
6939,Tarapacá,DEF-0100,3.0,Consumado,26,yes,1,0.99939144,1,1,base,drug_trafficking,normal,"[""No favorable"", ""Salida favorable""]"
744,Tarapacá,DEF-0317,11.0,Consumado,32,no,0,0.33112353,0,0,base,drug_trafficking,normal,"[""No favorable"", ""Salida favorable""]"
14390,Metropolitana,DEF-0013,0.0,Consumado,22,no,0,0.30765226,0,0,base,drug_trafficking,normal,"[""No favorable"", ""Salida favorable""]"
10531,Metropolitana,DEF-0616,6.0,Consumado,36,no,0,0.28792086,0,0,base,drug_trafficking,normal,"[""No favorable"", ""Salida favorable""]"
11978,Valparaíso,DEF-0330,6.0,Consumado,33,no,0,0.32024065,0,0,base,drug_trafficking,normal,"[""No favorable"", ""Salida favorable""]"
12942,Tarapacá,DEF-0102,4.0,Consumado,18,yes,1,0.99939793,1,1,base,drug_trafficking,normal,"[""No favorable"", ""Salida favorable""]"
13747,Arica y Parinacota,DEF-0029,11.0,Consumado,23,no,0,0.29463476,1,1,base,drug_trafficking,normal,"[""No favorable"", ""Salida favorable""]"
3979,Tarapacá,DEF-0026,8.0,Consumado,25,no,0,0.35539111,0,0,base,drug_trafficking,normal,"[""No favorable"", ""Salida favorable""]"
13269,Atacama,DEF-0054,2.0,Consumado,34,no,0,0.35627484,0,0,base,drug_trafficking,normal,"[""No favorable"", ""Salida favorable""]"
4213,Arica y Parinacota,DEF-0029,4.0,Consumado,21,no,0,0.28387332,0,0,base,drug_trafficking,normal,"[""No favorable"", ""Salida favorable""]"
7928,Tarapacá,DEF-0124,4.0,Consumado,37,yes,1,0.9991833,1,1,base,drug_trafficking,normal,"[""No favorable"", ""Salida favorable""]"
15637,Antofagasta,DEF-0246,5.0,Consumado,19,yes,1,0.9978856,1,1,base,drug_trafficking,normal,"[""No favorable"", ""Salida favorable""]"
12962,Los Lagos,DEF-0646,7.0,Consumado,31,no,0,0.29205266,1,1,base,drug_trafficking,normal,"[""No favorable"", ""Salida favorable""]"
6938,Tarapacá,DEF-0100,3.0,Consumado,19,yes,1,0.9994036,1,1,base,drug_trafficking,normal,"[""No favorable"", ""Salida favorable""]"
3072,Antofagasta,DEF-0042,7.0,Consumado,26,no,0,0.26077586,1,1,base,drug_trafficking,normal,"[""No favorable"", ""Salida favorable""]"
13914,Metropolitana,DEF-0013,0.0,Consumado,21,no,0,0.30787343,0,0,base,drug_trafficking,normal,"[""No favorable"", ""Salida favorable""]"
1731,Metropolitana,DEF-0116,7.0,Consumado,28,no,0,0.31662294,0,0,base,drug_trafficking,normal,"[""No favorable"", ""Salida favorable""]"
7443,Atacama,DEF-0349,8.0,Consumado,23,no,0,0.3080312,0,0,base,drug_trafficking,normal,"[""No favorable"", ""Salida favorable""]"
9278,Maule,DEF-0298,6.0,Consumado,24,no,0,0.34016305,1,1,base,drug_trafficking,normal,"[""No favorable"", ""Salida favorable""]"
11027,Libertador Bernardo O'Higgins,DEF-0550,4.0,Consumado,27,no,0,0.30425707,0,0,base,drug_trafficking,normal,"[""No favorable"", ""Salida favorable""]"
14087,Metropolitana,DEF-0096,6.0,Consumado,41,no,0,0.28045604,1,1,base,drug_trafficking,normal,"[""No favorable"", ""Salida favorable""]"
14058,Aysén,DEF-0436,26.0,Consumado,19,no,0,0.34293333,0,0,base,drug_trafficking,normal,"[""No favorable"", ""Salida favorable""]"
2580,Metropolitana,DEF-0560,5.0,Consumado,31,no,0,0.2926,1,1,base,drug_trafficking,normal,"[""No favorable"", ""Salida favorable""]"
207,Arica y Parinacota,DEF-0140,3.0,Consumado,20,no,0,0.30022296,1,1,base,drug_trafficking,normal,"[""No favorable"", ""Salida favorable""]"
1807,Arica y Parinacota,DEF-0005,10.0,Consumado,39,no,0,0.20957497,0,0,base,drug_trafficking,normal,"[""No favorable"", ""Salida favorable""]"
9365,Metropolitana,DEF-0359,3.0,Consumado,29,yes,1,0.99760324,1,1,base,drug_trafficking,normal,"[""No favorable"", ""Salida favorable""]"
9376,Libertador Bernardo O'Higgins,DEF-0181,17.0,Consumado,38,no,0,0.44315723,1,1,base,drug_trafficking,normal,"[""No favorable"", ""Salida favorable""]"
15894,Metropolitana,DEF-0024,1.0,Consumado,28,no,0,0.3330159,0,0,base,drug_trafficking,normal,"[""No favorable"", ""Salida favorable""]"
1862,Antofagasta,DEF-0461,5.0,Consumado,22,yes,1,0.99691737,1,1,base,drug_trafficking,normal,"[""No favorable"", ""Salida favorable""]"
1948,Metropolitana,DEF-0273,12.0,Consumado,26,no,0,0.3483095,0,0,base,drug_trafficking,normal,"[""No favorable"", ""Salida favorable""]"
188,Maule,DEF-0130,1.0,Consumado,33,no,0,0.33935845,0,0,base,drug_trafficking,normal,"[""No favorable"", ""Salida favorable""]"
15557,Antofagasta,DEF-0821,6.0,Consumado,25,yes,1,0.98685753,1,1,base,drug_trafficking,normal,"[""No favorable"", ""Salida favorable""]"
16634,Metropolitana,DEF-0022,0.0,Consumado,40,no,0,0.32515323,0,0,base,drug_trafficking,normal,"[""No favorable"", ""Salida favorable""]"
9232,Arica y Parinacota,DEF-0346,6.0,Consumado,34,no,0,0.22371152,0,0,base,drug_trafficking,normal,"[""No favorable"", ""Salida favorable""]"
14272,Bio Bío,DEF-0146,8.0,Consumado,18,no,0,0.47282323,0,0,base,drug_trafficking,normal,"[""No favorable"", ""Salida favorable""]"
8035,Tarapacá,DEF-0165,6.0,Consumado,29,yes,1,0.99875724,1,1,base,drug_trafficking,normal,"[""No favorable"", ""Salida favorable""]"
13370,Libertador Bernardo O'Higgins,DEF-0856,6.0,Consumado,22,no,0,0.27870104,0,0,base,drug_trafficking,normal,"[""No favorable"", ""Salida favorable""]"
688,Arica y Parinacota,DEF-0305,10.0,Consumado,28,no,0,0.23628777,0,0,base,drug_trafficking,normal,"[""No favorable"", ""Salida favorable""]"
8889,Metropolitana,DEF-0047,10.0,Consumado,18,no,0,0.3415538,0,0,base,drug_trafficking,normal,"[""No favorable"", ""Salida favorable""]"
5498,Valparaíso,DEF-0632,4.0,Consumado,45,yes,1,0.990161,1,1,base,drug_trafficking,normal,"[""No favorable"", ""Salida favorable""]"
6622,Metropolitana,DEF-0458,5.0,Consumado,19,no,0,0.30401215,1,1,base,drug_trafficking,normal,"[""No favorable"", ""Salida favorable""]"
8436,Tarapacá,DEF-0004,10.0,Consumado,35,no,0,0.17365064,0,0,base,drug_trafficking,normal,"[""No favorable"", ""Salida favorable""]"
15825,Ñuble,DEF-0654,6.0,Consumado,22,no,0,0.28114408,0,0,base,drug_trafficking,normal,"[""No favorable"", ""Salida favorable""]"
5234,Valparaíso,DEF-0319,8.0,Consumado,18,yes,1,0.9977257,1,1,base,drug_trafficking,normal,"[""No favorable"", ""Salida favorable""]"
5141,Tarapacá,DEF-0106,5.0,Consumado,29,no,0,0.28064442,0,0,base,drug_trafficking,normal,"[""No favorable"", ""Salida favorable""]"
501,Metropolitana,DEF-0141,13.0,Consumado,29,no,0,0.36314273,1,1,base,drug_trafficking,normal,"[""No favorable"", ""Salida favorable""]"
16165,Tarapacá,DEF-0301,4.0,Consumado,23,yes,1,0.9978834,1,1,base,drug_trafficking,normal,"[""No favorable"", ""Salida favorable""]"
7041,Tarapacá,DEF-0732,4.0,Consumado,23,no,0,0.2787028,1,1,base,drug_trafficking,normal,"[""No favorable"", ""Salida favorable""]"
6575,Valparaíso,DEF-0232,8.0,Consumado,35,yes,1,0.99818176,1,1,base,drug_trafficking,normal,"[""No favorable"", ""Salida favorable""]"
1953,Arica y Parinacota,DEF-0005,7.0,Consumado,27,yes,1,0.99948305,1,1,base,drug_trafficking,normal,"[""No favorable"", ""Salida favorable""]"
7273,Tarapacá,DEF-0270,3.0,Consumado,27,yes,1,0.9980284,1,1,base,drug_trafficking,normal,"[""No favorable"", ""Salida favorable""]"
14151,Metropolitana,DEF-0139,2.0,Consumado,27,no,0,0.33845314,0,0,base,drug_trafficking,normal,"[""No favorable"", ""Salida favorable""]"
14812,Tarapacá,DEF-0102,12.0,Consumado,39,no,0,0.28546593,0,0,base,drug_trafficking,normal,"[""No favorable"", ""Salida favorable""]"
16442,Antofagasta,DEF-0026,4.0,Consumado,21,yes,1,0.9994724,1,1,base,drug_trafficking,normal,"[""No favorable"", ""Salida favorable""]"
4570,Valparaíso,DEF-0075,6.0,Consumado,23,no,0,0.2745077,1,1,base,drug_trafficking,normal,"[""No favorable"", ""Salida favorable""]"
8222,Tarapacá,DEF-0106,6.0,Consumado,18,yes,1,0.9993814,1,1,base,drug_trafficking,normal,"[""No favorable"", ""Salida favorable""]"
321,Metropolitana,DEF-0193,13.0,Consumado,22,no,0,0.3735425,0,0,base,drug_trafficking,normal,"[""No favorable"", ""Salida favorable""]"
8769,Tarapacá,DEF-0732,2.0,Consumado,38,yes,1,0.98233104,1,1,base,drug_trafficking,normal,"[""No favorable"", ""Salida favorable""]"
15852,Antofagasta,DEF-0042,8.0,Consumado,27,yes,1,0.99942094,1,1,base,drug_trafficking,normal,"[""No favorable"", ""Salida favorable""]"
8068,Arica y Parinacota,DEF-0005,0.0,Consumado,18,no,0,0.20665383,1,1,base,drug_trafficking,normal,"[""No favorable"", ""Salida favorable""]"
7183,Metropolitana,DEF-0096,1.0,Consumado,22,no,0,0.28143963,0,0,base,drug_trafficking,normal,"[""No favorable"", ""Salida favorable""]"
1909,Tarapacá,DEF-0106,4.0,Consumado,38,yes,1,0.9993344,1,1,base,drug_trafficking,normal,"[""No favorable"", ""Salida favorable""]"
15921,Antofagasta,DEF-0788,3.0,Consumado,30,yes,1,0.9885058,1,1,base,drug_trafficking,normal,"[""No favorable"", ""Salida favorable""]"
12812,Arica y Parinacota,DEF-0234,9.0,Consumado,39,yes,1,0.9984554,1,1,base,drug_trafficking,normal,"[""No favorable"", ""Salida favorable""]"
8013,Tarapacá,DEF-0106,4.0,Consumado,26,yes,1,0.99936,1,1,base,drug_trafficking,normal,"[""No favorable"", ""Salida favorable""]"
13072,Arica y Parinacota,DEF-0478,13.0,Consumado,27,no,0,0.20500404,0,0,base,drug_trafficking,normal,"[""No favorable"", ""Salida favorable""]"
12020,Tarapacá,DEF-0106,3.0,Consumado,32,yes,1,0.99934417,1,1,base,drug_trafficking,normal,"[""No favorable"", ""Salida favorable""]"
14786,Tarapacá,DEF-0301,6.0,Consumado,26,no,0,0.33013967,0,0,base,drug_trafficking,normal,"[""No favorable"", ""Salida favorable""]"
5763,Arica y Parinacota,DEF-0140,4.0,Consumado,20,yes,1,0.9988753,1,1,base,drug_trafficking,normal,"[""No favorable"", ""Salida favorable""]"
2513,Ñuble,DEF-0331,5.0,Consumado,18,no,0,0.3149925,0,0,base,drug_trafficking,normal,"[""No favorable"", ""Salida favorable""]"
10294,Arica y Parinacota,DEF-0225,13.0,Consumado,33,yes,1,0.9984931,1,1,base,drug_trafficking,normal,"[""No favorable"", ""Salida favorable""]"
2688,Tarapacá,DEF-0107,9.0,Consumado,37,no,0,0.28550282,0,0,base,drug_trafficking,normal,"[""No favorable"", ""Salida favorable""]"
10881,Antofagasta,DEF-0352,4.0,Consumado,18,no,0,0.20055819,0,0,base,drug_trafficking,normal,"[""No favorable"", ""Salida favorable""]"
11788,Tarapacá,DEF-0315,8.0,Consumado,22,yes,1,0.9978551,1,1,base,drug_trafficking,normal,"[""No favorable"", ""Salida favorable""]"
16103,Antofagasta,DEF-0802,4.0,Consumado,21,yes,1,0.9886792,1,1,base,drug_trafficking,normal,"[""No favorable"", ""Salida favorable""]"
6297,Metropolitana,DEF-0206,3.0,Consumado,47,no,0,0.35866848,0,0,base,drug_trafficking,normal,"[""No favorable"", ""Salida favorable""]"
6831,Antofagasta,DEF-0766,5.0,Consumado,25,no,0,0.16648194,1,1,base,drug_trafficking,normal,"[""No favorable"", ""Salida favorable""]"
905,Tarapacá,DEF-0317,9.0,Consumado,18,no,0,0.32816732,0,0,base,drug_trafficking,normal,"[""No favorable"", ""Salida favorable""]"
7848,Arica y Parinacota,DEF-0346,13.0,Consumado,22,no,0,0.22952528,1,1,base,drug_trafficking,normal,"[""No favorable"", ""Salida favorable""]"
16327,Metropolitana,DEF-0723,2.0,Consumado,35,no,0,0.279921,1,1,base,drug_trafficking,normal,"[""No favorable"", ""Salida favorable""]"
4314,Arica y Parinacota,DEF-0005,11.0,Consumado,30,yes,1,0.9994851,1,1,base,drug_trafficking,normal,"[""No favorable"", ""Salida favorable""]"
1752,Tarapacá,DEF-0317,4.0,Consumado,21,yes,1,0.99779135,1,1,base,drug_trafficking,normal,"[""No favorable"", ""Salida favorable""]"
7886,Valparaíso,DEF-0557,7.0,Consumado,26,no,0,0.28991872,1,1,base,drug_trafficking,normal,"[""No favorable"", ""Salida favorable""]"
11401,Coquimbo,DEF-0508,3.0,Consumado,18,no,0,0.3158239,1,1,base,drug_trafficking,normal,"[""No favorable"", ""Salida favorable""]"
10044,Metropolitana,DEF-0581,2.0,Consumado,24,no,0,0.289555,0,0,base,drug_trafficking,normal,"[""No favorable"", ""Salida favorable""]"
8239,Tarapacá,DEF-0165,6.0,Consumado,33,yes,1,0.9987447,1,1,base,drug_trafficking,normal,"[""No favorable"", ""Salida favorable""]"
5602,Metropolitana,DEF-0055,4.0,Consumado,18,no,0,0.16700654,1,1,base,drug_trafficking,normal,"[""No favorable"", ""Salida favorable""]"
9027,Tarapacá,DEF-0102,5.0,Consumado,23,yes,1,0.99939215,1,1,base,drug_trafficking,normal,"[""No favorable"", ""Salida favorable""]"
2969,Arica y Parinacota,DEF-0464,8.0,Consumado,20,yes,1,0.99796975,1,1,base,drug_trafficking,normal,"[""No favorable"", ""Salida favorable""]"
10323,La Araucanía,DEF-0127,4.0,Consumado,33,no,0,0.43458578,0,0,base,drug_trafficking,normal,"[""No favorable"", ""Salida favorable""]"
4613,Los Lagos,DEF-0685,2.0,Consumado,29,no,0,0.16369492,1,1,base,drug_trafficking,normal,"[""No favorable"", ""Salida favorable""]"
12079,Arica y Parinacota,DEF-0140,10.0,Consumado,45,no,0,0.28569484,0,0,base,drug_trafficking,normal,"[""No favorable"", ""Salida favorable""]"
3752,Coquimbo,DEF-0336,3.0,Consumado,37,no,0,0.36008492,1,1,base,drug_trafficking,normal,"[""No favorable"", ""Salida favorable""]"
6562,Tarapacá,DEF-0106,5.0,Consumado,33,yes,1,0.99934894,1,1,base,drug_trafficking,normal,"[""No favorable"", ""Salida favorable""]"
1477,Tarapacá,DEF-0100,8.0,Consumado,31,no,0,0.27939948,1,1,base,drug_trafficking,normal,"[""No favorable"", ""Salida favorable""]"
16038,Atacama,DEF-0939,11.0,Consumado,22,no,0,0.17239867,0,0,base,drug_trafficking,normal,"[""No favorable"", ""Salida favorable""]"
54,Bio Bío,DEF-0002,2.0,Consumado,23,no,0,0.18118714,1,1,base,drug_trafficking,normal,"[""No favorable"", ""Salida favorable""]"
5799,Metropolitana,DEF-0613,13.0,Consumado,23,no,0,0.28991556,0,0,base,drug_trafficking,normal,"[""No favorable"", ""Salida favorable""]"
11193,Metropolitana,DEF-0853,22.0,Consumado,24,no,0,0.27690524,0,0,base,drug_trafficking,normal,"[""No favorable"", ""Salida favorable""]"
394,Metropolitana,DEF-0219,13.0,Consumado,18,no,0,0.17836823,0,0,base,drug_trafficking,normal,"[""No favorable"", ""Salida favorable""]"
1540,Tarapacá,DEF-0100,4.0,Consumado,27,yes,1,0.9993926,1,1,base,drug_trafficking,normal,"[""No favorable"", ""Salida favorable""]"
10080,Valparaíso,DEF-0075,2.0,Consumado,35,no,0,0.25949937,1,1,base,drug_trafficking,normal,"[""No favorable"", ""Salida favorable""]"
2306,Metropolitana,DEF-0538,2.0,Consumado,28,yes,1,0.99525476,1,1,base,drug_trafficking,normal,"[""No favorable"", ""Salida favorable""]"
15773,Antofagasta,DEF-0026,4.0,Consumado,45,yes,1,0.99941593,1,1,base,drug_trafficking,normal,"[""No favorable"", ""Salida favorable""]"
325,Tarapacá,DEF-0073,6.0,Consumado,21,no,0,0.2834475,0,0,base,drug_trafficking,normal,"[""No favorable"", ""Salida favorable""]"
16551,Valparaíso,DEF-0330,2.0,Consumado,45,no,0,0.31835216,0,0,base,drug_trafficking,normal,"[""No favorable"", ""Salida favorable""]"
12120,Valparaíso,DEF-0279,3.0,Consumado,18,no,0,0.3278488,0,0,base,drug_trafficking,normal,"[""No favorable"", ""Salida favorable""]"
11162,Los Lagos,DEF-0646,4.0,Consumado,21,no,0,0.2909715,0,0,base,drug_trafficking,normal,"[""No favorable"", ""Salida favorable""]"
13983,Tarapacá,DEF-0251,8.0,Consumado,38,no,0,0.34602907,0,0,base,drug_trafficking,normal,"[""No favorable"", ""Salida favorable""]"
1203,Tarapacá,DEF-0102,4.0,Consumado,22,yes,1,0.99939096,1,1,base,drug_trafficking,normal,"[""No favorable"", ""Salida favorable""]"
7435,Tarapacá,DEF-0533,3.0,Consumado,21,yes,1,0.9950035,1,1,base,drug_trafficking,normal,"[""No favorable"", ""Salida favorable""]"
4392,Tarapacá,DEF-0188,7.0,Consumado,49,no,0,0.3580488,0,0,base,drug_trafficking,normal,"[""No favorable"", ""Salida favorable""]"
11692,Aysén,DEF-0264,14.0,Consumado,29,no,0,0.40440774,1,1,base,drug_trafficking,normal,"[""No favorable"", ""Salida favorable""]"
14155,Valparaíso,DEF-0125,2.0,Consumado,39,no,0,0.28008416,0,0,base,drug_trafficking,normal,"[""No favorable"", ""Salida favorable""]"
15965,Antofagasta,DEF-0042,7.0,Consumado,18,yes,1,0.9994441,1,1,base,drug_trafficking,normal,"[""No favorable"", ""Salida favorable""]"
16205,Antofagasta,DEF-0781,6.0,Consumado,37,no,0,0.16490522,0,0,base,drug_trafficking,normal,"[""No favorable"", ""Salida favorable""]"
15481,Antofagasta,DEF-0290,9.0,Consumado,22,yes,1,0.9976379,1,1,base,drug_trafficking,normal,"[""No favorable"", ""Salida favorable""]"
12019,Tarapacá,DEF-0106,3.0,Consumado,28,yes,1,0.99935263,1,1,base,drug_trafficking,normal,"[""No favorable"", ""Salida favorable""]"
8264,Tarapacá,DEF-0732,8.0,Consumado,28,yes,1,0.9844419,1,1,base,drug_trafficking,normal,"[""No favorable"", ""Salida favorable""]"
1728,Metropolitana,DEF-0157,2.0,Consumado,24,no,0,0.3531987,1,1,base,drug_trafficking,normal,"[""No favorable"", ""Salida favorable""]"
1136,Maule,DEF-0413,3.0,Consumado,23,no,0,0.16538961,0,0,base,drug_trafficking,normal,"[""No favorable"", ""Salida favorable""]"
8149,Valparaíso,DEF-0279,7.0,Consumado,41,no,0,0.33314767,1,1,base,drug_trafficking,normal,"[""No favorable"", ""Salida favorable""]"
2361,Bio Bío,DEF-0037,9.0,Consumado,38,no,0,0.41167903,0,0,base,drug_trafficking,normal,"[""No favorable"", ""Salida favorable""]"
8355,Antofagasta,DEF-0023,5.0,Consumado,28,yes,1,0.9994599,1,1,base,drug_trafficking,normal,"[""No favorable"", ""Salida favorable""]"
3259,Metropolitana,DEF-0205,8.0,Consumado,21,no,0,0.36310387,1,1,base,drug_trafficking,normal,"[""No favorable"", ""Salida favorable""]"
8026,Metropolitana,DEF-0793,3.0,Consumado,24,no,0,0.27669758,0,0,base,drug_trafficking,normal,"[""No favorable"", ""Salida favorable""]"
14334,Tarapacá,DEF-0058,3.0,Consumado,20,yes,1,0.99947244,1,1,base,drug_trafficking,normal,"[""No favorable"", ""Salida favorable""]"
8210,Metropolitana,DEF-0281,5.0,Consumado,18,no,0,0.33817327,1,1,base,drug_trafficking,normal,"[""No favorable"", ""Salida favorable""]"
3928,Coquimbo,DEF-0460,7.0,Consumado,22,yes,1,0.99788916,1,1,base,drug_trafficking,normal,"[""No favorable"", ""Salida favorable""]"
2661,Los Ríos,DEF-0565,14.0,Consumado,34,no,0,0.30214947,1,1,base,drug_trafficking,normal,"[""No favorable"", ""Salida favorable""]"
1520,Arica y Parinacota,DEF-0012,9.0,Consumado,20,no,0,0.27028543,0,0,base,drug_trafficking,normal,"[""No favorable"", ""Salida favorable""]"
3253,Valparaíso,DEF-0195,2.0,Consumado,18,no,0,0.34264013,0,0,base,drug_trafficking,normal,"[""No favorable"", ""Salida favorable""]"
16169,Tarapacá,DEF-0252,4.0,Consumado,30,no,0,0.34061828,0,0,base,drug_trafficking,normal,"[""No favorable"", ""Salida favorable""]"
10805,Metropolitana,DEF-0540,7.0,Consumado,26,no,0,0.29517633,0,0,base,drug_trafficking,normal,"[""No favorable"", ""Salida favorable""]"
7746,Tarapacá,DEF-0188,8.0,Consumado,46,no,0,0.35945472,0,0,base,drug_trafficking,normal,"[""No favorable"", ""Salida favorable""]"
6762,Libertador Bernardo O'Higgins,DEF-0049,6.0,Consumado,28,no,0,0.35942352,0,0,base,drug_trafficking,normal,"[""No favorable"", ""Salida favorable""]"
11784,Coquimbo,DEF-0536,8.0,Consumado,34,yes,1,0.99738485,1,1,base,drug_trafficking,normal,"[""No favorable"", ""Salida favorable""]"
6555,Arica y Parinacota,DEF-0309,15.0,Consumado,18,no,0,0.24104655,0,0,base,drug_trafficking,normal,"[""No favorable"", ""Salida favorable""]"
14806,Metropolitana,DEF-0009,7.0,Consumado,18,no,0,0.20755757,0,0,base,drug_trafficking,normal,"[""No favorable"", ""Salida favorable""]"
9645,Tarapacá,DEF-0822,7.0,Consumado,23,yes,1,0.96893847,1,1,base,drug_trafficking,normal,"[""No favorable"", ""Salida favorable""]"
1302,Arica y Parinacota,DEF-0225,10.0,Consumado,18,no,0,0.26765224,0,0,base,drug_trafficking,normal,"[""No favorable"", ""Salida favorable""]"
14075,Metropolitana,DEF-0471,1.0,Consumado,36,no,0,0.30098644,1,1,base,drug_trafficking,normal,"[""No favorable"", ""Salida favorable""]"
14945,Arica y Parinacota,DEF-0029,6.0,Consumado,23,no,0,0.28356215,0,0,base,drug_trafficking,normal,"[""No favorable"", ""Salida favorable""]"
116,Metropolitana,DEF-0088,6.0,Consumado,30,no,0,0.28150237,0,0,base,drug_trafficking,normal,"[""No favorable"", ""Salida favorable""]"
4223,Tarapacá,DEF-0073,6.0,Consumado,18,yes,1,0.9994825,1,1,base,drug_trafficking,normal,"[""No favorable"", ""Salida favorable""]"
2105,Antofagasta,DEF-0352,11.0,Consumado,18,no,0,0.2031056,0,0,base,drug_trafficking,normal,"[""No favorable"", ""Salida favorable""]"
2768,La Araucanía,DEF-0574,8.0,Consumado,18,no,0,0.30495048,0,0,base,drug_trafficking,normal,"[""No favorable"", ""Salida favorable""]"
574,Valparaíso,DEF-0076,3.0,Consumado,25,no,0,0.26610237,0,0,base,drug_trafficking,normal,"[""No favorable"", ""Salida favorable""]"
5557,Metropolitana,DEF-0585,7.0,Consumado,18,no,0,0.29051974,0,0,base,drug_trafficking,normal,"[""No favorable"", ""Salida favorable""]"
11076,Tarapacá,DEF-0315,8.0,Consumado,21,no,0,0.32806024,0,0,base,drug_trafficking,normal,"[""No favorable"", ""Salida favorable""]"
3416,Tarapacá,DEF-0188,2.0,Consumado,31,yes,1,0.99849445,1,1,base,drug_trafficking,normal,"[""No favorable"", ""Salida favorable""]"
6803,Valparaíso,DEF-0326,8.0,Consumado,32,no,0,0.32246888,1,1,base,drug_trafficking,normal,"[""No favorable"", ""Salida favorable""]"
11979,Arica y Parinacota,DEF-0118,9.0,Consumado,34,no,0,0.2993703,0,0,base,drug_trafficking,normal,"[""No favorable"", ""Salida favorable""]"
10343,Metropolitana,DEF-0040,6.0,Consumado,27,no,0,0.31730086,0,0,base,drug_trafficking,normal,"[""No favorable"", ""Salida favorable""]"
9889,Bio Bío,DEF-0155,3.0,Consumado,31,no,0,0.45623314,1,1,base,drug_trafficking,normal,"[""No favorable"", ""Salida favorable""]"
6176,Arica y Parinacota,DEF-0346,9.0,Consumado,30,no,0,0.22552863,0,0,base,drug_trafficking,normal,"[""No favorable"", ""Salida favorable""]"
7741,Antofagasta,DEF-0042,14.0,Consumado,35,yes,1,0.99939495,1,1,base,drug_trafficking,normal,"[""No favorable"", ""Salida favorable""]"
12207,Arica y Parinacota,DEF-0455,7.0,Consumado,28,no,0,0.20920822,1,1,base,drug_trafficking,normal,"[""No favorable"", ""Salida favorable""]"
16643,Maule,DEF-0897,3.0,Consumado,28,no,0,0.27361795,0,0,base,drug_trafficking,normal,"[""No favorable"", ""Salida favorable""]"
2267,Tarapacá,DEF-0106,2.0,Consumado,51,yes,1,0.9992943,1,1,base,drug_trafficking,normal,"[""No favorable"", ""Salida favorable""]"
14693,Tarapacá,DEF-0202,8.0,Consumado,39,no,0,0.3579363,0,0,base,drug_trafficking,normal,"[""No favorable"", ""Salida favorable""]"
5744,Tarapacá,DEF-0188,5.0,Consumado,40,yes,1,0.9984925,1,1,base,drug_trafficking,normal,"[""No favorable"", ""Salida favorable""]"
4364,Metropolitana,DEF-0673,10.0,Consumado,35,no,0,0.2846193,0,0,base,drug_trafficking,normal,"[""No favorable"", ""Salida favorable""]"
13517,Valparaíso,DEF-0532,6.0,Consumado,29,no,0,0.29197347,1,1,base,drug_trafficking,normal,"[""No favorable"", ""Salida favorable""]"
804,Arica y Parinacota,DEF-0341,10.0,Consumado,24,no,0,0.22984338,0,0,base,drug_trafficking,normal,"[""No favorable"", ""Salida favorable""]"
6330,Tarapacá,DEF-0073,9.0,Consumado,35,no,0,0.2806944,0,0,base,drug_trafficking,normal,"[""No favorable"", ""Salida favorable""]"
2572,Tarapacá,DEF-0106,5.0,Consumado,24,yes,1,0.9993672,1,1,base,drug_trafficking,normal,"[""No favorable"", ""Salida favorable""]"
6704,Antofagasta,DEF-0059,5.0,Consumado,18,yes,1,0.9993754,1,1,base,drug_trafficking,normal,"[""No favorable"", ""Salida favorable""]"
11702,Metropolitana,DEF-0506,1.0,Consumado,20,no,0,0.29665455,0,0,base,drug_trafficking,normal,"[""No favorable"", ""Salida favorable""]"
14716,Metropolitana,DEF-0043,1.0,Consumado,30,no,0,0.29722002,0,0,base,drug_trafficking,normal,"[""No favorable"", ""Salida favorable""]"
1652,Antofagasta,DEF-0011,9.0,Consumado,29,no,0,0.22976647,0,0,base,drug_trafficking,normal,"[""No favorable"", ""Salida favorable""]"
6927,Valparaíso,DEF-0172,2.0,Consumado,31,no,0,0.33707485,0,0,base,drug_trafficking,normal,"[""No favorable"", ""Salida favorable""]"
16016,Tarapacá,DEF-0317,4.0,Consumado,18,yes,1,0.9977963,1,1,base,drug_trafficking,normal,"[""No favorable"", ""Salida favorable""]"
15615,Antofagasta,DEF-0922,4.0,Consumado,29,yes,1,0.9741646,1,1,base,drug_trafficking,normal,"[""No favorable"", ""Salida favorable""]"
15972,Valparaíso,DEF-0062,5.0,Consumado,18,no,0,0.29857036,0,0,base,drug_trafficking,normal,"[""No favorable"", ""Salida favorable""]"
2914,Arica y Parinacota,DEF-0225,7.0,Consumado,35,no,0,0.25571445,0,0,base,drug_trafficking,normal,"[""No favorable"", ""Salida favorable""]"
16397,Valparaíso,DEF-0242,1.0,Consumado,28,no,0,0.3349447,0,0,base,drug_trafficking,normal,"[""No favorable"", ""Salida favorable""]"
5770,Arica y Parinacota,DEF-0078,6.0,Consumado,18,yes,1,0.999387,1,1,base,drug_trafficking,normal,"[""No favorable"", ""Salida favorable""]"
8902,Antofagasta,DEF-0023,5.0,Consumado,30,yes,1,0.99945563,1,1,base,drug_trafficking,normal,"[""No favorable"", ""Salida favorable""]"
2265,Tarapacá,DEF-0100,7.0,Consumado,22,no,0,0.28279564,0,0,base,drug_trafficking,normal,"[""No favorable"", ""Salida favorable""]"
5076,Arica y Parinacota,DEF-0596,8.0,Consumado,29,no,0,0.19444174,1,1,base,drug_trafficking,normal,"[""No favorable"", ""Salida favorable""]"
1746,Metropolitana,DEF-0082,8.0,Consumado,21,no,0,0.29087305,1,1,base,drug_trafficking,normal,"[""No favorable"", ""Salida favorable""]"
6901,Antofagasta,DEF-0683,3.0,Consumado,21,yes,1,0.9937651,1,1,base,drug_trafficking,normal,"[""No favorable"", ""Salida favorable""]"
5120,La Araucanía,DEF-0708,2.0,Consumado,42,no,0,0.28868726,1,1,base,drug_trafficking,normal,"[""No favorable"", ""Salida favorable""]"
6711,Tarapacá,DEF-0106,4.0,Consumado,35,yes,1,0.99934113,1,1,base,drug_trafficking,normal,"[""No favorable"", ""Salida favorable""]"
12223,La Araucanía,DEF-0870,3.0,Consumado,27,yes,1,0.9823902,1,1,base,drug_trafficking,normal,"[""No favorable"", ""Salida favorable""]"
11660,Tarapacá,DEF-0533,7.0,Consumado,25,no,0,0.29395288,0,0,base,drug_trafficking,normal,"[""No favorable"", ""Salida favorable""]"
11402,Coquimbo,DEF-0402,3.0,Consumado,23,no,0,0.3385027,1,1,base,drug_trafficking,normal,"[""No favorable"", ""Salida favorable""]"
4260,Libertador Bernardo O'Higgins,DEF-0526,8.0,Consumado,26,no,0,0.3097542,1,1,base,drug_trafficking,normal,"[""No favorable"", ""Salida favorable""]"
14928,Metropolitana,DEF-0310,13.0,Consumado,20,no,0,0.33815935,0,0,base,drug_trafficking,normal,"[""No favorable"", ""Salida favorable""]"
10315,Los Lagos,DEF-0476,11.0,Consumado,25,no,0,0.316458,0,0,base,drug_trafficking,normal,"[""No favorable"", ""Salida favorable""]"
2467,Arica y Parinacota,DEF-0346,7.0,Consumado,34,no,0,0.22361663,0,0,base,drug_trafficking,normal,"[""No favorable"", ""Salida favorable""]"
856,Metropolitana,DEF-0157,4.0,Consumado,42,no,0,0.3535596,1,1,base,drug_trafficking,normal,"[""No favorable"", ""Salida favorable""]"
402,Metropolitana,DEF-0205,7.0,Consumado,18,no,0,0.36153823,1,1,base,drug_trafficking,normal,"[""No favorable"", ""Salida favorable""]"
14890,Los Lagos,DEF-0238,4.0,Consumado,26,no,0,0.37673554,0,0,base,drug_trafficking,normal,"[""No favorable"", ""Salida favorable""]"
2504,Tarapacá,DEF-0188,5.0,Consumado,18,yes,1,0.9985483,1,1,base,drug_trafficking,normal,"[""No favorable"", ""Salida favorable""]"
6451,Arica y Parinacota,DEF-0309,10.0,Consumado,30,no,0,0.23415916,0,0,base,drug_trafficking,normal,"[""No favorable"", ""Salida favorable""]"
14286,Valparaíso,DEF-0771,4.0,Consumado,28,no,0,0.27616856,0,0,base,drug_trafficking,normal,"[""No favorable"", ""Salida favorable""]"
16081,Tarapacá,DEF-0202,7.0,Consumado,35,no,0,0.35613966,0,0,base,drug_trafficking,normal,"[""No favorable"", ""Salida favorable""]"
7323,Metropolitana,DEF-0039,4.0,Consumado,26,no,0,0.31381398,0,0,base,drug_trafficking,normal,"[""No favorable"", ""Salida favorable""]"
5248,Arica y Parinacota,DEF-0140,10.0,Consumado,36,yes,1,0.9987972,1,1,base,drug_trafficking,normal,"[""No favorable"", ""Salida favorable""]"
9220,Antofagasta,DEF-0619,10.0,Consumado,25,no,0,0.17320377,0,0,base,drug_trafficking,normal,"[""No favorable"", ""Salida favorable""]"
12733,Antofagasta,DEF-0802,7.0,Consumado,25,yes,1,0.9882506,1,1,base,drug_trafficking,normal,"[""No favorable"", ""Salida favorable""]"
7748,Antofagasta,DEF-0023,8.0,Consumado,31,yes,1,0.9994523,1,1,base,drug_trafficking,normal,"[""No favorable"", ""Salida favorable""]"
4215,Tarapacá,DEF-0124,3.0,Consumado,30,yes,1,0.9991986,1,1,base,drug_trafficking,normal,"[""No favorable"", ""Salida favorable""]"
3431,Tarapacá,DEF-0301,7.0,Consumado,31,yes,1,0.9979041,1,1,base,drug_trafficking,normal,"[""No favorable"", ""Salida favorable""]"
466,Los Lagos,DEF-0238,18.0,Consumado,27,no,0,0.4003221,0,0,base,drug_trafficking,normal,"[""No favorable"", ""Salida favorable""]"
5122,Ñuble,DEF-0204,20.0,Consumado,18,no,0,0.35722175,0,0,base,drug_trafficking,normal,"[""No favorable"", ""Salida favorable""]"
7799,Tarapacá,DEF-0106,6.0,Consumado,21,yes,1,0.999376,1,1,base,drug_trafficking,normal,"[""No favorable"", ""Salida favorable""]"
14300,Maule,DEF-0651,6.0,Consumado,29,no,0,0.28646305,0,0,base,drug_trafficking,normal,"[""No favorable"", ""Salida favorable""]"
9925,Metropolitana,DEF-0700,13.0,Consumado,18,no,0,0.28329626,1,1,base,drug_trafficking,normal,"[""No favorable"", ""Salida favorable""]"
15645,Antofagasta,DEF-0246,6.0,Consumado,32,yes,1,0.9976335,1,1,base,drug_trafficking,normal,"[""No favorable"", ""Salida favorable""]"
2714,La Araucanía,DEF-0570,5.0,Consumado,32,no,0,0.30455872,0,0,base,drug_trafficking,normal,"[""No favorable"", ""Salida favorable""]"
3262,Antofagasta,DEF-0084,4.0,Consumado,26,yes,1,0.9991157,1,1,base,drug_trafficking,normal,"[""No favorable"", ""Salida favorable""]"
9715,Tarapacá,DEF-0301,6.0,Consumado,34,no,0,0.33084065,0,0,base,drug_trafficking,normal,"[""No favorable"", ""Salida favorable""]"
10309,Ñuble,DEF-0254,7.0,Consumado,28,no,0,0.33282903,0,0,base,drug_trafficking,normal,"[""No favorable"", ""Salida favorable""]"
4862,Metropolitana,DEF-0696,1.0,Consumado,23,no,0,0.28124142,0,0,base,drug_trafficking,normal,"[""No favorable"", ""Salida favorable""]"
9004,Antofagasta,DEF-0619,4.0,Consumado,22,no,0,0.17326483,0,0,base,drug_trafficking,normal,"[""No favorable"", ""Salida favorable""]"
6218,Los Ríos,DEF-0743,12.0,Consumado,22,no,0,0.28390592,0,0,base,drug_trafficking,normal,"[""No favorable"", ""Salida favorable""]"
8203,Valparaíso,DEF-0500,3.0,Consumado,37,no,0,0.29428437,0,0,base,drug_trafficking,normal,"[""No favorable"", ""Salida favorable""]"
563,Metropolitana,DEF-0269,6.0,Consumado,23,no,0,0.3428246,1,1,base,drug_trafficking,normal,"[""No favorable"", ""Salida favorable""]"
15277,Antofagasta,DEF-0314,5.0,Consumado,22,yes,1,0.9976334,1,1,base,drug_trafficking,normal,"[""No favorable"", ""Salida favorable""]"
3944,Tarapacá,DEF-0188,2.0,Consumado,26,yes,1,0.9985067,1,1,base,drug_trafficking,normal,"[""No favorable"", ""Salida favorable""]"
10568,Tarapacá,DEF-0317,7.0,Consumado,27,yes,1,0.99782056,1,1,base,drug_trafficking,normal,"[""No favorable"", ""Salida favorable""]"
5403,Los Ríos,DEF-0123,9.0,Consumado,25,no,0,0.3909769,0,0,base,drug_trafficking,normal,"[""No favorable"", ""Salida favorable""]"
1562,Tarapacá,DEF-0073,4.0,Consumado,34,yes,1,0.99945843,1,1,base,drug_trafficking,normal,"[""No favorable"", ""Salida favorable""]"
15821,Maule,DEF-0610,2.0,Consumado,24,no,0,0.28868398,1,1,base,drug_trafficking,normal,"[""No favorable"", ""Salida favorable""]"
3052,Arica y Parinacota,DEF-0230,9.0,Consumado,20,no,0,0.26418233,0,0,base,drug_trafficking,normal,"[""No favorable"", ""Salida favorable""]"
2949,La Araucanía,DEF-0227,3.0,Consumado,23,no,0,0.39645296,0,0,base,drug_trafficking,normal,"[""No favorable"", ""Salida favorable""]"
4747,Metropolitana,DEF-0691,10.0,Consumado,25,no,0,0.1739267,1,1,base,drug_trafficking,normal,"[""No favorable"", ""Salida favorable""]"
260,Valparaíso,DEF-0125,7.0,Consumado,18,no,0,0.3012146,0,0,base,drug_trafficking,normal,"[""No favorable"", ""Salida favorable""]"
97,Tarapacá,DEF-0073,3.0,Consumado,30,no,0,0.27104318,1,1,base,drug_trafficking,normal,"[""No favorable"", ""Salida favorable""]"
7977,Tarapacá,DEF-0106,3.0,Consumado,37,yes,1,0.9993331,1,1,base,drug_trafficking,normal,"[""No favorable"", ""Salida favorable""]"
3472,Metropolitana,DEF-0003,9.0,Consumado,19,no,0,0.1731342,1,1,base,drug_trafficking,normal,"[""No favorable"", ""Salida favorable""]"
119,Libertador Bernardo O'Higgins,DEF-0090,4.0,Consumado,18,no,0,0.3834007,1,1,base,drug_trafficking,normal,"[""No favorable"", ""Salida favorable""]"
9890,Metropolitana,DEF-0585,3.0,Consumado,28,no,0,0.28952998,0,0,base,drug_trafficking,normal,"[""No favorable"", ""Salida favorable""]"
9438,Tarapacá,DEF-0106,6.0,Consumado,18,yes,1,0.9993814,1,1,base,drug_trafficking,normal,"[""No favorable"", ""Salida favorable""]"
1715,Tarapacá,DEF-0073,3.0,Consumado,27,yes,1,0.99946594,1,1,base,drug_trafficking,normal,"[""No favorable"", ""Salida favorable""]"
5594,Tarapacá,DEF-0107,5.0,Consumado,28,yes,1,0.9993529,1,1,base,drug_trafficking,normal,"[""No favorable"", ""Salida favorable""]"
10188,Tarapacá,DEF-0073,3.0,Consumado,37,yes,1,0.99945194,1,1,base,drug_trafficking,normal,"[""No favorable"", ""Salida favorable""]"
2021,Tarapacá,DEF-0107,4.0,Consumado,35,yes,1,0.9993344,1,1,base,drug_trafficking,normal,"[""No favorable"", ""Salida favorable""]"
13822,Los Ríos,DEF-0902,3.0,Consumado,18,no,0,0.27475592,0,0,base,drug_trafficking,normal,"[""No favorable"", ""Salida favorable""]"
12483,Metropolitana,DEF-0139,7.0,Consumado,24,no,0,0.34958413,1,1,base,drug_trafficking,normal,"[""No favorable"", ""Salida favorable""]"
1273,Arica y Parinacota,DEF-0012,11.0,Consumado,22,no,0,0.27098355,0,0,base,drug_trafficking,normal,"[""No favorable"", ""Salida favorable""]"
13227,Metropolitana,DEF-0831,4.0,Consumado,32,no,0,0.27528808,1,1,base,drug_trafficking,normal,"[""No favorable"", ""Salida favorable""]"
10848,Magallanes y Antártica Chilena,DEF-0469,7.0,Consumado,31,no,0,0.309307,0,0,base,drug_trafficking,normal,"[""No favorable"", ""Salida favorable""]"
2479,Metropolitana,DEF-0069,11.0,Consumado,26,no,0,0.3035105,1,1,base,drug_trafficking,normal,"[""No favorable"", ""Salida favorable""]"
11311,Tarapacá,DEF-0058,7.0,Consumado,22,yes,1,0.99947715,1,1,base,drug_trafficking,normal,"[""No favorable"", ""Salida favorable""]"
2051,Valparaíso,DEF-0417,7.0,Consumado,20,no,0,0.30540478,0,0,base,drug_trafficking,normal,"[""No favorable"", ""Salida favorable""]"
9681,Tarapacá,DEF-0317,8.0,Consumado,36,yes,1,0.9978125,1,1,base,drug_trafficking,normal,"[""No favorable"", ""Salida favorable""]"
512,Arica y Parinacota,DEF-0224,13.0,Consumado,18,yes,1,0.998575,1,1,base,drug_trafficking,normal,"[""No favorable"", ""Salida favorable""]"
12600,Tarapacá,DEF-0301,4.0,Consumado,31,yes,1,0.9978685,1,1,base,drug_trafficking,normal,"[""No favorable"", ""Salida favorable""]"
10959,Tarapacá,DEF-0732,3.0,Consumado,26,yes,1,0.98260766,1,1,base,drug_trafficking,normal,"[""No favorable"", ""Salida favorable""]"
15375,Antofagasta,DEF-0689,6.0,Consumado,18,yes,1,0.99379224,1,1,base,drug_trafficking,normal,"[""No favorable"", ""Salida favorable""]"
9706,Tarapacá,DEF-0270,6.0,Consumado,18,yes,1,0.99807435,1,1,base,drug_trafficking,normal,"[""No favorable"", ""Salida favorable""]"
6224,Libertador Bernardo O'Higgins,DEF-0316,4.0,Consumado,32,no,0,0.355558,0,0,base,drug_trafficking,normal,"[""No favorable"", ""Salida favorable""]"
6214,Metropolitana,DEF-0121,60.0,Consumado,18,no,1,0.5247596,0,0,base,drug_trafficking,normal,"[""No favorable"", ""Salida favorable""]"
4017,Atacama,DEF-0322,5.0,Consumado,24,no,0,0.3171253,0,0,base,drug_trafficking,normal,"[""No favorable"", ""Salida favorable""]"
8631,Tarapacá,DEF-0073,6.0,Consumado,28,yes,1,0.9994706,1,1,base,drug_trafficking,normal,"[""No favorable"", ""Salida favorable""]"
1316,Tarapacá,DEF-0073,7.0,Consumado,18,yes,1,0.9994843,1,1,base,drug_trafficking,normal,"[""No favorable"", ""Salida favorable""]"
1900,Arica y Parinacota,DEF-0346,13.0,Consumado,37,no,0,0.22232856,0,0,base,drug_trafficking,normal,"[""No favorable"", ""Salida favorable""]"
6441,Valparaíso,DEF-0532,9.0,Consumado,31,no,0,0.29305694,1,1,base,drug_trafficking,normal,"[""No favorable"", ""Salida favorable""]"
1696,Arica y Parinacota,DEF-0464,10.0,Consumado,21,no,0,0.2107347,0,0,base,drug_trafficking,normal,"[""No favorable"", ""Salida favorable""]"
11262,Atacama,DEF-0505,3.0,Consumado,22,no,0,0.27578387,0,0,base,drug_trafficking,normal,"[""No favorable"", ""Salida favorable""]"
8983,Antofagasta,DEF-0802,13.0,Consumado,32,no,0,0.16456765,0,0,base,drug_trafficking,normal,"[""No favorable"", ""Salida favorable""]"
1655,Tarapacá,DEF-0102,4.0,Consumado,38,yes,1,0.99935985,1,1,base,drug_trafficking,normal,"[""No favorable"", ""Salida favorable""]"
13356,Aysén,DEF-0877,8.0,Consumado,26,no,0,0.2722828,0,0,base,drug_trafficking,normal,"[""No favorable"", ""Salida favorable""]"
5102,Arica y Parinacota,DEF-0031,15.0,Consumado,18,no,0,0.3171294,1,1,base,drug_trafficking,normal,"[""No favorable"", ""Salida favorable""]"
1646,Los Lagos,DEF-0111,14.0,Consumado,29,no,0,0.4136805,1,1,base,drug_trafficking,normal,"[""No favorable"", ""Salida favorable""]"
7499,Metropolitana,DEF-0157,2.0,Consumado,25,no,0,0.3530061,0,0,base,drug_trafficking,normal,"[""No favorable"", ""Salida favorable""]"
4154,Tarapacá,DEF-0107,4.0,Consumado,37,yes,1,0.99932986,1,1,base,drug_trafficking,normal,"[""No favorable"", ""Salida favorable""]"
11149,Coquimbo,DEF-0066,3.0,Consumado,18,no,0,0.40174812,1,1,base,drug_trafficking,normal,"[""No favorable"", ""Salida favorable""]"
5514,Bio Bío,DEF-0036,8.0,Consumado,27,no,0,0.42688274,0,0,base,drug_trafficking,normal,"[""No favorable"", ""Salida favorable""]"
2583,Arica y Parinacota,DEF-0012,11.0,Consumado,42,yes,1,0.9995023,1,1,base,drug_trafficking,normal,"[""No favorable"", ""Salida favorable""]"
1427,Coquimbo,DEF-0460,4.0,Consumado,26,yes,1,0.9978434,1,1,base,drug_trafficking,normal,"[""No favorable"", ""Salida favorable""]"
8250,Tarapacá,DEF-0106,4.0,Consumado,18,yes,1,0.9993753,1,1,base,drug_trafficking,normal,"[""No favorable"", ""Salida favorable""]"
16480,Los Ríos,DEF-0719,3.0,Consumado,23,no,0,0.28366375,0,0,base,drug_trafficking,normal,"[""No favorable"", ""Salida favorable""]"
12205,Arica y Parinacota,DEF-0869,6.0,Consumado,18,no,0,0.18857634,1,1,base,drug_trafficking,normal,"[""No favorable"", ""Salida favorable""]"
11014,Metropolitana,DEF-0063,0.0,Consumado,27,no,0,0.28335086,0,0,base,drug_trafficking,normal,"[""No favorable"", ""Salida favorable""]"
12708,Tarapacá,DEF-0533,3.0,Consumado,18,yes,1,0.99500924,1,1,base,drug_trafficking,normal,"[""No favorable"", ""Salida favorable""]"
6663,Tarapacá,DEF-0106,3.0,Consumado,18,yes,1,0.9993722,1,1,base,drug_trafficking,normal,"[""No favorable"", ""Salida favorable""]"
12467,Metropolitana,DEF-0047,1.0,Consumado,18,no,0,0.31437013,0,0,base,drug_trafficking,normal,"[""No favorable"", ""Salida favorable""]"
10209,Tarapacá,DEF-0102,4.0,Consumado,33,yes,1,0.9993702,1,1,base,drug_trafficking,normal,"[""No favorable"", ""Salida favorable""]"
12613,Arica y Parinacota,DEF-0031,5.0,Consumado,26,no,0,0.27676252,0,0,base,drug_trafficking,normal,"[""No favorable"", ""Salida favorable""]"
6861,Tarapacá,DEF-0660,5.0,Consumado,24,yes,1,0.98987585,1,1,base,drug_trafficking,normal,"[""No favorable"", ""Salida favorable""]"
14291,Metropolitana,DEF-0040,10.0,Consumado,18,no,0,0.34649068,0,0,base,drug_trafficking,normal,"[""No favorable"", ""Salida favorable""]"
14079,Antofagasta,DEF-0313,4.0,Consumado,21,no,0,0.20743978,0,0,base,drug_trafficking,normal,"[""No favorable"", ""Salida favorable""]"
5400,Metropolitana,DEF-0271,9.0,Consumado,30,no,0,0.34609982,0,0,base,drug_trafficking,normal,"[""No favorable"", ""Salida favorable""]"
1290,Metropolitana,DEF-0176,13.0,Consumado,35,no,0,0.37699068,0,0,base,drug_trafficking,normal,"[""No favorable"", ""Salida favorable""]"
15295,Arica y Parinacota,DEF-0263,7.0,Consumado,31,yes,1,0.99845684,1,1,base,drug_trafficking,normal,"[""No favorable"", ""Salida favorable""]"
9150,Arica y Parinacota,DEF-0230,1.0,Consumado,42,no,0,0.2486861,1,1,base,drug_trafficking,normal,"[""No favorable"", ""Salida favorable""]"
14757,Ñuble,DEF-0041,3.0,Consumado,23,no,0,0.30467126,0,0,base,drug_trafficking,normal,"[""No favorable"", ""Salida favorable""]"
9602,Metropolitana,DEF-0063,4.0,Consumado,22,no,0,0.29707,0,0,base,drug_trafficking,normal,"[""No favorable"", ""Salida favorable""]"
12821,Metropolitana,DEF-0390,4.0,Consumado,44,no,0,0.31517556,0,0,base,drug_trafficking,normal,"[""No favorable"", ""Salida favorable""]"
3644,Metropolitana,DEF-0370,4.0,Consumado,37,no,0,0.31849924,1,1,base,drug_trafficking,normal,"[""No favorable"", ""Salida favorable""]"
4051,Antofagasta,DEF-0059,7.0,Consumado,24,no,0,0.26920167,0,0,base,drug_trafficking,normal,"[""No favorable"", ""Salida favorable""]"
11483,Atacama,DEF-0505,8.0,Consumado,23,no,0,0.27218854,0,0,base,drug_trafficking,normal,"[""No favorable"", ""Salida favorable""]"
3675,Maule,DEF-0480,4.0,Consumado,37,no,0,0.30363148,0,0,base,drug_trafficking,normal,"[""No favorable"", ""Salida favorable""]"
5054,Tarapacá,DEF-0106,2.0,Consumado,30,yes,1,0.99934494,1,1,base,drug_trafficking,normal,"[""No favorable"", ""Salida favorable""]"
1102,Metropolitana,DEF-0086,13.0,Consumado,28,no,0,0.29874623,1,1,base,drug_trafficking,normal,"[""No favorable"", ""Salida favorable""]"
15711,Arica y Parinacota,DEF-0004,6.0,Consumado,20,no,0,0.20110793,0,0,base,drug_trafficking,normal,"[""No favorable"", ""Salida favorable""]"
2934,Metropolitana,DEF-0040,5.0,Consumado,32,no,0,0.3062625,0,0,base,drug_trafficking,normal,"[""No favorable"", ""Salida favorable""]"
14958,Metropolitana,DEF-0396,2.0,Consumado,18,no,0,0.31158614,0,0,base,drug_trafficking,normal,"[""No favorable"", ""Salida favorable""]"
7223,Maule,DEF-0329,6.0,Consumado,24,no,0,0.33197215,1,1,base,drug_trafficking,normal,"[""No favorable"", ""Salida favorable""]"
12119,Valparaíso,DEF-0532,2.0,Consumado,18,no,0,0.2905629,1,1,base,drug_trafficking,normal,"[""No favorable"", ""Salida favorable""]"
632,Metropolitana,DEF-0288,15.0,Consumado,31,no,0,0.3478269,0,0,base,drug_trafficking,normal,"[""No favorable"", ""Salida favorable""]"
12950,Maule,DEF-0335,5.0,Consumado,34,no,0,0.33046588,0,0,base,drug_trafficking,normal,"[""No favorable"", ""Salida favorable""]"
1371,Los Ríos,DEF-0452,6.0,Consumado,44,no,0,0.3156629,1,1,base,drug_trafficking,normal,"[""No favorable"", ""Salida favorable""]"
11040,Tarapacá,DEF-0102,2.0,Consumado,29,yes,1,0.9993717,1,1,base,drug_trafficking,normal,"[""No favorable"", ""Salida favorable""]"
10052,Metropolitana,DEF-0793,6.0,Consumado,36,yes,1,0.97822684,1,1,base,drug_trafficking,normal,"[""No favorable"", ""Salida favorable""]"
13998,Tarapacá,DEF-0614,5.0,Consumado,29,no,0,0.2862028,1,1,base,drug_trafficking,normal,"[""No favorable"", ""Salida favorable""]"
7479,Los Lagos,DEF-0720,19.0,Consumado,37,no,0,0.28953266,0,0,base,drug_trafficking,normal,"[""No favorable"", ""Salida favorable""]"
7212,Tarapacá,DEF-0124,2.0,Consumado,24,yes,1,0.9992103,1,1,base,drug_trafficking,normal,"[""No favorable"", ""Salida favorable""]"
1098,Metropolitana,DEF-0141,8.0,Consumado,35,no,0,0.35014847,0,0,base,drug_trafficking,normal,"[""No favorable"", ""Salida favorable""]"
9597,Metropolitana,DEF-0355,1.0,Consumado,18,no,0,0.31833866,1,1,base,drug_trafficking,normal,"[""No favorable"", ""Salida favorable""]"
6164,Coquimbo,DEF-0282,6.0,Consumado,21,no,0,0.383699,0,0,base,drug_trafficking,normal,"[""No favorable"", ""Salida favorable""]"
2751,Valparaíso,DEF-0136,6.0,Consumado,18,no,0,0.314956,1,1,base,drug_trafficking,normal,"[""No favorable"", ""Salida favorable""]"
5123,Ñuble,DEF-0709,14.0,Consumado,29,no,0,0.27978793,0,0,base,drug_trafficking,normal,"[""No favorable"", ""Salida favorable""]"
929,Atacama,DEF-0064,6.0,Consumado,34,no,0,0.37376451,0,0,base,drug_trafficking,normal,"[""No favorable"", ""Salida favorable""]"
1992,Metropolitana,DEF-0139,2.0,Consumado,37,no,0,0.33456886,0,0,base,drug_trafficking,normal,"[""No favorable"", ""Salida favorable""]"
5462,Tarapacá,DEF-0106,2.0,Consumado,18,yes,1,0.99936897,1,1,base,drug_trafficking,normal,"[""No favorable"", ""Salida favorable""]"
11966,Tarapacá,DEF-0660,3.0,Consumado,18,yes,1,0.9894599,1,1,base,drug_trafficking,normal,"[""No favorable"", ""Salida favorable""]"
1220,Libertador Bernardo O'Higgins,DEF-0351,2.0,Consumado,36,no,0,0.34277517,0,0,base,drug_trafficking,normal,"[""No favorable"", ""Salida favorable""]"
3356,Arica y Parinacota,DEF-0346,13.0,Consumado,20,yes,1,0.9983343,1,1,base,drug_trafficking,normal,"[""No favorable"", ""Salida favorable""]"
848,Valparaíso,DEF-0277,4.0,Consumado,25,no,0,0.3295042,1,1,base,drug_trafficking,normal,"[""No favorable"", ""Salida favorable""]"
2239,Coquimbo,DEF-0150,3.0,Consumado,18,no,0,0.44519696,1,1,base,drug_trafficking,normal,"[""No favorable"", ""Salida favorable""]"
13738,Metropolitana,DEF-0129,2.0,Consumado,28,no,0,0.32522073,0,0,base,drug_trafficking,normal,"[""No favorable"", ""Salida favorable""]"
10048,Metropolitana,DEF-0837,1.0,Consumado,19,no,0,0.27469832,1,1,base,drug_trafficking,normal,"[""No favorable"", ""Salida favorable""]"
1687,Metropolitana,DEF-0082,11.0,Consumado,22,no,0,0.29750896,0,0,base,drug_trafficking,normal,"[""No favorable"", ""Salida favorable""]"
10830,Tarapacá,DEF-0315,8.0,Consumado,30,yes,1,0.99783844,1,1,base,drug_trafficking,normal,"[""No favorable"", ""Salida favorable""]"
432,Arica y Parinacota,DEF-0230,22.0,Consumado,18,no,0,0.26929036,0,0,base,drug_trafficking,normal,"[""No favorable"", ""Salida favorable""]"
401,Arica y Parinacota,DEF-0005,16.0,Consumado,32,no,0,0.2316552,0,0,base,drug_trafficking,normal,"[""No favorable"", ""Salida favorable""]"
12440,Tarapacá,DEF-0660,9.0,Consumado,34,no,0,0.28399655,0,0,base,drug_trafficking,normal,"[""No favorable"", ""Salida favorable""]"
7270,Antofagasta,DEF-0052,6.0,Consumado,28,yes,1,0.9993748,1,1,base,drug_trafficking,normal,"[""No favorable"", ""Salida favorable""]"
14062,Antofagasta,DEF-0419,2.0,Consumado,42,no,0,0.18818644,1,1,base,drug_trafficking,normal,"[""No favorable"", ""Salida favorable""]"
897,Arica y Parinacota,DEF-0309,10.0,Consumado,37,no,0,0.23068231,0,0,base,drug_trafficking,normal,"[""No favorable"", ""Salida favorable""]"
4574,Arica y Parinacota,DEF-0309,0.0,Consumado,21,no,0,0.2418149,1,1,base,drug_trafficking,normal,"[""No favorable"", ""Salida favorable""]"
3322,Tarapacá,DEF-0102,4.0,Consumado,29,yes,1,0.9993781,1,1,base,drug_trafficking,normal,"[""No favorable"", ""Salida favorable""]"
7613,Bio Bío,DEF-0638,6.0,Consumado,23,no,0,0.299026,0,0,base,drug_trafficking,normal,"[""No favorable"", ""Salida favorable""]"
202,Antofagasta,DEF-0014,13.0,Consumado,40,no,0,0.23376098,0,0,base,drug_trafficking,normal,"[""No favorable"", ""Salida favorable""]"
9298,Metropolitana,DEF-0024,3.0,Consumado,36,no,0,0.33141214,0,0,base,drug_trafficking,normal,"[""No favorable"", ""Salida favorable""]"
14327,Tarapacá,DEF-0252,5.0,Consumado,38,no,0,0.3424682,0,0,base,drug_trafficking,normal,"[""No favorable"", ""Salida favorable""]"
3351,Tarapacá,DEF-0188,6.0,Consumado,25,yes,1,0.99853843,1,1,base,drug_trafficking,normal,"[""No favorable"", ""Salida favorable""]"
10730,Antofagasta,DEF-0621,2.0,Consumado,36,no,0,0.17166325,0,0,base,drug_trafficking,normal,"[""No favorable"", ""Salida favorable""]"
2895,Metropolitana,DEF-0291,2.0,Consumado,40,no,0,0.334661,0,0,base,drug_trafficking,normal,"[""No favorable"", ""Salida favorable""]"
11770,Metropolitana,DEF-0162,2.0,Consumado,20,no,0,0.35604286,0,0,base,drug_trafficking,normal,"[""No favorable"", ""Salida favorable""]"
4993,Tarapacá,DEF-0317,3.0,Consumado,28,yes,1,0.99776447,1,1,base,drug_trafficking,normal,"[""No favorable"", ""Salida favorable""]"
4646,Metropolitana,DEF-0101,1.0,Consumado,29,no,0,0.28213334,1,1,base,drug_trafficking,normal,"[""No favorable"", ""Salida favorable""]"
232,Los Lagos,DEF-0110,7.0,Consumado,37,no,0,0.3855865,1,1,base,drug_trafficking,normal,"[""No favorable"", ""Salida favorable""]"
837,Tarapacá,DEF-0113,6.0,Consumado,28,no,0,0.2923603,1,1,base,drug_trafficking,normal,"[""No favorable"", ""Salida favorable""]"
15754,Antofagasta,DEF-0859,4.0,Consumado,33,no,0,0.16314818,0,0,base,drug_trafficking,normal,"[""No favorable"", ""Salida favorable""]"
14874,Valparaíso,DEF-0524,4.0,Consumado,22,no,0,0.29197517,0,0,base,drug_trafficking,normal,"[""No favorable"", ""Salida favorable""]"
9773,Tarapacá,DEF-0106,5.0,Consumado,25,yes,1,0.99936527,1,1,base,drug_trafficking,normal,"[""No favorable"", ""Salida favorable""]"
10641,Antofagasta,DEF-0084,8.0,Consumado,25,no,0,0.27756435,1,1,base,drug_trafficking,normal,"[""No favorable"", ""Salida favorable""]"
16269,Antofagasta,DEF-0059,4.0,Consumado,39,no,0,0.2525854,0,0,base,drug_trafficking,normal,"[""No favorable"", ""Salida favorable""]"
111,Arica y Parinacota,DEF-0084,11.0,Consumado,18,no,0,0.32217216,0,0,base,drug_trafficking,normal,"[""No favorable"", ""Salida favorable""]"
5282,Metropolitana,DEF-0288,5.0,Consumado,18,no,0,0.3363117,0,0,base,drug_trafficking,normal,"[""No favorable"", ""Salida favorable""]"
7492,Antofagasta,DEF-0683,7.0,Consumado,29,no,0,0.16926785,0,0,base,drug_trafficking,normal,"[""No favorable"", ""Salida favorable""]"
10293,Tarapacá,DEF-0106,4.0,Consumado,21,yes,1,0.99936974,1,1,base,drug_trafficking,normal,"[""No favorable"", ""Salida favorable""]"
3537,Metropolitana,DEF-0197,8.0,Consumado,35,no,0,0.3663253,0,0,base,drug_trafficking,normal,"[""No favorable"", ""Salida favorable""]"
10522,Tarapacá,DEF-0251,5.0,Consumado,27,yes,1,0.9981402,1,1,base,drug_trafficking,normal,"[""No favorable"", ""Salida favorable""]"
14662,Tarapacá,DEF-0058,12.0,Consumado,24,no,0,0.3204053,0,0,base,drug_trafficking,normal,"[""No favorable"", ""Salida favorable""]"
2554,Tarapacá,DEF-0124,6.0,Consumado,37,yes,1,0.99919295,1,1,base,drug_trafficking,normal,"[""No favorable"", ""Salida favorable""]"
15029,Metropolitana,DEF-0289,3.0,Consumado,18,no,0,0.33435607,0,0,base,drug_trafficking,normal,"[""No favorable"", ""Salida favorable""]"
9436,Arica y Parinacota,DEF-0547,6.0,Consumado,18,yes,1,0.997545,1,1,base,drug_trafficking,normal,"[""No favorable"", ""Salida favorable""]"
16261,Antofagasta,DEF-0314,4.0,Consumado,18,yes,1,0.9977237,1,1,base,drug_trafficking,normal,"[""No favorable"", ""Salida favorable""]"
2649,Tarapacá,DEF-0106,5.0,Consumado,26,yes,1,0.9993633,1,1,base,drug_trafficking,normal,"[""No favorable"", ""Salida favorable""]"
16386,Tarapacá,DEF-0896,5.0,Consumado,19,yes,1,0.9427585,1,1,base,drug_trafficking,normal,"[""No favorable"", ""Salida favorable""]"
4290,Coquimbo,DEF-0336,3.0,Consumado,25,no,0,0.35893545,0,0,base,drug_trafficking,normal,"[""No favorable"", ""Salida favorable""]"
7545,Arica y Parinacota,DEF-0108,6.0,Consumado,27,no,0,0.3052254,1,1,base,drug_trafficking,normal,"[""No favorable"", ""Salida favorable""]"
5711,Tarapacá,DEF-0270,3.0,Consumado,38,yes,1,0.99800766,1,1,base,drug_trafficking,normal,"[""No favorable"", ""Salida favorable""]"
9131,Los Lagos,DEF-0332,1.0,Consumado,26,no,0,0.341335,0,0,base,drug_trafficking,normal,"[""No favorable"", ""Salida favorable""]"
12246,Arica y Parinacota,DEF-0478,4.0,Consumado,19,no,0,0.21266724,0,0,base,drug_trafficking,normal,"[""No favorable"", ""Salida favorable""]"
9682,Tarapacá,DEF-0317,8.0,Consumado,34,yes,1,0.9978174,1,1,base,drug_trafficking,normal,"[""No favorable"", ""Salida favorable""]"
6274,Bio Bío,DEF-0618,5.0,Consumado,22,no,0,0.30120155,1,1,base,drug_trafficking,normal,"[""No favorable"", ""Salida favorable""]"
9566,Tarapacá,DEF-0270,7.0,Consumado,27,yes,1,0.99806887,1,1,base,drug_trafficking,normal,"[""No favorable"", ""Salida favorable""]"
8349,Libertador Bernardo O'Higgins,DEF-0351,4.0,Consumado,23,no,0,0.34365448,1,1,base,drug_trafficking,normal,"[""No favorable"", ""Salida favorable""]"
10248,Tarapacá,DEF-0301,5.0,Consumado,18,yes,1,0.9979043,1,1,base,drug_trafficking,normal,"[""No favorable"", ""Salida favorable""]"
1785,Magallanes y Antártica Chilena,DEF-0028,5.0,Consumado,38,no,0,0.32147467,1,1,base,drug_trafficking,normal,"[""No favorable"", ""Salida favorable""]"
2555,Metropolitana,DEF-0250,3.0,Consumado,32,no,0,0.3457336,0,0,base,drug_trafficking,normal,"[""No favorable"", ""Salida favorable""]"
5532,Atacama,DEF-0241,8.0,Consumado,36,no,0,0.33715665,1,1,base,drug_trafficking,normal,"[""No favorable"", ""Salida favorable""]"
6338,Bio Bío,DEF-0617,9.0,Consumado,29,no,0,0.3028272,1,1,base,drug_trafficking,normal,"[""No favorable"", ""Salida favorable""]"
9139,Antofagasta,DEF-0084,7.0,Consumado,21,yes,1,0.99914587,1,1,base,drug_trafficking,normal,"[""No favorable"", ""Salida favorable""]"
13197,Antofagasta,DEF-0274,5.0,Consumado,38,no,0,0.21510747,1,1,base,drug_trafficking,normal,"[""No favorable"", ""Salida favorable""]"
14766,Bio Bío,DEF-0155,1.0,Consumado,28,no,0,0.4510464,1,1,base,drug_trafficking,normal,"[""No favorable"", ""Salida favorable""]"
5344,Tarapacá,DEF-0124,7.0,Consumado,18,yes,1,0.9992483,1,1,base,drug_trafficking,normal,"[""No favorable"", ""Salida favorable""]"
7965,Metropolitana,DEF-0147,1.0,Consumado,43,no,0,0.3397532,0,0,base,drug_trafficking,normal,"[""No favorable"", ""Salida favorable""]"
13802,Tarapacá,DEF-0106,3.0,Consumado,35,yes,1,0.99933755,1,1,base,drug_trafficking,normal,"[""No favorable"", ""Salida favorable""]"
16432,Arica y Parinacota,DEF-0234,3.0,Consumado,25,yes,1,0.9985452,1,1,base,drug_trafficking,normal,"[""No favorable"", ""Salida favorable""]"
3711,Antofagasta,DEF-0246,5.0,Consumado,25,no,0,0.22301066,0,0,base,drug_trafficking,normal,"[""No favorable"", ""Salida favorable""]"
16672,Metropolitana,DEF-0177,0.0,Consumado,26,no,0,0.35563773,0,0,base,drug_trafficking,normal,"[""No favorable"", ""Salida favorable""]"
9165,Coquimbo,DEF-0051,3.0,Consumado,29,yes,1,0.9995166,1,1,base,drug_trafficking,normal,"[""No favorable"", ""Salida favorable""]"
12842,Libertador Bernardo O'Higgins,DEF-0595,3.0,Consumado,23,no,0,0.2979682,1,1,base,drug_trafficking,normal,"[""No favorable"", ""Salida favorable""]"
16285,Antofagasta,DEF-0766,3.0,Consumado,40,yes,1,0.98859876,1,1,base,drug_trafficking,normal,"[""No favorable"", ""Salida favorable""]"
10338,La Araucanía,DEF-0611,6.0,Consumado,27,no,0,0.29942235,0,0,base,drug_trafficking,normal,"[""No favorable"", ""Salida favorable""]"
8811,Metropolitana,DEF-0291,3.0,Consumado,27,no,0,0.3344283,1,1,base,drug_trafficking,normal,"[""No favorable"", ""Salida favorable""]"
14140,Valparaíso,DEF-0909,6.0,Consumado,27,no,0,0.2718763,1,1,base,drug_trafficking,normal,"[""No favorable"", ""Salida favorable""]"
16117,Libertador Bernardo O'Higgins,DEF-0115,3.0,Consumado,27,no,0,0.40595594,0,0,base,drug_trafficking,normal,"[""No favorable"", ""Salida favorable""]"
8278,Tarapacá,DEF-0124,4.0,Consumado,23,yes,1,0.99922234,1,1,base,drug_trafficking,normal,"[""No favorable"", ""Salida favorable""]"
10413,Tarapacá,DEF-0073,7.0,Consumado,18,yes,1,0.9994843,1,1,base,drug_trafficking,normal,"[""No favorable"", ""Salida favorable""]"
14719,Antofagasta,DEF-0689,5.0,Consumado,33,no,0,0.16864654,0,0,base,drug_trafficking,normal,"[""No favorable"", ""Salida favorable""]"
8040,Valparaíso,DEF-0594,4.0,Consumado,18,no,0,0.28597003,0,0,base,drug_trafficking,normal,"[""No favorable"", ""Salida favorable""]"
12635,Tarapacá,DEF-0106,4.0,Consumado,29,no,0,0.27867386,0,0,base,drug_trafficking,normal,"[""No favorable"", ""Salida favorable""]"
16178,Atacama,DEF-0911,2.0,Consumado,23,no,0,0.24241695,0,0,base,drug_trafficking,normal,"[""No favorable"", ""Salida favorable""]"
3558,Metropolitana,DEF-0022,2.0,Consumado,37,no,0,0.33438015,0,0,base,drug_trafficking,normal,"[""No favorable"", ""Salida favorable""]"
4997,Metropolitana,DEF-0008,4.0,Consumado,27,no,0,0.18312407,1,1,base,drug_trafficking,normal,"[""No favorable"", ""Salida favorable""]"
9245,Tarapacá,DEF-0732,6.0,Consumado,18,yes,1,0.9836655,1,1,base,drug_trafficking,normal,"[""No favorable"", ""Salida favorable""]"
14930,Tarapacá,DEF-0058,9.0,Consumado,27,yes,1,0.99947464,1,1,base,drug_trafficking,normal,"[""No favorable"", ""Salida favorable""]"
7912,Metropolitana,DEF-0082,4.0,Consumado,32,no,0,0.27497163,1,1,base,drug_trafficking,normal,"[""No favorable"", ""Salida favorable""]"
14204,Maule,DEF-0409,6.0,Consumado,39,no,0,0.31609583,0,0,base,drug_trafficking,normal,"[""No favorable"", ""Salida favorable""]"
7980,Bio Bío,DEF-0506,12.0,Consumado,43,no,0,0.32457846,0,0,base,drug_trafficking,normal,"[""No favorable"", ""Salida favorable""]"
14117,Tarapacá,DEF-0124,10.0,Consumado,41,no,0,0.31048918,1,1,base,drug_trafficking,normal,"[""No favorable"", ""Salida favorable""]"
7651,Valparaíso,DEF-0417,3.0,Consumado,36,no,0,0.30413172,0,0,base,drug_trafficking,normal,"[""No favorable"", ""Salida favorable""]"
1385,Metropolitana,DEF-0139,8.0,Consumado,34,no,0,0.34826234,0,0,base,drug_trafficking,normal,"[""No favorable"", ""Salida favorable""]"
1441,Valparaíso,DEF-0151,7.0,Consumado,20,no,0,0.33326626,1,1,base,drug_trafficking,normal,"[""No favorable"", ""Salida favorable""]"
1094,Coquimbo,DEF-0030,5.0,Consumado,20,no,0,0.40510195,1,1,base,drug_trafficking,normal,"[""No favorable"", ""Salida favorable""]"
14018,Tarapacá,DEF-0614,8.0,Consumado,28,no,0,0.28695947,0,0,base,drug_trafficking,normal,"[""No favorable"", ""Salida favorable""]"
7570,Coquimbo,DEF-0323,5.0,Consumado,40,no,0,0.36793277,1,1,base,drug_trafficking,normal,"[""No favorable"", ""Salida favorable""]"
12830,Arica y Parinacota,DEF-0383,6.0,Consumado,20,yes,1,0.99824333,1,1,base,drug_trafficking,normal,"[""No favorable"", ""Salida favorable""]"
3105,Arica y Parinacota,DEF-0005,6.0,Consumado,29,yes,1,0.9994792,1,1,base,drug_trafficking,normal,"[""No favorable"", ""Salida favorable""]"
12445,Maule,DEF-0409,2.0,Consumado,26,no,0,0.3129028,1,1,base,drug_trafficking,normal,"[""No favorable"", ""Salida favorable""]"
4277,Antofagasta,DEF-0011,14.0,Consumado,21,no,0,0.25496736,0,0,base,drug_trafficking,normal,"[""No favorable"", ""Salida favorable""]"
16069,Valparaíso,DEF-0671,8.0,Consumado,31,yes,1,0.9883125,1,1,base,drug_trafficking,normal,"[""No favorable"", ""Salida favorable""]"
13934,Antofagasta,DEF-0313,3.0,Consumado,34,no,0,0.20569395,0,0,base,drug_trafficking,normal,"[""No favorable"", ""Salida favorable""]"
15472,Tarapacá,DEF-0317,4.0,Consumado,20,yes,1,0.9977931,1,1,base,drug_trafficking,normal,"[""No favorable"", ""Salida favorable""]"
10083,Metropolitana,DEF-0281,3.0,Consumado,32,no,0,0.33744684,0,0,base,drug_trafficking,normal,"[""No favorable"", ""Salida favorable""]"
14776,Antofagasta,DEF-0922,3.0,Consumado,33,yes,1,0.9728291,1,1,base,drug_trafficking,normal,"[""No favorable"", ""Salida favorable""]"
13241,Arica y Parinacota,DEF-0816,10.0,Consumado,26,no,0,0.18388669,0,0,base,drug_trafficking,normal,"[""No favorable"", ""Salida favorable""]"
4461,Tarapacá,DEF-0106,3.0,Consumado,35,yes,1,0.99933755,1,1,base,drug_trafficking,normal,"[""No favorable"", ""Salida favorable""]"
16641,Metropolitana,DEF-0043,1.0,Consumado,18,no,0,0.3169808,0,0,base,drug_trafficking,normal,"[""No favorable"", ""Salida favorable""]"
3145,Tarapacá,DEF-0533,5.0,Consumado,34,yes,1,0.9950953,1,1,base,drug_trafficking,normal,"[""No favorable"", ""Salida favorable""]"
15764,Tarapacá,DEF-0058,4.0,Consumado,29,yes,1,0.999463,1,1,base,drug_trafficking,normal,"[""No favorable"", ""Salida favorable""]"
14603,Tarapacá,DEF-0190,7.0,Consumado,20,no,0,0.35667574,0,0,base,drug_trafficking,normal,"[""No favorable"", ""Salida favorable""]"
15018,Tarapacá,DEF-0114,7.0,Consumado,38,no,0,0.29006392,0,0,base,drug_trafficking,normal,"[""No favorable"", ""Salida favorable""]"
52,Arica y Parinacota,DEF-0044,9.0,Consumado,30,no,0,0.2837906,1,1,base,drug_trafficking,normal,"[""No favorable"", ""Salida favorable""]"
3640,Valparaíso,DEF-0086,4.0,Consumado,27,no,0,0.2592047,0,0,base,drug_trafficking,normal,"[""No favorable"", ""Salida favorable""]"
5981,Valparaíso,DEF-0286,7.0,Consumado,18,yes,1,0.99790907,1,1,base,drug_trafficking,normal,"[""No favorable"", ""Salida favorable""]"
8017,Tarapacá,DEF-0315,8.0,Consumado,26,no,0,0.3284528,1,1,base,drug_trafficking,normal,"[""No favorable"", ""Salida favorable""]"
3818,Atacama,DEF-0440,6.0,Consumado,38,no,0,0.27245215,0,0,base,drug_trafficking,normal,"[""No favorable"", ""Salida favorable""]"
8096,Tarapacá,DEF-0124,4.0,Consumado,30,yes,1,0.9992034,1,1,base,drug_trafficking,normal,"[""No favorable"", ""Salida favorable""]"
1175,Valparaíso,DEF-0330,6.0,Consumado,34,no,0,0.32031927,1,1,base,drug_trafficking,normal,"[""No favorable"", ""Salida favorable""]"
14567,Metropolitana,DEF-0519,1.0,Consumado,36,no,0,0.29561532,1,1,base,drug_trafficking,normal,"[""No favorable"", ""Salida favorable""]"
8637,Antofagasta,DEF-0059,8.0,Consumado,18,yes,1,0.999374,1,1,base,drug_trafficking,normal,"[""No favorable"", ""Salida favorable""]"
3096,Libertador Bernardo O'Higgins,DEF-0562,2.0,Consumado,19,no,0,0.30158645,0,0,base,drug_trafficking,normal,"[""No favorable"", ""Salida favorable""]"
12603,Metropolitana,DEF-0479,1.0,Consumado,26,no,0,0.2996638,0,0,base,drug_trafficking,normal,"[""No favorable"", ""Salida favorable""]"
2167,Metropolitana,DEF-0529,7.0,Consumado,30,no,0,0.29654825,0,0,base,drug_trafficking,normal,"[""No favorable"", ""Salida favorable""]"
5705,Antofagasta,DEF-0246,7.0,Consumado,22,no,0,0.22468801,0,0,base,drug_trafficking,normal,"[""No favorable"", ""Salida favorable""]"
2627,Metropolitana,DEF-0193,13.0,Consumado,28,no,0,0.374256,0,0,base,drug_trafficking,normal,"[""No favorable"", ""Salida favorable""]"
10561,Tarapacá,DEF-0102,4.0,Consumado,18,yes,1,0.99939793,1,1,base,drug_trafficking,normal,"[""No favorable"", ""Salida favorable""]"
10657,Tarapacá,DEF-0106,4.0,Consumado,32,yes,1,0.9993476,1,1,base,drug_trafficking,normal,"[""No favorable"", ""Salida favorable""]"
10902,Tarapacá,DEF-0660,3.0,Consumado,26,yes,1,0.9894773,1,1,base,drug_trafficking,normal,"[""No favorable"", ""Salida favorable""]"
8604,Magallanes y Antártica Chilena,DEF-0711,9.0,Consumado,22,no,0,0.28422108,0,0,base,drug_trafficking,normal,"[""No favorable"", ""Salida favorable""]"
14033,Tarapacá,DEF-0100,7.0,Consumado,31,no,0,0.27733737,0,0,base,drug_trafficking,normal,"[""No favorable"", ""Salida favorable""]"
7547,Tarapacá,DEF-0732,8.0,Consumado,26,yes,1,0.9844314,1,1,base,drug_trafficking,normal,"[""No favorable"", ""Salida favorable""]"
4678,Metropolitana,DEF-0415,6.0,Consumado,34,no,0,0.31161836,1,1,base,drug_trafficking,normal,"[""No favorable"", ""Salida favorable""]"
10600,Arica y Parinacota,DEF-0225,18.0,Consumado,22,no,0,0.26717272,0,0,base,drug_trafficking,normal,"[""No favorable"", ""Salida favorable""]"
8526,Metropolitana,DEF-0514,5.0,Consumado,18,no,0,0.29723328,0,0,base,drug_trafficking,normal,"[""No favorable"", ""Salida favorable""]"
12350,Tarapacá,DEF-0660,2.0,Consumado,18,no,0,0.28232682,0,0,base,drug_trafficking,normal,"[""No favorable"", ""Salida favorable""]"
13255,Antofagasta,DEF-0314,7.0,Consumado,36,no,0,0.20750774,0,0,base,drug_trafficking,normal,"[""No favorable"", ""Salida favorable""]"
12646,Metropolitana,DEF-0045,3.0,Consumado,24,no,0,0.31140888,0,0,base,drug_trafficking,normal,"[""No favorable"", ""Salida favorable""]"
10584,Maule,DEF-0213,4.0,Consumado,41,no,0,0.36503834,0,0,base,drug_trafficking,normal,"[""No favorable"", ""Salida favorable""]"
3860,Metropolitana,DEF-0624,4.0,Consumado,20,no,0,0.2864816,0,0,base,drug_trafficking,normal,"[""No favorable"", ""Salida favorable""]"
12773,Metropolitana,DEF-0003,1.0,Consumado,24,no,0,0.16295771,0,0,base,drug_trafficking,normal,"[""No favorable"", ""Salida favorable""]"
11247,Valparaíso,DEF-0300,6.0,Consumado,23,no,0,0.3259254,0,0,base,drug_trafficking,normal,"[""No favorable"", ""Salida favorable""]"
1347,Metropolitana,DEF-0215,2.0,Consumado,31,no,0,0.35379365,0,0,base,drug_trafficking,normal,"[""No favorable"", ""Salida favorable""]"
1084,Tarapacá,DEF-0270,10.0,Consumado,23,yes,1,0.99810445,1,1,base,drug_trafficking,normal,"[""No favorable"", ""Salida favorable""]"
12398,Atacama,DEF-0482,4.0,Consumado,23,yes,1,0.99798274,1,1,base,drug_trafficking,normal,"[""No favorable"", ""Salida favorable""]"
9355,Metropolitana,DEF-0365,6.0,Consumado,23,no,0,0.31976047,1,1,base,drug_trafficking,normal,"[""No favorable"", ""Salida favorable""]"
16288,Metropolitana,DEF-0139,2.0,Consumado,33,no,0,0.33611763,0,0,base,drug_trafficking,normal,"[""No favorable"", ""Salida favorable""]"
6886,Metropolitana,DEF-0770,4.0,Consumado,18,no,0,0.2778468,0,0,base,drug_trafficking,normal,"[""No favorable"", ""Salida favorable""]"
10232,Ñuble,DEF-0321,12.0,Consumado,30,no,0,0.32259795,1,1,base,drug_trafficking,normal,"[""No favorable"", ""Salida favorable""]"
12768,Valparaíso,DEF-0671,4.0,Consumado,18,no,0,0.28088492,0,0,base,drug_trafficking,normal,"[""No favorable"", ""Salida favorable""]"
7026,Metropolitana,DEF-0358,6.0,Consumado,21,no,0,0.32108384,0,0,base,drug_trafficking,normal,"[""No favorable"", ""Salida favorable""]"
10485,Metropolitana,DEF-0192,9.0,Consumado,27,no,0,0.36797968,0,0,base,drug_trafficking,normal,"[""No favorable"", ""Salida favorable""]"
15513,Tarapacá,DEF-0058,3.0,Consumado,18,yes,1,0.9994748,1,1,base,drug_trafficking,normal,"[""No favorable"", ""Salida favorable""]"
2255,Valparaíso,DEF-0360,5.0,Consumado,34,no,0,0.3138683,1,1,base,drug_trafficking,normal,"[""No favorable"", ""Salida favorable""]"
6490,Tarapacá,DEF-0106,2.0,Consumado,18,yes,1,0.99936897,1,1,base,drug_trafficking,normal,"[""No favorable"", ""Salida favorable""]"
1432,Tarapacá,DEF-0153,8.0,Consumado,30,no,0,0.3468908,0,0,base,drug_trafficking,normal,"[""No favorable"", ""Salida favorable""]"
1742,Maule,DEF-0293,13.0,Consumado,18,no,0,0.3478453,1,1,base,drug_trafficking,normal,"[""No favorable"", ""Salida favorable""]"
3514,Tarapacá,DEF-0107,4.0,Consumado,18,yes,1,0.9993692,1,1,base,drug_trafficking,normal,"[""No favorable"", ""Salida favorable""]"
6740,Tarapacá,DEF-0660,2.0,Consumado,18,yes,1,0.9892452,1,1,base,drug_trafficking,normal,"[""No favorable"", ""Salida favorable""]"
14199,Los Lagos,DEF-0238,5.0,Consumado,29,no,0,0.37859756,0,0,base,drug_trafficking,normal,"[""No favorable"", ""Salida favorable""]"
2247,Arica y Parinacota,DEF-0225,10.0,Consumado,30,no,0,0.25950348,0,0,base,drug_trafficking,normal,"[""No favorable"", ""Salida favorable""]"
13915,Metropolitana,DEF-0040,6.0,Consumado,29,no,0,0.31395835,0,0,base,drug_trafficking,normal,"[""No favorable"", ""Salida favorable""]"
10174,Antofagasta,DEF-0689,5.0,Consumado,18,yes,1,0.9937978,1,1,base,drug_trafficking,normal,"[""No favorable"", ""Salida favorable""]"
13548,Arica y Parinacota,DEF-0305,9.0,Consumado,29,no,0,0.23572254,1,1,base,drug_trafficking,normal,"[""No favorable"", ""Salida favorable""]"
6541,Valparaíso,DEF-0532,5.0,Consumado,32,no,0,0.29172778,0,0,base,drug_trafficking,normal,"[""No favorable"", ""Salida favorable""]"
13631,Aysén,DEF-0635,6.0,Consumado,18,no,0,0.2939266,0,0,base,drug_trafficking,normal,"[""No favorable"", ""Salida favorable""]"
9801,Arica y Parinacota,DEF-0309,14.0,Consumado,19,yes,1,0.99841785,1,1,base,drug_trafficking,normal,"[""No favorable"", ""Salida favorable""]"
6617,Tarapacá,DEF-0106,5.0,Consumado,18,yes,1,0.9993784,1,1,base,drug_trafficking,normal,"[""No favorable"", ""Salida favorable""]"
1647,Valparaíso,DEF-0462,5.0,Consumado,30,no,0,0.2990075,1,1,base,drug_trafficking,normal,"[""No favorable"", ""Salida favorable""]"
13067,Tarapacá,DEF-0102,5.0,Consumado,35,yes,1,0.9993694,1,1,base,drug_trafficking,normal,"[""No favorable"", ""Salida favorable""]"
5759,Metropolitana,DEF-0733,4.0,Consumado,19,no,0,0.2796032,0,0,base,drug_trafficking,normal,"[""No favorable"", ""Salida favorable""]"
3237,Tarapacá,DEF-0124,5.0,Consumado,28,yes,1,0.9992136,1,1,base,drug_trafficking,normal,"[""No favorable"", ""Salida favorable""]"
8681,Tarapacá,DEF-0660,4.0,Consumado,26,yes,1,0.98967993,1,1,base,drug_trafficking,normal,"[""No favorable"", ""Salida favorable""]"
8384,Tarapacá,DEF-0317,5.0,Consumado,30,yes,1,0.99778795,1,1,base,drug_trafficking,normal,"[""No favorable"", ""Salida favorable""]"
10599,Arica y Parinacota,DEF-0044,13.0,Consumado,18,no,0,0.31416067,0,0,base,drug_trafficking,normal,"[""No favorable"", ""Salida favorable""]"
12089,Tarapacá,DEF-0106,4.0,Consumado,24,yes,1,0.99936396,1,1,base,drug_trafficking,normal,"[""No favorable"", ""Salida favorable""]"
15868,Tarapacá,DEF-0153,8.0,Consumado,30,no,0,0.3468908,0,0,base,drug_trafficking,normal,"[""No favorable"", ""Salida favorable""]"
11851,Metropolitana,DEF-0470,4.0,Consumado,29,no,0,0.30219844,0,0,base,drug_trafficking,normal,"[""No favorable"", ""Salida favorable""]"
1501,Valparaíso,DEF-0279,1.0,Consumado,36,no,0,0.32743168,1,1,base,drug_trafficking,normal,"[""No favorable"", ""Salida favorable""]"
1201,Metropolitana,DEF-0197,3.0,Consumado,39,no,0,0.35936925,1,1,base,drug_trafficking,normal,"[""No favorable"", ""Salida favorable""]"
3030,Ñuble,DEF-0590,9.0,Consumado,22,no,0,0.28606316,0,0,base,drug_trafficking,normal,"[""No favorable"", ""Salida favorable""]"
7321,Antofagasta,DEF-0523,7.0,Consumado,39,yes,1,0.99571973,1,1,base,drug_trafficking,normal,"[""No favorable"", ""Salida favorable""]"
302,Los Lagos,DEF-0186,15.0,Consumado,27,no,0,0.42044005,0,0,base,drug_trafficking,normal,"[""No favorable"", ""Salida favorable""]"
13706,Tarapacá,DEF-0270,1.0,Consumado,33,no,0,0.33375964,0,0,base,drug_trafficking,normal,"[""No favorable"", ""Salida favorable""]"
12827,Tarapacá,DEF-0058,3.0,Consumado,19,yes,1,0.99947363,1,1,base,drug_trafficking,normal,"[""No favorable"", ""Salida favorable""]"
11412,Metropolitana,DEF-0250,7.0,Consumado,37,no,0,0.35078898,0,0,base,drug_trafficking,normal,"[""No favorable"", ""Salida favorable""]"
3686,Metropolitana,DEF-0193,5.0,Consumado,18,no,0,0.36154246,0,0,base,drug_trafficking,normal,"[""No favorable"", ""Salida favorable""]"
3523,Arica y Parinacota,DEF-0309,11.0,Consumado,35,no,0,0.23173448,0,0,base,drug_trafficking,normal,"[""No favorable"", ""Salida favorable""]"
16050,Valparaíso,DEF-0545,1.0,Consumado,25,no,0,0.28926897,0,0,base,drug_trafficking,normal,"[""No favorable"", ""Salida favorable""]"
1445,Antofagasta,DEF-0052,5.0,Consumado,27,no,0,0.2595393,0,0,base,drug_trafficking,normal,"[""No favorable"", ""Salida favorable""]"
13001,Arica y Parinacota,DEF-0556,10.0,Consumado,26,no,0,0.19836737,0,0,base,drug_trafficking,normal,"[""No favorable"", ""Salida favorable""]"
10114,Bio Bío,DEF-0639,4.0,Consumado,27,no,0,0.29814446,1,1,base,drug_trafficking,normal,"[""No favorable"", ""Salida favorable""]"
8655,Tarapacá,DEF-0660,7.0,Consumado,26,yes,1,0.9902506,1,1,base,drug_trafficking,normal,"[""No favorable"", ""Salida favorable""]"
6876,Antofagasta,DEF-0654,7.0,Consumado,27,no,0,0.1708789,0,0,base,drug_trafficking,normal,"[""No favorable"", ""Salida favorable""]"
8483,Tarapacá,DEF-0270,5.0,Consumado,30,yes,1,0.9980436,1,1,base,drug_trafficking,normal,"[""No favorable"", ""Salida favorable""]"
8244,Tarapacá,DEF-0004,8.0,Consumado,38,no,0,0.17079891,0,0,base,drug_trafficking,normal,"[""No favorable"", ""Salida favorable""]"
5068,Libertador Bernardo O'Higgins,DEF-0707,9.0,Consumado,25,no,0,0.28887752,1,1,base,drug_trafficking,normal,"[""No favorable"", ""Salida favorable""]"
1274,Arica y Parinacota,DEF-0118,15.0,Consumado,20,no,0,0.3171028,0,0,base,drug_trafficking,normal,"[""No favorable"", ""Salida favorable""]"
13987,La Araucanía,DEF-0640,4.0,Consumado,33,no,0,0.2954804,0,0,base,drug_trafficking,normal,"[""No favorable"", ""Salida favorable""]"
15040,Tarapacá,DEF-0884,6.0,Consumado,26,yes,1,0.9499689,1,1,base,drug_trafficking,normal,"[""No favorable"", ""Salida favorable""]"
1757,Tarapacá,DEF-0106,5.0,Consumado,33,yes,1,0.99934894,1,1,base,drug_trafficking,normal,"[""No favorable"", ""Salida favorable""]"
1521,Arica y Parinacota,DEF-0012,8.0,Consumado,23,yes,1,0.999522,1,1,base,drug_trafficking,normal,"[""No favorable"", ""Salida favorable""]"
1582,Arica y Parinacota,DEF-0309,11.0,Consumado,24,no,0,0.23753232,0,0,base,drug_trafficking,normal,"[""No favorable"", ""Salida favorable""]"
13114,Los Lagos,DEF-0879,1.0,Consumado,33,no,0,0.2761954,0,0,base,drug_trafficking,normal,"[""No favorable"", ""Salida favorable""]"
1444,Valparaíso,DEF-0360,6.0,Consumado,24,no,0,0.31389186,0,0,base,drug_trafficking,normal,"[""No favorable"", ""Salida favorable""]"
6461,Arica y Parinacota,DEF-0309,17.0,Consumado,18,no,0,0.24110578,0,0,base,drug_trafficking,normal,"[""No favorable"", ""Salida favorable""]"
8873,Metropolitana,DEF-0765,2.0,Consumado,28,no,0,0.27783346,0,0,base,drug_trafficking,normal,"[""No favorable"", ""Salida favorable""]"
15415,Tarapacá,DEF-0660,1.0,Consumado,30,no,0,0.28220403,1,1,base,drug_trafficking,normal,"[""No favorable"", ""Salida favorable""]"
2154,Metropolitana,DEF-0214,14.0,Consumado,29,no,0,0.3701338,0,0,base,drug_trafficking,normal,"[""No favorable"", ""Salida favorable""]"
9390,Valparaíso,DEF-0265,5.0,Consumado,30,no,0,0.33358443,0,0,base,drug_trafficking,normal,"[""No favorable"", ""Salida favorable""]"
8217,Tarapacá,DEF-0533,6.0,Consumado,30,yes,1,0.99517334,1,1,base,drug_trafficking,normal,"[""No favorable"", ""Salida favorable""]"
6559,Antofagasta,DEF-0084,6.0,Consumado,18,yes,1,0.9991655,1,1,base,drug_trafficking,normal,"[""No favorable"", ""Salida favorable""]"
9231,Metropolitana,DEF-0807,3.0,Consumado,27,no,0,0.27609426,0,0,base,drug_trafficking,normal,"[""No favorable"", ""Salida favorable""]"
12757,Antofagasta,DEF-0683,4.0,Consumado,19,yes,1,0.9938825,1,1,base,drug_trafficking,normal,"[""No favorable"", ""Salida favorable""]"
1958,Arica y Parinacota,DEF-0029,8.0,Consumado,20,no,0,0.2943827,0,0,base,drug_trafficking,normal,"[""No favorable"", ""Salida favorable""]"
16190,Arica y Parinacota,DEF-0029,7.0,Consumado,30,no,0,0.2714498,0,0,base,drug_trafficking,normal,"[""No favorable"", ""Salida favorable""]"
11446,Arica y Parinacota,DEF-0118,8.0,Consumado,33,no,0,0.29921275,0,0,base,drug_trafficking,normal,"[""No favorable"", ""Salida favorable""]"
2457,Metropolitana,DEF-0193,5.0,Consumado,18,no,0,0.36154246,0,0,base,drug_trafficking,normal,"[""No favorable"", ""Salida favorable""]"
15402,Valparaíso,DEF-0784,2.0,Consumado,26,no,0,0.27541262,1,1,base,drug_trafficking,normal,"[""No favorable"", ""Salida favorable""]"
5396,Antofagasta,DEF-0268,4.0,Consumado,37,no,0,0.21596067,0,0,base,drug_trafficking,normal,"[""No favorable"", ""Salida favorable""]"
8514,Arica y Parinacota,DEF-0031,8.0,Consumado,19,no,0,0.2976252,1,1,base,drug_trafficking,normal,"[""No favorable"", ""Salida favorable""]"
12512,Tarapacá,DEF-0190,1.0,Consumado,18,no,0,0.34905943,0,0,base,drug_trafficking,normal,"[""No favorable"", ""Salida favorable""]"
1668,Tarapacá,DEF-0270,8.0,Consumado,21,no,0,0.33915055,1,1,base,drug_trafficking,normal,"[""No favorable"", ""Salida favorable""]"
2717,La Araucanía,DEF-0173,1.0,Consumado,18,no,0,0.4184824,1,1,base,drug_trafficking,normal,"[""No favorable"", ""Salida favorable""]"
7205,La Araucanía,DEF-0127,2.0,Consumado,23,no,0,0.43047464,0,0,base,drug_trafficking,normal,"[""No favorable"", ""Salida favorable""]"
5019,Los Lagos,DEF-0646,2.0,Consumado,18,no,0,0.29039806,0,0,base,drug_trafficking,normal,"[""No favorable"", ""Salida favorable""]"
6325,Bio Bío,DEF-0382,3.0,Consumado,33,no,0,0.34836727,1,1,base,drug_trafficking,normal,"[""No favorable"", ""Salida favorable""]"
12386,Tarapacá,DEF-0102,2.0,Consumado,28,yes,1,0.9993737,1,1,base,drug_trafficking,normal,"[""No favorable"", ""Salida favorable""]"
14856,Tarapacá,DEF-0884,6.0,Consumado,29,yes,1,0.95020825,1,1,base,drug_trafficking,normal,"[""No favorable"", ""Salida favorable""]"
3781,Valparaíso,DEF-0091,5.0,Consumado,24,no,0,0.261693,0,0,base,drug_trafficking,normal,"[""No favorable"", ""Salida favorable""]"
8826,Tarapacá,DEF-0484,3.0,Consumado,18,no,0,0.29743588,0,0,base,drug_trafficking,normal,"[""No favorable"", ""Salida favorable""]"
14123,Valparaíso,DEF-0406,0.0,Consumado,25,no,0,0.30361554,0,0,base,drug_trafficking,normal,"[""No favorable"", ""Salida favorable""]"
14237,Atacama,DEF-0054,4.0,Consumado,38,no,0,0.3512444,0,0,base,drug_trafficking,normal,"[""No favorable"", ""Salida favorable""]"
6026,Arica y Parinacota,DEF-0230,7.0,Consumado,19,yes,1,0.9985712,1,1,base,drug_trafficking,normal,"[""No favorable"", ""Salida favorable""]"
15313,Arica y Parinacota,DEF-0263,5.0,Consumado,35,yes,1,0.9984404,1,1,base,drug_trafficking,normal,"[""No favorable"", ""Salida favorable""]"
14012,Maule,DEF-0094,4.0,Consumado,32,no,0,0.29490486,1,1,base,drug_trafficking,normal,"[""No favorable"", ""Salida favorable""]"
1209,Antofagasta,DEF-0145,8.0,Consumado,31,no,0,0.26034504,0,0,base,drug_trafficking,normal,"[""No favorable"", ""Salida favorable""]"
7707,Tarapacá,DEF-0660,8.0,Consumado,18,yes,1,0.99043596,1,1,base,drug_trafficking,normal,"[""No favorable"", ""Salida favorable""]"
13519,Arica y Parinacota,DEF-0236,15.0,Consumado,27,no,0,0.25880828,1,1,base,drug_trafficking,normal,"[""No favorable"", ""Salida favorable""]"
13125,Magallanes y Antártica Chilena,DEF-0751,8.0,Consumado,39,no,0,0.28166273,0,0,base,drug_trafficking,normal,"[""No favorable"", ""Salida favorable""]"
15497,Coquimbo,DEF-0910,3.0,Consumado,28,no,0,0.27740532,0,0,base,drug_trafficking,normal,"[""No favorable"", ""Salida favorable""]"
9807,Coquimbo,DEF-0323,6.0,Consumado,34,yes,1,0.9983855,1,1,base,drug_trafficking,normal,"[""No favorable"", ""Salida favorable""]"
8719,Valparaíso,DEF-0125,2.0,Consumado,30,no,0,0.28498334,0,0,base,drug_trafficking,normal,"[""No favorable"", ""Salida favorable""]"
4759,Antofagasta,DEF-0059,5.0,Consumado,23,yes,1,0.99935824,1,1,base,drug_trafficking,normal,"[""No favorable"", ""Salida favorable""]"
2665,La Araucanía,DEF-0201,6.0,Consumado,28,no,0,0.41556236,0,0,base,drug_trafficking,normal,"[""No favorable"", ""Salida favorable""]"
3182,Ñuble,DEF-0254,6.0,Consumado,33,yes,1,0.99795514,1,1,base,drug_trafficking,normal,"[""No favorable"", ""Salida favorable""]"
5130,Tarapacá,DEF-0100,6.0,Consumado,30,yes,1,0.99939305,1,1,base,drug_trafficking,normal,"[""No favorable"", ""Salida favorable""]"
6138,Tarapacá,DEF-0270,4.0,Consumado,36,yes,1,0.99802184,1,1,base,drug_trafficking,normal,"[""No favorable"", ""Salida favorable""]"
12142,Metropolitana,DEF-0139,5.0,Consumado,18,no,0,0.34772077,0,0,base,drug_trafficking,normal,"[""No favorable"", ""Salida favorable""]"
12564,Coquimbo,DEF-0030,2.0,Consumado,28,yes,1,0.9995259,1,1,base,drug_trafficking,normal,"[""No favorable"", ""Salida favorable""]"
451,Metropolitana,DEF-0063,7.0,Consumado,18,no,0,0.30864003,0,0,base,drug_trafficking,normal,"[""No favorable"", ""Salida favorable""]"
13677,Metropolitana,DEF-0514,5.0,Consumado,32,no,0,0.29760072,1,1,base,drug_trafficking,normal,"[""No favorable"", ""Salida favorable""]"
4572,Metropolitana,DEF-0485,4.0,Consumado,18,no,0,0.29991987,0,0,base,drug_trafficking,normal,"[""No favorable"", ""Salida favorable""]"
11586,Los Lagos,DEF-0143,3.0,Consumado,24,no,0,0.40386468,0,0,base,drug_trafficking,normal,"[""No favorable"", ""Salida favorable""]"
13015,Tarapacá,DEF-0102,4.0,Consumado,35,yes,1,0.99936616,1,1,base,drug_trafficking,normal,"[""No favorable"", ""Salida favorable""]"
9363,Atacama,DEF-0266,3.0,Consumado,18,yes,1,0.9986063,1,1,base,drug_trafficking,normal,"[""No favorable"", ""Salida favorable""]"
15454,Tarapacá,DEF-0913,10.0,Consumado,18,no,0,0.27262485,0,0,base,drug_trafficking,normal,"[""No favorable"", ""Salida favorable""]"
8963,Antofagasta,DEF-0401,8.0,Consumado,36,no,0,0.19269301,0,0,base,drug_trafficking,normal,"[""No favorable"", ""Salida favorable""]"
15051,Metropolitana,DEF-0184,5.0,Consumado,22,no,0,0.3628252,0,0,base,drug_trafficking,normal,"[""No favorable"", ""Salida favorable""]"
935,Valparaíso,DEF-0237,9.0,Consumado,18,no,0,0.34308663,1,1,base,drug_trafficking,normal,"[""No favorable"", ""Salida favorable""]"
14314,Antofagasta,DEF-0802,4.0,Consumado,19,no,0,0.16608429,1,1,base,drug_trafficking,normal,"[""No favorable"", ""Salida favorable""]"
12633,Tarapacá,DEF-0106,5.0,Consumado,27,no,0,0.2818461,0,0,base,drug_trafficking,normal,"[""No favorable"", ""Salida favorable""]"
8111,Arica y Parinacota,DEF-0455,11.0,Consumado,22,no,0,0.21111704,0,0,base,drug_trafficking,normal,"[""No favorable"", ""Salida favorable""]"
9740,Arica y Parinacota,DEF-0236,11.0,Consumado,37,yes,1,0.99845535,1,1,base,drug_trafficking,normal,"[""No favorable"", ""Salida favorable""]"
1738,Bio Bío,DEF-0065,9.0,Consumado,34,no,0,0.43488693,1,1,base,drug_trafficking,normal,"[""No favorable"", ""Salida favorable""]"
9946,Los Lagos,DEF-0420,4.0,Consumado,26,no,0,0.32271838,0,0,base,drug_trafficking,normal,"[""No favorable"", ""Salida favorable""]"
12622,Tarapacá,DEF-0202,5.0,Consumado,26,yes,1,0.9984185,1,1,base,drug_trafficking,normal,"[""No favorable"", ""Salida favorable""]"
12769,Arica y Parinacota,DEF-0044,9.0,Consumado,23,no,0,0.29588023,1,1,base,drug_trafficking,normal,"[""No favorable"", ""Salida favorable""]"
2455,Los Lagos,DEF-0109,9.0,Consumado,29,no,0,0.39464712,0,0,base,drug_trafficking,normal,"[""No favorable"", ""Salida favorable""]"
4157,Antofagasta,DEF-0654,4.0,Consumado,28,no,0,0.17071703,0,0,base,drug_trafficking,normal,"[""No favorable"", ""Salida favorable""]"
14752,Valparaíso,DEF-0168,4.0,Consumado,18,no,0,0.34009865,0,0,base,drug_trafficking,normal,"[""No favorable"", ""Salida favorable""]"
13092,La Araucanía,DEF-0640,21.0,Consumado,31,no,0,0.30267793,0,0,base,drug_trafficking,normal,"[""No favorable"", ""Salida favorable""]"
10241,Metropolitana,DEF-0008,7.0,Consumado,18,no,0,0.19031495,0,0,base,drug_trafficking,normal,"[""No favorable"", ""Salida favorable""]"
15381,Tarapacá,DEF-0106,7.0,Consumado,30,yes,1,0.9993618,1,1,base,drug_trafficking,normal,"[""No favorable"", ""Salida favorable""]"
13823,Metropolitana,DEF-0024,0.0,Consumado,39,no,0,0.31900156,0,0,base,drug_trafficking,normal,"[""No favorable"", ""Salida favorable""]"
11800,Arica y Parinacota,DEF-0225,9.0,Consumado,38,yes,1,0.9984795,1,1,base,drug_trafficking,normal,"[""No favorable"", ""Salida favorable""]"
8927,Tarapacá,DEF-0732,5.0,Consumado,32,yes,1,0.9834194,1,1,base,drug_trafficking,normal,"[""No favorable"", ""Salida favorable""]"
11150,Coquimbo,DEF-0066,3.0,Consumado,33,no,0,0.38589928,1,1,base,drug_trafficking,normal,"[""No favorable"", ""Salida favorable""]"
15015,Antofagasta,DEF-0689,5.0,Consumado,26,yes,1,0.9932678,1,1,base,drug_trafficking,normal,"[""No favorable"", ""Salida favorable""]"
9377,Libertador Bernardo O'Higgins,DEF-0181,27.0,Consumado,38,no,0,0.47246048,1,1,base,drug_trafficking,normal,"[""No favorable"", ""Salida favorable""]"
15137,Arica y Parinacota,DEF-0600,5.0,Consumado,20,yes,1,0.9970885,1,1,base,drug_trafficking,normal,"[""No favorable"", ""Salida favorable""]"
428,La Araucanía,DEF-0122,4.0,Consumado,20,no,0,0.4352006,0,0,base,drug_trafficking,normal,"[""No favorable"", ""Salida favorable""]"
8726,Metropolitana,DEF-0377,2.0,Consumado,30,no,0,0.31542978,1,1,base,drug_trafficking,normal,"[""No favorable"", ""Salida favorable""]"
8135,Tarapacá,DEF-0165,6.0,Consumado,22,yes,1,0.9987787,1,1,base,drug_trafficking,normal,"[""No favorable"", ""Salida favorable""]"
13325,Atacama,DEF-0054,4.0,Consumado,31,no,0,0.3674598,0,0,base,drug_trafficking,normal,"[""No favorable"", ""Salida favorable""]"
14264,Arica y Parinacota,DEF-0004,5.0,Consumado,36,no,0,0.18706737,0,0,base,drug_trafficking,normal,"[""No favorable"", ""Salida favorable""]"
13340,Libertador Bernardo O'Higgins,DEF-0229,1.0,Consumado,23,no,0,0.38380203,0,0,base,drug_trafficking,normal,"[""No favorable"", ""Salida favorable""]"
2258,Ñuble,DEF-0391,5.0,Consumado,33,no,0,0.3058871,0,0,base,drug_trafficking,normal,"[""No favorable"", ""Salida favorable""]"
10506,Maule,DEF-0079,4.0,Consumado,18,no,0,0.29586315,1,1,base,drug_trafficking,normal,"[""No favorable"", ""Salida favorable""]"
12128,Valparaíso,DEF-0220,2.0,Consumado,34,no,0,0.3406352,0,0,base,drug_trafficking,normal,"[""No favorable"", ""Salida favorable""]"
8050,Tarapacá,DEF-0165,5.0,Consumado,34,yes,1,0.9987349,1,1,base,drug_trafficking,normal,"[""No favorable"", ""Salida favorable""]"
773,Tarapacá,DEF-0153,6.0,Consumado,29,no,0,0.34341884,0,0,base,drug_trafficking,normal,"[""No favorable"", ""Salida favorable""]"
1780,Valparaíso,DEF-0499,5.0,Consumado,18,no,0,0.29460955,1,1,base,drug_trafficking,normal,"[""No favorable"", ""Salida favorable""]"
12244,Atacama,DEF-0093,9.0,Consumado,20,no,0,0.42990336,0,0,base,drug_trafficking,normal,"[""No favorable"", ""Salida favorable""]"
12535,Metropolitana,DEF-0165,7.0,Consumado,30,no,0,0.36430073,1,1,base,drug_trafficking,normal,"[""No favorable"", ""Salida favorable""]"
7964,Metropolitana,DEF-0548,5.0,Consumado,21,yes,1,0.9952459,1,1,base,drug_trafficking,normal,"[""No favorable"", ""Salida favorable""]"
4429,Coquimbo,DEF-0508,4.0,Consumado,25,no,0,0.31656885,0,0,base,drug_trafficking,normal,"[""No favorable"", ""Salida favorable""]"
489,Metropolitana,DEF-0193,11.0,Consumado,41,no,0,0.3726485,0,0,base,drug_trafficking,normal,"[""No favorable"", ""Salida favorable""]"
8030,Tarapacá,DEF-0660,4.0,Consumado,25,yes,1,0.9896792,1,1,base,drug_trafficking,normal,"[""No favorable"", ""Salida favorable""]"
14186,Maule,DEF-0001,3.0,Consumado,30,no,0,0.1646713,1,1,base,drug_trafficking,normal,"[""No favorable"", ""Salida favorable""]"
11455,Maule,DEF-0135,5.0,Consumado,31,no,0,0.3549454,0,0,base,drug_trafficking,normal,"[""No favorable"", ""Salida favorable""]"
9829,Atacama,DEF-0440,14.0,Consumado,26,no,0,0.27866358,0,0,base,drug_trafficking,normal,"[""No favorable"", ""Salida favorable""]"
4324,Los Lagos,DEF-0143,6.0,Consumado,26,no,0,0.4106509,0,0,base,drug_trafficking,normal,"[""No favorable"", ""Salida favorable""]"
14527,Arica y Parinacota,DEF-0309,2.0,Consumado,21,no,0,0.24112846,0,0,base,drug_trafficking,normal,"[""No favorable"", ""Salida favorable""]"
13659,Antofagasta,DEF-0011,10.0,Consumado,18,no,0,0.24633116,0,0,base,drug_trafficking,normal,"[""No favorable"", ""Salida favorable""]"
1000,Metropolitana,DEF-0386,6.0,Consumado,38,no,0,0.3168123,0,0,base,drug_trafficking,normal,"[""No favorable"", ""Salida favorable""]"
4896,Metropolitana,DEF-0197,7.0,Consumado,25,no,0,0.36392117,0,0,base,drug_trafficking,normal,"[""No favorable"", ""Salida favorable""]"
1512,Metropolitana,DEF-0433,4.0,Consumado,18,no,0,0.30708036,1,1,base,drug_trafficking,normal,"[""No favorable"", ""Salida favorable""]"
13922,Metropolitana,DEF-0024,0.0,Consumado,27,no,0,0.33083564,0,0,base,drug_trafficking,normal,"[""No favorable"", ""Salida favorable""]"
338,La Araucanía,DEF-0201,5.0,Consumado,30,no,0,0.41392922,0,0,base,drug_trafficking,normal,"[""No favorable"", ""Salida favorable""]"
7788,Tarapacá,DEF-0732,6.0,Consumado,29,yes,1,0.98375845,1,1,base,drug_trafficking,normal,"[""No favorable"", ""Salida favorable""]"
2234,Tarapacá,DEF-0073,8.0,Consumado,36,no,0,0.27782148,0,0,base,drug_trafficking,normal,"[""No favorable"", ""Salida favorable""]"
4550,Metropolitana,DEF-0096,7.0,Consumado,18,no,0,0.29706708,1,1,base,drug_trafficking,normal,"[""No favorable"", ""Salida favorable""]"
7758,Tarapacá,DEF-0660,7.0,Consumado,33,yes,1,0.99023676,1,1,base,drug_trafficking,normal,"[""No favorable"", ""Salida favorable""]"
874,Tarapacá,DEF-0100,9.0,Consumado,27,no,0,0.28389704,0,0,base,drug_trafficking,normal,"[""No favorable"", ""Salida favorable""]"
12146,Los Lagos,DEF-0720,6.0,Consumado,33,no,0,0.2856828,0,0,base,drug_trafficking,normal,"[""No favorable"", ""Salida favorable""]"
8184,Maule,DEF-0329,3.0,Consumado,25,no,0,0.32960752,0,0,base,drug_trafficking,normal,"[""No favorable"", ""Salida favorable""]"
8679,Metropolitana,DEF-0796,21.0,Consumado,34,no,0,0.27963078,1,1,base,drug_trafficking,normal,"[""No favorable"", ""Salida favorable""]"
6329,Tarapacá,DEF-0073,7.0,Consumado,23,yes,1,0.9994786,1,1,base,drug_trafficking,normal,"[""No favorable"", ""Salida favorable""]"
2574,Tarapacá,DEF-0106,5.0,Consumado,19,yes,1,0.9993766,1,1,base,drug_trafficking,normal,"[""No favorable"", ""Salida favorable""]"
3313,Metropolitana,DEF-0377,2.0,Consumado,22,no,0,0.31508246,0,0,base,drug_trafficking,normal,"[""No favorable"", ""Salida favorable""]"
7781,Tarapacá,DEF-0124,4.0,Consumado,18,yes,1,0.9992352,1,1,base,drug_trafficking,normal,"[""No favorable"", ""Salida favorable""]"
12124,Tarapacá,DEF-0106,3.0,Consumado,25,yes,1,0.9993587,1,1,base,drug_trafficking,normal,"[""No favorable"", ""Salida favorable""]"
4271,Tarapacá,DEF-0188,2.0,Consumado,35,yes,1,0.9984843,1,1,base,drug_trafficking,normal,"[""No favorable"", ""Salida favorable""]"
6209,Valparaíso,DEF-0416,1.0,Consumado,20,no,0,0.30281538,0,0,base,drug_trafficking,normal,"[""No favorable"", ""Salida favorable""]"
13552,Metropolitana,DEF-0312,6.0,Consumado,22,no,0,0.3315713,1,1,base,drug_trafficking,normal,"[""No favorable"", ""Salida favorable""]"
3852,Tarapacá,DEF-0317,3.0,Consumado,29,yes,1,0.9977625,1,1,base,drug_trafficking,normal,"[""No favorable"", ""Salida favorable""]"
14251,Aysén,DEF-0261,1.0,Consumado,36,no,0,0.3873429,1,1,base,drug_trafficking,normal,"[""No favorable"", ""Salida favorable""]"
8253,Valparaíso,DEF-0136,3.0,Consumado,34,no,0,0.30147222,0,0,base,drug_trafficking,normal,"[""No favorable"", ""Salida favorable""]"
7339,Atacama,DEF-0437,4.0,Consumado,18,yes,1,0.99818206,1,1,base,drug_trafficking,normal,"[""No favorable"", ""Salida favorable""]"
6020,Tarapacá,DEF-0270,3.0,Consumado,21,yes,1,0.99803805,1,1,base,drug_trafficking,normal,"[""No favorable"", ""Salida favorable""]"
4576,Tarapacá,DEF-0124,4.0,Consumado,18,yes,1,0.9992352,1,1,base,drug_trafficking,normal,"[""No favorable"", ""Salida favorable""]"
16268,Metropolitana,DEF-0511,4.0,Consumado,23,yes,1,0.99593073,1,1,base,drug_trafficking,normal,"[""No favorable"", ""Salida favorable""]"
15955,Antofagasta,DEF-0802,6.0,Consumado,29,no,0,0.16488647,0,0,base,drug_trafficking,normal,"[""No favorable"", ""Salida favorable""]"
5972,Metropolitana,DEF-0183,11.0,Consumado,18,no,0,0.3718987,0,0,base,drug_trafficking,normal,"[""No favorable"", ""Salida favorable""]"
10202,Los Lagos,DEF-0646,13.0,Consumado,22,no,0,0.29383376,1,1,base,drug_trafficking,normal,"[""No favorable"", ""Salida favorable""]"
1755,Tarapacá,DEF-0188,7.0,Consumado,20,no,0,0.35681602,0,0,base,drug_trafficking,normal,"[""No favorable"", ""Salida favorable""]"
5057,Tarapacá,DEF-0124,6.0,Consumado,37,no,0,0.30383548,0,0,base,drug_trafficking,normal,"[""No favorable"", ""Salida favorable""]"
3427,Tarapacá,DEF-0106,6.0,Consumado,18,yes,1,0.9993814,1,1,base,drug_trafficking,normal,"[""No favorable"", ""Salida favorable""]"
3525,Arica y Parinacota,DEF-0346,11.0,Consumado,19,no,0,0.23156448,1,1,base,drug_trafficking,normal,"[""No favorable"", ""Salida favorable""]"
12151,Arica y Parinacota,DEF-0140,0.0,Consumado,39,no,0,0.2820272,0,0,base,drug_trafficking,normal,"[""No favorable"", ""Salida favorable""]"
4881,Metropolitana,DEF-0121,2.0,Consumado,31,no,0,0.31159738,0,0,base,drug_trafficking,normal,"[""No favorable"", ""Salida favorable""]"
3608,Metropolitana,DEF-0250,9.0,Consumado,28,no,0,0.35196033,0,0,base,drug_trafficking,normal,"[""No favorable"", ""Salida favorable""]"
3777,Tarapacá,DEF-0106,2.0,Consumado,21,yes,1,0.99936324,1,1,base,drug_trafficking,normal,"[""No favorable"", ""Salida favorable""]"
9967,Metropolitana,DEF-0796,10.0,Consumado,35,no,0,0.27765748,0,0,base,drug_trafficking,normal,"[""No favorable"", ""Salida favorable""]"
14826,Antofagasta,DEF-0314,5.0,Consumado,33,no,0,0.2065693,1,1,base,drug_trafficking,normal,"[""No favorable"", ""Salida favorable""]"
16048,Tarapacá,DEF-0114,6.0,Consumado,26,yes,1,0.9993107,1,1,base,drug_trafficking,normal,"[""No favorable"", ""Salida favorable""]"
2516,Metropolitana,DEF-0479,8.0,Consumado,28,no,0,0.30274978,0,0,base,drug_trafficking,normal,"[""No favorable"", ""Salida favorable""]"
7061,Metropolitana,DEF-0121,5.0,Consumado,24,no,0,0.3220641,0,0,base,drug_trafficking,normal,"[""No favorable"", ""Salida favorable""]"
14517,Antofagasta,DEF-0314,6.0,Consumado,25,yes,1,0.99755603,1,1,base,drug_trafficking,normal,"[""No favorable"", ""Salida favorable""]"
11366,Metropolitana,DEF-0139,4.0,Consumado,24,no,0,0.34350935,0,0,base,drug_trafficking,normal,"[""No favorable"", ""Salida favorable""]"
14559,Metropolitana,DEF-0212,4.0,Consumado,27,no,0,0.35665,0,0,base,drug_trafficking,normal,"[""No favorable"", ""Salida favorable""]"
14340,Metropolitana,DEF-0184,5.0,Consumado,21,no,0,0.36281076,0,0,base,drug_trafficking,normal,"[""No favorable"", ""Salida favorable""]"
533,Arica y Parinacota,DEF-0234,17.0,Consumado,30,no,0,0.25892487,0,0,base,drug_trafficking,normal,"[""No favorable"", ""Salida favorable""]"
6421,Magallanes y Antártica Chilena,DEF-0751,13.0,Consumado,30,no,0,0.28256541,0,0,base,drug_trafficking,normal,"[""No favorable"", ""Salida favorable""]"
7811,Antofagasta,DEF-0084,5.0,Consumado,27,no,0,0.27089167,0,0,base,drug_trafficking,normal,"[""No favorable"", ""Salida favorable""]"
15027,Antofagasta,DEF-0802,3.0,Consumado,30,yes,1,0.9874905,1,1,base,drug_trafficking,normal,"[""No favorable"", ""Salida favorable""]"
13553,Metropolitana,DEF-0312,2.0,Consumado,18,no,0,0.32820848,1,1,base,drug_trafficking,normal,"[""No favorable"", ""Salida favorable""]"
5565,Metropolitana,DEF-0429,7.0,Consumado,23,no,0,0.30942422,1,1,base,drug_trafficking,normal,"[""No favorable"", ""Salida favorable""]"
1625,Maule,DEF-0480,9.0,Consumado,22,no,0,0.30541754,0,0,base,drug_trafficking,normal,"[""No favorable"", ""Salida favorable""]"
38,Maule,DEF-0001,3.0,Consumado,31,no,0,0.16459638,1,1,base,drug_trafficking,normal,"[""No favorable"", ""Salida favorable""]"
2700,Metropolitana,DEF-0082,3.0,Consumado,31,no,0,0.27349174,0,0,base,drug_trafficking,normal,"[""No favorable"", ""Salida favorable""]"
275,Metropolitana,DEF-0171,11.0,Consumado,33,no,0,0.37277022,0,0,base,drug_trafficking,normal,"[""No favorable"", ""Salida favorable""]"
2759,Atacama,DEF-0241,7.0,Consumado,30,no,0,0.3438706,0,0,base,drug_trafficking,normal,"[""No favorable"", ""Salida favorable""]"
2398,Tarapacá,DEF-0252,4.0,Consumado,18,yes,1,0.9981404,1,1,base,drug_trafficking,normal,"[""No favorable"", ""Salida favorable""]"
8804,Tarapacá,DEF-0124,5.0,Consumado,36,yes,1,0.9991911,1,1,base,drug_trafficking,normal,"[""No favorable"", ""Salida favorable""]"
13954,Valparaíso,DEF-0772,2.0,Consumado,25,no,0,0.27586213,0,0,base,drug_trafficking,normal,"[""No favorable"", ""Salida favorable""]"
11817,Metropolitana,DEF-0218,6.0,Consumado,18,no,0,0.356754,0,0,base,drug_trafficking,normal,"[""No favorable"", ""Salida favorable""]"
13602,Coquimbo,DEF-0051,3.0,Consumado,33,no,0,0.37756875,0,0,base,drug_trafficking,normal,"[""No favorable"", ""Salida favorable""]"
10784,Tarapacá,DEF-0732,4.0,Consumado,37,yes,1,0.983086,1,1,base,drug_trafficking,normal,"[""No favorable"", ""Salida favorable""]"
11880,Arica y Parinacota,DEF-0309,6.0,Consumado,18,no,0,0.2422119,0,0,base,drug_trafficking,normal,"[""No favorable"", ""Salida favorable""]"
13333,Los Lagos,DEF-0164,5.0,Consumado,35,no,0,0.40775377,0,0,base,drug_trafficking,normal,"[""No favorable"", ""Salida favorable""]"
10198,Valparaíso,DEF-0532,15.0,Consumado,26,no,0,0.295096,0,0,base,drug_trafficking,normal,"[""No favorable"", ""Salida favorable""]"
16598,Los Lagos,DEF-0646,4.0,Consumado,41,no,0,0.29134238,0,0,base,drug_trafficking,normal,"[""No favorable"", ""Salida favorable""]"
16521,La Araucanía,DEF-0708,2.0,Consumado,18,no,0,0.288456,0,0,base,drug_trafficking,normal,"[""No favorable"", ""Salida favorable""]"
11651,Tarapacá,DEF-0058,4.0,Consumado,22,yes,1,0.99947184,1,1,base,drug_trafficking,normal,"[""No favorable"", ""Salida favorable""]"
12903,Tarapacá,DEF-0301,3.0,Consumado,33,yes,1,0.997852,1,1,base,drug_trafficking,normal,"[""No favorable"", ""Salida favorable""]"
13972,Tarapacá,DEF-0251,12.0,Consumado,18,no,0,0.34803858,0,0,base,drug_trafficking,normal,"[""No favorable"", ""Salida favorable""]"
9397,Valparaíso,DEF-0019,2.0,Consumado,22,no,0,0.36194906,0,0,base,drug_trafficking,normal,"[""No favorable"", ""Salida favorable""]"
10931,Atacama,DEF-0440,5.0,Consumado,43,yes,1,0.9981206,1,1,base,drug_trafficking,normal,"[""No favorable"", ""Salida favorable""]"
6922,Tarapacá,DEF-0533,3.0,Consumado,28,yes,1,0.9949859,1,1,base,drug_trafficking,normal,"[""No favorable"", ""Salida favorable""]"
7957,Ñuble,DEF-0254,8.0,Consumado,29,no,0,0.33383888,0,0,base,drug_trafficking,normal,"[""No favorable"", ""Salida favorable""]"
2928,Atacama,DEF-0258,6.0,Consumado,25,yes,1,0.99862015,1,1,base,drug_trafficking,normal,"[""No favorable"", ""Salida favorable""]"
15446,Tarapacá,DEF-0933,4.0,Consumado,21,no,0,0.16685939,0,0,base,drug_trafficking,normal,"[""No favorable"", ""Salida favorable""]"
4757,La Araucanía,DEF-0422,6.0,Consumado,26,no,0,0.33203885,0,0,base,drug_trafficking,normal,"[""No favorable"", ""Salida favorable""]"
2742,Metropolitana,DEF-0193,1.0,Consumado,24,no,0,0.35649166,0,0,base,drug_trafficking,normal,"[""No favorable"", ""Salida favorable""]"
4806,Metropolitana,DEF-0693,7.0,Consumado,41,no,0,0.28285182,0,0,base,drug_trafficking,normal,"[""No favorable"", ""Salida favorable""]"
12129,Valparaíso,DEF-0172,9.0,Consumado,25,no,0,0.3482716,0,0,base,drug_trafficking,normal,"[""No favorable"", ""Salida favorable""]"
16501,Metropolitana,DEF-0021,2.0,Consumado,29,no,0,0.34520307,0,0,base,drug_trafficking,normal,"[""No favorable"", ""Salida favorable""]"
8904,Metropolitana,DEF-0355,4.0,Consumado,33,no,0,0.32106012,0,0,base,drug_trafficking,normal,"[""No favorable"", ""Salida favorable""]"
7133,Metropolitana,DEF-0458,19.0,Consumado,32,no,0,0.3124836,0,0,base,drug_trafficking,normal,"[""No favorable"", ""Salida favorable""]"
10862,Maule,DEF-0551,2.0,Consumado,27,no,0,0.29433635,0,0,base,drug_trafficking,normal,"[""No favorable"", ""Salida favorable""]"
7441,Atacama,DEF-0349,9.0,Consumado,18,no,0,0.31237698,0,0,base,drug_trafficking,normal,"[""No favorable"", ""Salida favorable""]"
15171,Antofagasta,DEF-0023,5.0,Consumado,30,yes,1,0.99945563,1,1,base,drug_trafficking,normal,"[""No favorable"", ""Salida favorable""]"
1052,Antofagasta,DEF-0400,8.0,Consumado,24,no,0,0.19365422,0,0,base,drug_trafficking,normal,"[""No favorable"", ""Salida favorable""]"
762,Metropolitana,DEF-0095,9.0,Consumado,20,no,0,0.29944396,0,0,base,drug_trafficking,normal,"[""No favorable"", ""Salida favorable""]"
4030,Antofagasta,DEF-0274,4.0,Consumado,32,yes,1,0.9975853,1,1,base,drug_trafficking,normal,"[""No favorable"", ""Salida favorable""]"
11997,Arica y Parinacota,DEF-0225,9.0,Consumado,18,no,0,0.26757565,0,0,base,drug_trafficking,normal,"[""No favorable"", ""Salida favorable""]"
15554,Tarapacá,DEF-0102,3.0,Consumado,18,yes,1,0.999395,1,1,base,drug_trafficking,normal,"[""No favorable"", ""Salida favorable""]"
4478,Antofagasta,DEF-0166,8.0,Consumado,18,no,0,0.25315958,0,0,base,drug_trafficking,normal,"[""No favorable"", ""Salida favorable""]"
12857,Tarapacá,DEF-0317,3.0,Consumado,32,yes,1,0.9977564,1,1,base,drug_trafficking,normal,"[""No favorable"", ""Salida favorable""]"
8301,Metropolitana,DEF-0414,12.0,Consumado,30,no,0,0.31529346,0,0,base,drug_trafficking,normal,"[""No favorable"", ""Salida favorable""]"
16136,Arica y Parinacota,DEF-0118,5.0,Consumado,18,no,0,0.3116524,1,1,base,drug_trafficking,normal,"[""No favorable"", ""Salida favorable""]"
5991,Bio Bío,DEF-0395,6.0,Consumado,19,no,0,0.34672055,0,0,base,drug_trafficking,normal,"[""No favorable"", ""Salida favorable""]"
15001,Maule,DEF-0372,2.0,Consumado,29,no,0,0.31984657,0,0,base,drug_trafficking,normal,"[""No favorable"", ""Salida favorable""]"
11342,Ñuble,DEF-0830,7.0,Consumado,19,no,0,0.2735928,1,1,base,drug_trafficking,normal,"[""No favorable"", ""Salida favorable""]"
7294,Antofagasta,DEF-0014,4.0,Consumado,19,yes,1,0.99947125,1,1,base,drug_trafficking,normal,"[""No favorable"", ""Salida favorable""]"
2878,Tarapacá,DEF-0107,7.0,Consumado,26,no,0,0.28774148,0,0,base,drug_trafficking,normal,"[""No favorable"", ""Salida favorable""]"
11175,Valparaíso,DEF-0182,7.0,Consumado,24,no,0,0.34791744,0,0,base,drug_trafficking,normal,"[""No favorable"", ""Salida favorable""]"
3353,Bio Bío,DEF-0002,11.0,Consumado,18,no,0,0.20752399,0,0,base,drug_trafficking,normal,"[""No favorable"", ""Salida favorable""]"
5903,Arica y Parinacota,DEF-0234,8.0,Consumado,35,yes,1,0.9984838,1,1,base,drug_trafficking,normal,"[""No favorable"", ""Salida favorable""]"
6396,Bio Bío,DEF-0749,1.0,Consumado,24,no,0,0.2866444,0,0,base,drug_trafficking,normal,"[""No favorable"", ""Salida favorable""]"
11672,Arica y Parinacota,DEF-0118,10.0,Consumado,22,yes,1,0.9990511,1,1,base,drug_trafficking,normal,"[""No favorable"", ""Salida favorable""]"
9718,Tarapacá,DEF-0106,7.0,Consumado,22,no,0,0.28906435,0,0,base,drug_trafficking,normal,"[""No favorable"", ""Salida favorable""]"
12500,Valparaíso,DEF-0557,2.0,Consumado,18,no,0,0.28841317,0,0,base,drug_trafficking,normal,"[""No favorable"", ""Salida favorable""]"
16138,Tarapacá,DEF-0301,2.0,Consumado,27,yes,1,0.99785054,1,1,base,drug_trafficking,normal,"[""No favorable"", ""Salida favorable""]"
6648,Metropolitana,DEF-0020,2.0,Consumado,18,no,0,0.35878098,0,0,base,drug_trafficking,normal,"[""No favorable"", ""Salida favorable""]"
10464,Coquimbo,DEF-0323,4.0,Consumado,29,yes,1,0.9983795,1,1,base,drug_trafficking,normal,"[""No favorable"", ""Salida favorable""]"
8806,Tarapacá,DEF-0660,4.0,Consumado,18,yes,1,0.9896677,1,1,base,drug_trafficking,normal,"[""No favorable"", ""Salida favorable""]"
16047,Tarapacá,DEF-0114,6.0,Consumado,22,yes,1,0.9993195,1,1,base,drug_trafficking,normal,"[""No favorable"", ""Salida favorable""]"
7070,Metropolitana,DEF-0403,2.0,Consumado,25,no,0,0.31062317,1,1,base,drug_trafficking,normal,"[""No favorable"", ""Salida favorable""]"
5757,Metropolitana,DEF-0364,14.0,Consumado,23,no,0,0.32585603,0,0,base,drug_trafficking,normal,"[""No favorable"", ""Salida favorable""]"
8557,Atacama,DEF-0482,4.0,Consumado,23,no,0,0.27803007,0,0,base,drug_trafficking,normal,"[""No favorable"", ""Salida favorable""]"
13945,Metropolitana,DEF-0008,0.0,Consumado,31,no,0,0.17501165,0,0,base,drug_trafficking,normal,"[""No favorable"", ""Salida favorable""]"
10973,Tarapacá,DEF-0073,6.0,Consumado,28,yes,1,0.9994706,1,1,base,drug_trafficking,normal,"[""No favorable"", ""Salida favorable""]"
3375,Valparaíso,DEF-0406,8.0,Consumado,38,no,0,0.30826956,1,1,base,drug_trafficking,normal,"[""No favorable"", ""Salida favorable""]"
10541,Valparaíso,DEF-0195,2.0,Consumado,21,no,0,0.34258017,1,1,base,drug_trafficking,normal,"[""No favorable"", ""Salida favorable""]"
14312,Antofagasta,DEF-0802,5.0,Consumado,22,yes,1,0.9885879,1,1,base,drug_trafficking,normal,"[""No favorable"", ""Salida favorable""]"
14439,Arica y Parinacota,DEF-0455,3.0,Consumado,21,yes,1,0.9979869,1,1,base,drug_trafficking,normal,"[""No favorable"", ""Salida favorable""]"
11505,Arica y Parinacota,DEF-0140,9.0,Consumado,30,yes,1,0.9988302,1,1,base,drug_trafficking,normal,"[""No favorable"", ""Salida favorable""]"
3701,Tarapacá,DEF-0073,6.0,Consumado,22,no,0,0.28272852,0,0,base,drug_trafficking,normal,"[""No favorable"", ""Salida favorable""]"
3489,Antofagasta,DEF-0314,15.0,Consumado,24,no,0,0.21287909,1,1,base,drug_trafficking,normal,"[""No favorable"", ""Salida favorable""]"
7633,Atacama,DEF-0258,3.0,Consumado,18,no,0,0.348779,0,0,base,drug_trafficking,normal,"[""No favorable"", ""Salida favorable""]"
14845,Bio Bío,DEF-0601,3.0,Consumado,46,no,0,0.3025204,1,1,base,drug_trafficking,normal,"[""No favorable"", ""Salida favorable""]"
10909,Antofagasta,DEF-0683,3.0,Consumado,25,no,0,0.16966571,0,0,base,drug_trafficking,normal,"[""No favorable"", ""Salida favorable""]"
12841,Libertador Bernardo O'Higgins,DEF-0595,3.0,Consumado,18,no,0,0.29790604,1,1,base,drug_trafficking,normal,"[""No favorable"", ""Salida favorable""]"
8147,Tarapacá,DEF-0106,2.0,Consumado,28,yes,1,0.9993492,1,1,base,drug_trafficking,normal,"[""No favorable"", ""Salida favorable""]"
3955,Antofagasta,DEF-0224,3.0,Consumado,20,yes,1,0.9979622,1,1,base,drug_trafficking,normal,"[""No favorable"", ""Salida favorable""]"
13427,Valparaíso,DEF-0242,17.0,Consumado,22,no,0,0.35114673,0,0,base,drug_trafficking,normal,"[""No favorable"", ""Salida favorable""]"
11974,Libertador Bernardo O'Higgins,DEF-0710,18.0,Consumado,25,no,0,0.29135376,1,1,base,drug_trafficking,normal,"[""No favorable"", ""Salida favorable""]"
14274,Atacama,DEF-0911,5.0,Consumado,27,no,0,0.23776616,0,0,base,drug_trafficking,normal,"[""No favorable"", ""Salida favorable""]"
15052,Antofagasta,DEF-0419,6.0,Consumado,36,no,0,0.18975961,0,0,base,drug_trafficking,normal,"[""No favorable"", ""Salida favorable""]"
301,Metropolitana,DEF-0185,17.0,Consumado,18,no,0,0.38164124,0,0,base,drug_trafficking,normal,"[""No favorable"", ""Salida favorable""]"
7190,Metropolitana,DEF-0071,1.0,Consumado,18,no,0,0.28319567,0,0,base,drug_trafficking,normal,"[""No favorable"", ""Salida favorable""]"
12577,Tarapacá,DEF-0106,8.0,Consumado,36,no,0,0.28273925,0,0,base,drug_trafficking,normal,"[""No favorable"", ""Salida favorable""]"
440,Metropolitana,DEF-0233,3.0,Consumado,26,no,0,0.35000113,1,1,base,drug_trafficking,normal,"[""No favorable"", ""Salida favorable""]"
7638,Atacama,DEF-0337,17.0,Consumado,25,no,0,0.30742532,1,1,base,drug_trafficking,normal,"[""No favorable"", ""Salida favorable""]"
2654,Tarapacá,DEF-0089,11.0,Consumado,28,no,0,0.28168705,0,0,base,drug_trafficking,normal,"[""No favorable"", ""Salida favorable""]"
14088,Tarapacá,DEF-0660,6.0,Consumado,19,yes,1,0.99006516,1,1,base,drug_trafficking,normal,"[""No favorable"", ""Salida favorable""]"
12400,Tarapacá,DEF-0251,3.0,Consumado,18,yes,1,0.99813575,1,1,base,drug_trafficking,normal,"[""No favorable"", ""Salida favorable""]"
13315,Valparaíso,DEF-0754,4.0,Consumado,21,no,0,0.27684614,0,0,base,drug_trafficking,normal,"[""No favorable"", ""Salida favorable""]"
3268,Tarapacá,DEF-0102,3.0,Consumado,29,yes,1,0.9993749,1,1,base,drug_trafficking,normal,"[""No favorable"", ""Salida favorable""]"
15886,Bio Bío,DEF-0936,3.0,Consumado,33,no,0,0.27597603,1,1,base,drug_trafficking,normal,"[""No favorable"", ""Salida favorable""]"
14759,Maule,DEF-0245,4.0,Consumado,29,no,0,0.35388374,1,1,base,drug_trafficking,normal,"[""No favorable"", ""Salida favorable""]"
2766,Los Ríos,DEF-0149,6.0,Consumado,28,no,0,0.3970081,0,0,base,drug_trafficking,normal,"[""No favorable"", ""Salida favorable""]"
6787,Atacama,DEF-0093,3.0,Consumado,31,yes,1,0.9993028,1,1,base,drug_trafficking,normal,"[""No favorable"", ""Salida favorable""]"
8190,Arica y Parinacota,DEF-0083,7.0,Consumado,32,yes,1,0.99931973,1,1,base,drug_trafficking,normal,"[""No favorable"", ""Salida favorable""]"
2108,Valparaíso,DEF-0524,9.0,Consumado,25,no,0,0.2936979,0,0,base,drug_trafficking,normal,"[""No favorable"", ""Salida favorable""]"
8075,Metropolitana,DEF-0184,3.0,Consumado,18,no,0,0.36001527,0,0,base,drug_trafficking,normal,"[""No favorable"", ""Salida favorable""]"
13065,Valparaíso,DEF-0500,3.0,Consumado,25,no,0,0.29396483,1,1,base,drug_trafficking,normal,"[""No favorable"", ""Salida favorable""]"
12831,Maule,DEF-0135,3.0,Consumado,19,no,0,0.35511035,0,0,base,drug_trafficking,normal,"[""No favorable"", ""Salida favorable""]"
12634,Tarapacá,DEF-0484,4.0,Consumado,23,no,0,0.2979092,0,0,base,drug_trafficking,normal,"[""No favorable"", ""Salida favorable""]"
13601,Metropolitana,DEF-0043,2.0,Consumado,33,no,0,0.29519382,0,0,base,drug_trafficking,normal,"[""No favorable"", ""Salida favorable""]"
8754,Tarapacá,DEF-0102,6.0,Consumado,30,yes,1,0.9993823,1,1,base,drug_trafficking,normal,"[""No favorable"", ""Salida favorable""]"
11975,Valparaíso,DEF-0279,3.0,Consumado,33,no,0,0.328824,0,0,base,drug_trafficking,normal,"[""No favorable"", ""Salida favorable""]"
13245,Bio Bío,DEF-0615,3.0,Consumado,31,no,0,0.30072945,0,0,base,drug_trafficking,normal,"[""No favorable"", ""Salida favorable""]"
8905,Metropolitana,DEF-0666,7.0,Consumado,20,no,0,0.2841686,0,0,base,drug_trafficking,normal,"[""No favorable"", ""Salida favorable""]"
5854,Maule,DEF-0294,59.0,Consumado,30,no,0,0.43884936,0,0,base,drug_trafficking,normal,"[""No favorable"", ""Salida favorable""]"
15723,Tarapacá,DEF-0153,3.0,Consumado,20,yes,1,0.998907,1,1,base,drug_trafficking,normal,"[""No favorable"", ""Salida favorable""]"
7059,Antofagasta,DEF-0026,3.0,Consumado,32,no,0,0.23591127,0,0,base,drug_trafficking,normal,"[""No favorable"", ""Salida favorable""]"
7320,Antofagasta,DEF-0523,7.0,Consumado,40,yes,1,0.9956752,1,1,base,drug_trafficking,normal,"[""No favorable"", ""Salida favorable""]"
7196,Tarapacá,DEF-0732,3.0,Consumado,28,yes,1,0.9826293,1,1,base,drug_trafficking,normal,"[""No favorable"", ""Salida favorable""]"
16143,Tarapacá,DEF-0660,5.0,Consumado,18,yes,1,0.98986906,1,1,base,drug_trafficking,normal,"[""No favorable"", ""Salida favorable""]"
3689,Libertador Bernardo O'Higgins,DEF-0006,3.0,Consumado,32,no,0,0.21153678,1,1,base,drug_trafficking,normal,"[""No favorable"", ""Salida favorable""]"
9382,Metropolitana,DEF-0796,6.0,Consumado,21,no,0,0.2769508,0,0,base,drug_trafficking,normal,"[""No favorable"", ""Salida favorable""]"
13820,Bio Bío,DEF-0778,6.0,Consumado,28,no,0,0.28541428,1,1,base,drug_trafficking,normal,"[""No favorable"", ""Salida favorable""]"
10570,Arica y Parinacota,DEF-0031,1.0,Consumado,21,no,0,0.27958304,1,1,base,drug_trafficking,normal,"[""No favorable"", ""Salida favorable""]"
14065,Antofagasta,DEF-0788,7.0,Consumado,27,no,0,0.16548988,0,0,base,drug_trafficking,normal,"[""No favorable"", ""Salida favorable""]"
8310,Tarapacá,DEF-0732,4.0,Consumado,31,yes,1,0.9830419,1,1,base,drug_trafficking,normal,"[""No favorable"", ""Salida favorable""]"
2908,Arica y Parinacota,DEF-0309,10.0,Consumado,20,no,0,0.2400855,0,0,base,drug_trafficking,normal,"[""No favorable"", ""Salida favorable""]"
2032,Antofagasta,DEF-0084,8.0,Consumado,22,yes,1,0.9991384,1,1,base,drug_trafficking,normal,"[""No favorable"", ""Salida favorable""]"
11372,Atacama,DEF-0054,4.0,Consumado,18,yes,1,0.9995091,1,1,base,drug_trafficking,normal,"[""No favorable"", ""Salida favorable""]"
11289,Antofagasta,DEF-0023,7.0,Consumado,39,yes,1,0.9994338,1,1,base,drug_trafficking,normal,"[""No favorable"", ""Salida favorable""]"
7792,Bio Bío,DEF-0725,5.0,Consumado,33,no,0,0.28934413,1,1,base,drug_trafficking,normal,"[""No favorable"", ""Salida favorable""]"
2002,Arica y Parinacota,DEF-0012,9.0,Consumado,35,no,0,0.24140349,0,0,base,drug_trafficking,normal,"[""No favorable"", ""Salida favorable""]"
9709,Metropolitana,DEF-0103,6.0,Consumado,31,no,0,0.29385132,0,0,base,drug_trafficking,normal,"[""No favorable"", ""Salida favorable""]"
1191,Metropolitana,DEF-0429,11.0,Consumado,44,no,0,0.31325197,1,1,base,drug_trafficking,normal,"[""No favorable"", ""Salida favorable""]"
14642,Tarapacá,DEF-0301,12.0,Consumado,20,no,0,0.33482587,0,0,base,drug_trafficking,normal,"[""No favorable"", ""Salida favorable""]"
8425,Coquimbo,DEF-0074,3.0,Consumado,28,no,0,0.40040192,1,1,base,drug_trafficking,normal,"[""No favorable"", ""Salida favorable""]"
9117,Valparaíso,DEF-0220,6.0,Consumado,38,no,0,0.34543055,0,0,base,drug_trafficking,normal,"[""No favorable"", ""Salida favorable""]"
7252,Tarapacá,DEF-0660,3.0,Consumado,36,yes,1,0.98947775,1,1,base,drug_trafficking,normal,"[""No favorable"", ""Salida favorable""]"
11075,Tarapacá,DEF-0058,2.0,Consumado,18,yes,1,0.99947304,1,1,base,drug_trafficking,normal,"[""No favorable"", ""Salida favorable""]"
4719,Tarapacá,DEF-0124,2.0,Consumado,37,yes,1,0.99917334,1,1,base,drug_trafficking,normal,"[""No favorable"", ""Salida favorable""]"
9262,Tarapacá,DEF-0058,7.0,Consumado,18,no,0,0.31358236,0,0,base,drug_trafficking,normal,"[""No favorable"", ""Salida favorable""]"
10858,Tarapacá,DEF-0058,5.0,Consumado,30,yes,1,0.9994636,1,1,base,drug_trafficking,normal,"[""No favorable"", ""Salida favorable""]"
6950,Arica y Parinacota,DEF-0083,9.0,Consumado,38,no,0,0.29514274,0,0,base,drug_trafficking,normal,"[""No favorable"", ""Salida favorable""]"
349,Arica y Parinacota,DEF-0012,3.0,Consumado,33,no,0,0.23252384,1,1,base,drug_trafficking,normal,"[""No favorable"", ""Salida favorable""]"
405,Metropolitana,DEF-0082,13.0,Consumado,25,yes,1,0.99947834,1,1,base,drug_trafficking,normal,"[""No favorable"", ""Salida favorable""]"
15253,Bio Bío,DEF-0650,4.0,Consumado,37,no,0,0.29661953,1,1,base,drug_trafficking,normal,"[""No favorable"", ""Salida favorable""]"
372,Metropolitana,DEF-0212,23.0,Consumado,18,no,0,0.38350332,1,1,base,drug_trafficking,normal,"[""No favorable"", ""Salida favorable""]"
12320,Metropolitana,DEF-0008,5.0,Consumado,26,no,0,0.18533246,0,0,base,drug_trafficking,normal,"[""No favorable"", ""Salida favorable""]"
1403,Metropolitana,DEF-0214,5.0,Consumado,18,no,0,0.35667032,0,0,base,drug_trafficking,normal,"[""No favorable"", ""Salida favorable""]"
4080,Tarapacá,DEF-0102,8.0,Consumado,35,yes,1,0.99937874,1,1,base,drug_trafficking,normal,"[""No favorable"", ""Salida favorable""]"
14430,Antofagasta,DEF-0023,6.0,Consumado,22,yes,1,0.9994718,1,1,base,drug_trafficking,normal,"[""No favorable"", ""Salida favorable""]"
1336,Tarapacá,DEF-0102,6.0,Consumado,18,yes,1,0.99940354,1,1,base,drug_trafficking,normal,"[""No favorable"", ""Salida favorable""]"
11290,Metropolitana,DEF-0157,6.0,Consumado,34,no,0,0.35861427,0,0,base,drug_trafficking,normal,"[""No favorable"", ""Salida favorable""]"
10971,Tarapacá,DEF-0317,7.0,Consumado,29,yes,1,0.99781626,1,1,base,drug_trafficking,normal,"[""No favorable"", ""Salida favorable""]"
3784,Antofagasta,DEF-0017,6.0,Consumado,40,no,0,0.2214891,0,0,base,drug_trafficking,normal,"[""No favorable"", ""Salida favorable""]"
6772,Bio Bío,DEF-0598,4.0,Consumado,18,no,0,0.30370075,1,1,base,drug_trafficking,normal,"[""No favorable"", ""Salida favorable""]"
16537,Metropolitana,DEF-0022,0.0,Consumado,29,no,0,0.33511832,0,0,base,drug_trafficking,normal,"[""No favorable"", ""Salida favorable""]"
1161,Los Lagos,DEF-0367,10.0,Consumado,30,no,0,0.34035048,1,1,base,drug_trafficking,normal,"[""No favorable"", ""Salida favorable""]"
6496,Coquimbo,DEF-0555,2.0,Consumado,28,yes,1,0.9970896,1,1,base,drug_trafficking,normal,"[""No favorable"", ""Salida favorable""]"
11418,Arica y Parinacota,DEF-0661,6.0,Consumado,22,no,0,0.1945539,1,1,base,drug_trafficking,normal,"[""No favorable"", ""Salida favorable""]"
14229,Metropolitana,DEF-0082,0.0,Consumado,18,no,0,0.275578,0,0,base,drug_trafficking,normal,"[""No favorable"", ""Salida favorable""]"
6424,Metropolitana,DEF-0456,2.0,Consumado,18,no,0,0.30295992,0,0,base,drug_trafficking,normal,"[""No favorable"", ""Salida favorable""]"
3083,Maule,DEF-0213,7.0,Consumado,18,no,0,0.3665263,0,0,base,drug_trafficking,normal,"[""No favorable"", ""Salida favorable""]"
4555,Antofagasta,DEF-0011,5.0,Consumado,19,yes,1,0.99946296,1,1,base,drug_trafficking,normal,"[""No favorable"", ""Salida favorable""]"
13973,Metropolitana,DEF-0193,6.0,Consumado,19,no,0,0.362934,0,0,base,drug_trafficking,normal,"[""No favorable"", ""Salida favorable""]"
4970,Tarapacá,DEF-0107,3.0,Consumado,22,yes,1,0.99935824,1,1,base,drug_trafficking,normal,"[""No favorable"", ""Salida favorable""]"
6580,Tarapacá,DEF-0317,4.0,Consumado,23,yes,1,0.9977879,1,1,base,drug_trafficking,normal,"[""No favorable"", ""Salida favorable""]"
462,Arica y Parinacota,DEF-0108,19.0,Consumado,23,no,0,0.32349014,0,0,base,drug_trafficking,normal,"[""No favorable"", ""Salida favorable""]"
16654,Bio Bío,DEF-0231,1.0,Consumado,24,no,0,0.40779376,1,1,base,drug_trafficking,normal,"[""No favorable"", ""Salida favorable""]"
5975,Metropolitana,DEF-0465,1.0,Consumado,24,no,0,0.3014394,0,0,base,drug_trafficking,normal,"[""No favorable"", ""Salida favorable""]"
11872,Antofagasta,DEF-0683,6.0,Consumado,33,no,0,0.16890651,0,0,base,drug_trafficking,normal,"[""No favorable"", ""Salida favorable""]"
1078,Bio Bío,DEF-0036,5.0,Consumado,28,no,0,0.41020846,0,0,base,drug_trafficking,normal,"[""No favorable"", ""Salida favorable""]"
4214,Tarapacá,DEF-0124,3.0,Consumado,18,yes,1,0.9992307,1,1,base,drug_trafficking,normal,"[""No favorable"", ""Salida favorable""]"
14429,Antofagasta,DEF-0750,4.0,Consumado,32,no,0,0.16633081,1,1,base,drug_trafficking,normal,"[""No favorable"", ""Salida favorable""]"
3088,Tarapacá,DEF-0533,4.0,Consumado,25,yes,1,0.9950617,1,1,base,drug_trafficking,normal,"[""No favorable"", ""Salida favorable""]"
12330,Los Lagos,DEF-0476,13.0,Consumado,33,no,0,0.3183984,0,0,base,drug_trafficking,normal,"[""No favorable"", ""Salida favorable""]"
2535,Metropolitana,DEF-0141,2.0,Consumado,27,no,0,0.34062767,0,0,base,drug_trafficking,normal,"[""No favorable"", ""Salida favorable""]"
5551,Tarapacá,DEF-0124,2.0,Consumado,26,yes,1,0.9992049,1,1,base,drug_trafficking,normal,"[""No favorable"", ""Salida favorable""]"
8737,Tarapacá,DEF-0100,5.0,Consumado,18,yes,1,0.9994108,1,1,base,drug_trafficking,normal,"[""No favorable"", ""Salida favorable""]"
11128,Arica y Parinacota,DEF-0043,9.0,Consumado,31,no,0,0.28169963,0,0,base,drug_trafficking,normal,"[""No favorable"", ""Salida favorable""]"
14046,Arica y Parinacota,DEF-0309,6.0,Consumado,19,no,0,0.24148528,1,1,base,drug_trafficking,normal,"[""No favorable"", ""Salida favorable""]"
6631,Metropolitana,DEF-0403,2.0,Consumado,23,no,0,0.31055397,0,0,base,drug_trafficking,normal,"[""No favorable"", ""Salida favorable""]"
12042,Antofagasta,DEF-0760,7.0,Consumado,26,no,0,0.16653134,0,0,base,drug_trafficking,normal,"[""No favorable"", ""Salida favorable""]"
11627,Arica y Parinacota,DEF-0263,9.0,Consumado,28,yes,1,0.99846745,1,1,base,drug_trafficking,normal,"[""No favorable"", ""Salida favorable""]"
15449,Antofagasta,DEF-0922,5.0,Consumado,23,yes,1,0.97595096,1,1,base,drug_trafficking,normal,"[""No favorable"", ""Salida favorable""]"
686,Valparaíso,DEF-0304,5.0,Consumado,31,no,0,0.3248594,1,1,base,drug_trafficking,normal,"[""No favorable"", ""Salida favorable""]"
2779,Antofagasta,DEF-0059,10.0,Consumado,38,no,0,0.26757807,0,0,base,drug_trafficking,normal,"[""No favorable"", ""Salida favorable""]"
6519,Aysén,DEF-0046,8.0,Consumado,26,no,0,0.43799654,1,1,base,drug_trafficking,normal,"[""No favorable"", ""Salida favorable""]"
12143,Tarapacá,DEF-0533,4.0,Consumado,18,yes,1,0.99507844,1,1,base,drug_trafficking,normal,"[""No favorable"", ""Salida favorable""]"
7002,Metropolitana,DEF-0553,6.0,Consumado,24,no,0,0.29348624,0,0,base,drug_trafficking,normal,"[""No favorable"", ""Salida favorable""]"
11526,Metropolitana,DEF-0310,9.0,Consumado,29,no,0,0.33531934,1,1,base,drug_trafficking,normal,"[""No favorable"", ""Salida favorable""]"
2451,Metropolitana,DEF-0271,3.0,Consumado,18,no,0,0.33908027,1,1,base,drug_trafficking,normal,"[""No favorable"", ""Salida favorable""]"
4472,Tarapacá,DEF-0317,5.0,Consumado,27,yes,1,0.99779415,1,1,base,drug_trafficking,normal,"[""No favorable"", ""Salida favorable""]"
9945,Bio Bío,DEF-0076,1.0,Consumado,23,no,0,0.42596623,0,0,base,drug_trafficking,normal,"[""No favorable"", ""Salida favorable""]"
670,Metropolitana,DEF-0069,5.0,Consumado,32,no,0,0.2840214,0,0,base,drug_trafficking,normal,"[""No favorable"", ""Salida favorable""]"
4318,Atacama,DEF-0258,4.0,Consumado,21,yes,1,0.99862003,1,1,base,drug_trafficking,normal,"[""No favorable"", ""Salida favorable""]"
14050,Tarapacá,DEF-0100,9.0,Consumado,21,no,0,0.28769216,0,0,base,drug_trafficking,normal,"[""No favorable"", ""Salida favorable""]"
5973,Atacama,DEF-0093,4.0,Consumado,35,yes,1,0.99929714,1,1,base,drug_trafficking,normal,"[""No favorable"", ""Salida favorable""]"
4357,Metropolitana,DEF-0613,10.0,Consumado,38,no,0,0.28944224,1,1,base,drug_trafficking,normal,"[""No favorable"", ""Salida favorable""]"
13430,Arica y Parinacota,DEF-0031,8.0,Consumado,34,yes,1,0.9995183,1,1,base,drug_trafficking,normal,"[""No favorable"", ""Salida favorable""]"
11271,Tarapacá,DEF-0301,6.0,Consumado,36,no,0,0.33103755,0,0,base,drug_trafficking,normal,"[""No favorable"", ""Salida favorable""]"
9203,Arica y Parinacota,DEF-0031,12.0,Consumado,18,yes,1,0.99953574,1,1,base,drug_trafficking,normal,"[""No favorable"", ""Salida favorable""]"
1487,Tarapacá,DEF-0018,5.0,Consumado,32,yes,1,0.9992427,1,1,base,drug_trafficking,normal,"[""No favorable"", ""Salida favorable""]"
10409,Tarapacá,DEF-0102,5.0,Consumado,27,yes,1,0.99938494,1,1,base,drug_trafficking,normal,"[""No favorable"", ""Salida favorable""]"
11595,Valparaíso,DEF-0416,10.0,Consumado,18,no,0,0.3069727,0,0,base,drug_trafficking,normal,"[""No favorable"", ""Salida favorable""]"
5656,Antofagasta,DEF-0026,9.0,Consumado,27,no,0,0.2568206,1,1,base,drug_trafficking,normal,"[""No favorable"", ""Salida favorable""]"
1069,Metropolitana,DEF-0403,6.0,Consumado,21,no,0,0.31267965,1,1,base,drug_trafficking,normal,"[""No favorable"", ""Salida favorable""]"
8251,Tarapacá,DEF-0124,5.0,Consumado,23,yes,1,0.99922687,1,1,base,drug_trafficking,normal,"[""No favorable"", ""Salida favorable""]"
11349,Ñuble,DEF-0654,13.0,Consumado,36,no,0,0.2828721,0,0,base,drug_trafficking,normal,"[""No favorable"", ""Salida favorable""]"
13266,Atacama,DEF-0054,4.0,Consumado,28,no,0,0.37455797,0,0,base,drug_trafficking,normal,"[""No favorable"", ""Salida favorable""]"
199,Valparaíso,DEF-0136,7.0,Consumado,28,no,0,0.31191072,1,1,base,drug_trafficking,normal,"[""No favorable"", ""Salida favorable""]"
9578,Los Lagos,DEF-0303,6.0,Consumado,21,no,0,0.35502943,0,0,base,drug_trafficking,normal,"[""No favorable"", ""Salida favorable""]"
16481,Bio Bío,DEF-0506,0.0,Consumado,19,no,0,0.3167893,0,0,base,drug_trafficking,normal,"[""No favorable"", ""Salida favorable""]"
8524,Libertador Bernardo O'Higgins,DEF-0702,10.0,Consumado,21,yes,1,0.994025,1,1,base,drug_trafficking,normal,"[""No favorable"", ""Salida favorable""]"
6777,Valparaíso,DEF-0360,3.0,Consumado,24,no,0,0.31214178,0,0,base,drug_trafficking,normal,"[""No favorable"", ""Salida favorable""]"
9567,Valparaíso,DEF-0545,8.0,Consumado,34,no,0,0.2916026,0,0,base,drug_trafficking,normal,"[""No favorable"", ""Salida favorable""]"
15967,Los Lagos,DEF-0646,3.0,Consumado,31,no,0,0.29081315,0,0,base,drug_trafficking,normal,"[""No favorable"", ""Salida favorable""]"
6621,Antofagasta,DEF-0059,8.0,Consumado,20,yes,1,0.99936724,1,1,base,drug_trafficking,normal,"[""No favorable"", ""Salida favorable""]"
3891,Tarapacá,DEF-0106,3.0,Consumado,18,yes,1,0.9993722,1,1,base,drug_trafficking,normal,"[""No favorable"", ""Salida favorable""]"
11756,Tarapacá,DEF-0270,8.0,Consumado,23,yes,1,0.99808574,1,1,base,drug_trafficking,normal,"[""No favorable"", ""Salida favorable""]"
140,Metropolitana,DEF-0105,4.0,Consumado,18,no,0,0.3005615,0,0,base,drug_trafficking,normal,"[""No favorable"", ""Salida favorable""]"
3588,Bio Bío,DEF-0275,5.0,Consumado,28,no,0,0.3924805,0,0,base,drug_trafficking,normal,"[""No favorable"", ""Salida favorable""]"
12882,Antofagasta,DEF-0011,3.0,Consumado,18,yes,1,0.9994643,1,1,base,drug_trafficking,normal,"[""No favorable"", ""Salida favorable""]"
9512,Valparaíso,DEF-0172,5.0,Consumado,32,no,0,0.34135407,1,1,base,drug_trafficking,normal,"[""No favorable"", ""Salida favorable""]"
282,La Araucanía,DEF-0173,4.0,Consumado,18,no,0,0.42454734,1,1,base,drug_trafficking,normal,"[""No favorable"", ""Salida favorable""]"
12638,Metropolitana,DEF-0511,5.0,Consumado,18,no,0,0.29746985,0,0,base,drug_trafficking,normal,"[""No favorable"", ""Salida favorable""]"
12931,Tarapacá,DEF-0251,4.0,Consumado,22,yes,1,0.9981393,1,1,base,drug_trafficking,normal,"[""No favorable"", ""Salida favorable""]"
1631,Arica y Parinacota,DEF-0309,16.0,Consumado,41,no,0,0.23053108,0,0,base,drug_trafficking,normal,"[""No favorable"", ""Salida favorable""]"
1581,Arica y Parinacota,DEF-0383,14.0,Consumado,32,no,0,0.21705936,0,0,base,drug_trafficking,normal,"[""No favorable"", ""Salida favorable""]"
7846,Tarapacá,DEF-0124,4.0,Consumado,29,yes,1,0.9992062,1,1,base,drug_trafficking,normal,"[""No favorable"", ""Salida favorable""]"
6794,Atacama,DEF-0337,1.0,Consumado,20,no,0,0.31666437,1,1,base,drug_trafficking,normal,"[""No favorable"", ""Salida favorable""]"
5755,Tarapacá,DEF-0188,4.0,Consumado,29,yes,1,0.9985141,1,1,base,drug_trafficking,normal,"[""No favorable"", ""Salida favorable""]"
16527,Bio Bío,DEF-0506,0.0,Consumado,27,no,0,0.31669322,0,0,base,drug_trafficking,normal,"[""No favorable"", ""Salida favorable""]"
16670,Metropolitana,DEF-0082,0.0,Consumado,31,no,0,0.26759037,0,0,base,drug_trafficking,normal,"[""No favorable"", ""Salida favorable""]"
4635,Tarapacá,DEF-0106,8.0,Consumado,21,yes,1,0.999382,1,1,base,drug_trafficking,normal,"[""No favorable"", ""Salida favorable""]"
7575,Coquimbo,DEF-0323,9.0,Consumado,23,no,0,0.37112358,1,1,base,drug_trafficking,normal,"[""No favorable"", ""Salida favorable""]"
11749,Antofagasta,DEF-0352,6.0,Consumado,29,no,0,0.2000826,0,0,base,drug_trafficking,normal,"[""No favorable"", ""Salida favorable""]"
12449,Tarapacá,DEF-0252,8.0,Consumado,19,yes,1,0.99817586,1,1,base,drug_trafficking,normal,"[""No favorable"", ""Salida favorable""]"
7627,Coquimbo,DEF-0074,4.0,Consumado,19,no,0,0.41326588,1,1,base,drug_trafficking,normal,"[""No favorable"", ""Salida favorable""]"
4150,La Araucanía,DEF-0201,5.0,Consumado,37,no,0,0.4152945,1,1,base,drug_trafficking,normal,"[""No favorable"", ""Salida favorable""]"
4767,Arica y Parinacota,DEF-0455,6.0,Consumado,38,no,0,0.20464607,0,0,base,drug_trafficking,normal,"[""No favorable"", ""Salida favorable""]"
2351,Metropolitana,DEF-0538,2.0,Consumado,30,yes,1,0.9952493,1,1,base,drug_trafficking,normal,"[""No favorable"", ""Salida favorable""]"
16071,Bio Bío,DEF-0676,2.0,Consumado,24,no,0,0.29340652,1,1,base,drug_trafficking,normal,"[""No favorable"", ""Salida favorable""]"
4428,Coquimbo,DEF-0508,4.0,Consumado,29,no,0,0.31670517,0,0,base,drug_trafficking,normal,"[""No favorable"", ""Salida favorable""]"
2474,Antofagasta,DEF-0401,7.0,Consumado,20,no,0,0.19361965,0,0,base,drug_trafficking,normal,"[""No favorable"", ""Salida favorable""]"
14302,Metropolitana,DEF-0510,1.0,Consumado,41,no,0,0.29668733,0,0,base,drug_trafficking,normal,"[""No favorable"", ""Salida favorable""]"
132,Metropolitana,DEF-0099,5.0,Consumado,31,no,0,0.28701192,0,0,base,drug_trafficking,normal,"[""No favorable"", ""Salida favorable""]"
10459,Metropolitana,DEF-0662,6.0,Consumado,26,no,0,0.28430194,0,0,base,drug_trafficking,normal,"[""No favorable"", ""Salida favorable""]"
7473,Los Lagos,DEF-0164,3.0,Consumado,33,no,0,0.40337226,0,0,base,drug_trafficking,normal,"[""No favorable"", ""Salida favorable""]"
13521,Libertador Bernardo O'Higgins,DEF-0786,3.0,Consumado,32,no,0,0.28195763,1,1,base,drug_trafficking,normal,"[""No favorable"", ""Salida favorable""]"
8865,Tarapacá,DEF-0100,6.0,Consumado,28,yes,1,0.9993966,1,1,base,drug_trafficking,normal,"[""No favorable"", ""Salida favorable""]"
1234,Bio Bío,DEF-0411,8.0,Consumado,18,no,0,0.34396428,1,1,base,drug_trafficking,normal,"[""No favorable"", ""Salida favorable""]"
5817,Maule,DEF-0094,12.0,Consumado,25,no,0,0.32005304,1,1,base,drug_trafficking,normal,"[""No favorable"", ""Salida favorable""]"
5591,Metropolitana,DEF-0624,8.0,Consumado,19,no,0,0.28746197,1,1,base,drug_trafficking,normal,"[""No favorable"", ""Salida favorable""]"
2734,Ñuble,DEF-0254,13.0,Consumado,26,no,0,0.3383965,1,1,base,drug_trafficking,normal,"[""No favorable"", ""Salida favorable""]"
860,Maule,DEF-0356,8.0,Consumado,28,no,0,0.32742247,0,0,base,drug_trafficking,normal,"[""No favorable"", ""Salida favorable""]"
5350,Antofagasta,DEF-0419,1.0,Consumado,25,no,0,0.1895092,0,0,base,drug_trafficking,normal,"[""No favorable"", ""Salida favorable""]"
15089,Antofagasta,DEF-0689,5.0,Consumado,18,yes,1,0.9937978,1,1,base,drug_trafficking,normal,"[""No favorable"", ""Salida favorable""]"
8712,Tarapacá,DEF-0100,5.0,Consumado,32,yes,1,0.99938637,1,1,base,drug_trafficking,normal,"[""No favorable"", ""Salida favorable""]"
6160,Tarapacá,DEF-0301,4.0,Consumado,35,yes,1,0.9978602,1,1,base,drug_trafficking,normal,"[""No favorable"", ""Salida favorable""]"
10149,Valparaíso,DEF-0557,8.0,Consumado,25,no,0,0.2901972,0,0,base,drug_trafficking,normal,"[""No favorable"", ""Salida favorable""]"
3875,Tarapacá,DEF-0106,7.0,Consumado,22,no,0,0.28906435,0,0,base,drug_trafficking,normal,"[""No favorable"", ""Salida favorable""]"
5226,Antofagasta,DEF-0041,5.0,Consumado,22,yes,1,0.99943864,1,1,base,drug_trafficking,normal,"[""No favorable"", ""Salida favorable""]"
463,Tarapacá,DEF-0190,9.0,Consumado,18,no,0,0.35936385,0,0,base,drug_trafficking,normal,"[""No favorable"", ""Salida favorable""]"
4698,Antofagasta,DEF-0689,8.0,Consumado,32,no,0,0.16880922,0,0,base,drug_trafficking,normal,"[""No favorable"", ""Salida favorable""]"
2893,Metropolitana,DEF-0465,2.0,Consumado,25,no,0,0.30188334,0,0,base,drug_trafficking,normal,"[""No favorable"", ""Salida favorable""]"
10788,Valparaíso,DEF-0594,8.0,Consumado,24,no,0,0.28704125,1,1,base,drug_trafficking,normal,"[""No favorable"", ""Salida favorable""]"
8797,Ñuble,DEF-0392,6.0,Consumado,37,no,0,0.30648866,0,0,base,drug_trafficking,normal,"[""No favorable"", ""Salida favorable""]"
4820,Metropolitana,DEF-0218,8.0,Consumado,18,yes,1,0.9984008,1,1,base,drug_trafficking,normal,"[""No favorable"", ""Salida favorable""]"
2836,Metropolitana,DEF-0569,2.0,Consumado,26,no,0,0.29068628,0,0,base,drug_trafficking,normal,"[""No favorable"", ""Salida favorable""]"
14651,Tarapacá,DEF-0913,10.0,Consumado,40,yes,1,0.94516194,1,1,base,drug_trafficking,normal,"[""No favorable"", ""Salida favorable""]"
3294,Tarapacá,DEF-0188,3.0,Consumado,19,yes,1,0.99853104,1,1,base,drug_trafficking,normal,"[""No favorable"", ""Salida favorable""]"
14623,La Araucanía,DEF-0534,9.0,Consumado,23,no,0,0.31182435,0,0,base,drug_trafficking,normal,"[""No favorable"", ""Salida favorable""]"
12698,Tarapacá,DEF-0175,3.0,Consumado,18,no,0,0.35078555,0,0,base,drug_trafficking,normal,"[""No favorable"", ""Salida favorable""]"
1877,Arica y Parinacota,DEF-0140,14.0,Consumado,18,no,0,0.30729917,0,0,base,drug_trafficking,normal,"[""No favorable"", ""Salida favorable""]"
3931,Tarapacá,DEF-0270,6.0,Consumado,22,yes,1,0.99806786,1,1,base,drug_trafficking,normal,"[""No favorable"", ""Salida favorable""]"
2014,Arica y Parinacota,DEF-0118,7.0,Consumado,37,no,0,0.29508755,0,0,base,drug_trafficking,normal,"[""No favorable"", ""Salida favorable""]"
12966,Valparaíso,DEF-0641,11.0,Consumado,24,no,0,0.28426898,1,1,base,drug_trafficking,normal,"[""No favorable"", ""Salida favorable""]"
9551,Metropolitana,DEF-0218,9.0,Consumado,18,no,0,0.3604508,0,0,base,drug_trafficking,normal,"[""No favorable"", ""Salida favorable""]"
5624,Tarapacá,DEF-0124,4.0,Consumado,25,yes,1,0.99921703,1,1,base,drug_trafficking,normal,"[""No favorable"", ""Salida favorable""]"
4468,Valparaíso,DEF-0599,9.0,Consumado,23,no,0,0.28687882,0,0,base,drug_trafficking,normal,"[""No favorable"", ""Salida favorable""]"
14184,Tarapacá,DEF-0106,4.0,Consumado,26,yes,1,0.99936,1,1,base,drug_trafficking,normal,"[""No favorable"", ""Salida favorable""]"
3906,Valparaíso,DEF-0642,6.0,Consumado,34,no,0,0.2832348,1,1,base,drug_trafficking,normal,"[""No favorable"", ""Salida favorable""]"
10633,Arica y Parinacota,DEF-0346,7.0,Consumado,18,yes,1,0.99835014,1,1,base,drug_trafficking,normal,"[""No favorable"", ""Salida favorable""]"
7079,Tarapacá,DEF-0117,9.0,Consumado,18,no,0,0.3107256,1,1,base,drug_trafficking,normal,"[""No favorable"", ""Salida favorable""]"
10462,Tarapacá,DEF-0188,11.0,Consumado,19,no,0,0.3624723,0,0,base,drug_trafficking,normal,"[""No favorable"", ""Salida favorable""]"
14074,Metropolitana,DEF-0193,3.0,Consumado,34,no,0,0.359542,0,0,base,drug_trafficking,normal,"[""No favorable"", ""Salida favorable""]"
1585,Metropolitana,DEF-0244,9.0,Consumado,23,no,0,0.3532313,0,0,base,drug_trafficking,normal,"[""No favorable"", ""Salida favorable""]"
15302,Metropolitana,DEF-0024,1.0,Consumado,18,no,0,0.34429345,0,0,base,drug_trafficking,normal,"[""No favorable"", ""Salida favorable""]"
7625,Metropolitana,DEF-0665,5.0,Consumado,32,no,0,0.28394878,1,1,base,drug_trafficking,normal,"[""No favorable"", ""Salida favorable""]"
5486,Metropolitana,DEF-0212,11.0,Consumado,18,no,0,0.36490205,0,0,base,drug_trafficking,normal,"[""No favorable"", ""Salida favorable""]"
6355,Tarapacá,DEF-0106,3.0,Consumado,27,yes,1,0.99935466,1,1,base,drug_trafficking,normal,"[""No favorable"", ""Salida favorable""]"
2964,Tarapacá,DEF-0533,8.0,Consumado,32,yes,1,0.9952846,1,1,base,drug_trafficking,normal,"[""No favorable"", ""Salida favorable""]"
1944,Tarapacá,DEF-0102,5.0,Consumado,25,no,0,0.2787445,0,0,base,drug_trafficking,normal,"[""No favorable"", ""Salida favorable""]"
14685,Bio Bío,DEF-0155,6.0,Consumado,33,no,0,0.46430972,1,1,base,drug_trafficking,normal,"[""No favorable"", ""Salida favorable""]"
4283,Metropolitana,DEF-0018,1.0,Consumado,27,no,0,0.35112315,0,0,base,drug_trafficking,normal,"[""No favorable"", ""Salida favorable""]"
11532,Antofagasta,DEF-0852,7.0,Consumado,39,no,0,0.16272406,0,0,base,drug_trafficking,normal,"[""No favorable"", ""Salida favorable""]"
10254,Coquimbo,DEF-0323,4.0,Consumado,31,yes,1,0.9983774,1,1,base,drug_trafficking,normal,"[""No favorable"", ""Salida favorable""]"
8037,Los Lagos,DEF-0646,11.0,Consumado,29,no,0,0.29334232,0,0,base,drug_trafficking,normal,"[""No favorable"", ""Salida favorable""]"
12334,Metropolitana,DEF-0040,0.0,Consumado,23,no,0,0.30711788,0,0,base,drug_trafficking,normal,"[""No favorable"", ""Salida favorable""]"
3409,Antofagasta,DEF-0393,4.0,Consumado,18,yes,1,0.9974108,1,1,base,drug_trafficking,normal,"[""No favorable"", ""Salida favorable""]"
12156,Valparaíso,DEF-0594,2.0,Consumado,18,no,0,0.28551522,1,1,base,drug_trafficking,normal,"[""No favorable"", ""Salida favorable""]"
9991,Tarapacá,DEF-0106,5.0,Consumado,18,yes,1,0.9993784,1,1,base,drug_trafficking,normal,"[""No favorable"", ""Salida favorable""]"
12321,Metropolitana,DEF-0139,10.0,Consumado,20,no,0,0.35728744,0,0,base,drug_trafficking,normal,"[""No favorable"", ""Salida favorable""]"
11360,Tarapacá,DEF-0058,4.0,Consumado,18,yes,1,0.9994766,1,1,base,drug_trafficking,normal,"[""No favorable"", ""Salida favorable""]"
13824,Metropolitana,DEF-0043,6.0,Consumado,23,no,0,0.3226968,0,0,base,drug_trafficking,normal,"[""No favorable"", ""Salida favorable""]"
15242,Tarapacá,DEF-0102,7.0,Consumado,33,no,0,0.2780517,0,0,base,drug_trafficking,normal,"[""No favorable"", ""Salida favorable""]"
4548,Arica y Parinacota,DEF-0083,6.0,Consumado,31,no,0,0.2986492,0,0,base,drug_trafficking,normal,"[""No favorable"", ""Salida favorable""]"
14384,Arica y Parinacota,DEF-0309,8.0,Consumado,30,yes,1,0.99836975,1,1,base,drug_trafficking,normal,"[""No favorable"", ""Salida favorable""]"
10007,Tarapacá,DEF-0315,7.0,Consumado,18,no,0,0.32707873,0,0,base,drug_trafficking,normal,"[""No favorable"", ""Salida favorable""]"
6953,Arica y Parinacota,DEF-0083,8.0,Consumado,28,no,0,0.30499572,1,1,base,drug_trafficking,normal,"[""No favorable"", ""Salida favorable""]"
2020,Tarapacá,DEF-0301,5.0,Consumado,33,yes,1,0.99787647,1,1,base,drug_trafficking,normal,"[""No favorable"", ""Salida favorable""]"
7308,Valparaíso,DEF-0168,1.0,Consumado,36,no,0,0.33245042,1,1,base,drug_trafficking,normal,"[""No favorable"", ""Salida favorable""]"
8692,Tarapacá,DEF-0106,3.0,Consumado,18,yes,1,0.9993722,1,1,base,drug_trafficking,normal,"[""No favorable"", ""Salida favorable""]"
3529,Metropolitana,DEF-0415,7.0,Consumado,21,no,0,0.31151193,0,0,base,drug_trafficking,normal,"[""No favorable"", ""Salida favorable""]"
10243,Coquimbo,DEF-0074,2.0,Consumado,33,no,0,0.3918114,1,1,base,drug_trafficking,normal,"[""No favorable"", ""Salida favorable""]"
15855,Antofagasta,DEF-0042,4.0,Consumado,32,yes,1,0.99940896,1,1,base,drug_trafficking,normal,"[""No favorable"", ""Salida favorable""]"
13066,Arica y Parinacota,DEF-0236,4.0,Consumado,30,yes,1,0.99851763,1,1,base,drug_trafficking,normal,"[""No favorable"", ""Salida favorable""]"
10590,Metropolitana,DEF-0096,1.0,Consumado,24,no,0,0.28014466,0,0,base,drug_trafficking,normal,"[""No favorable"", ""Salida favorable""]"
12486,Metropolitana,DEF-0045,4.0,Consumado,32,no,0,0.30139613,1,1,base,drug_trafficking,normal,"[""No favorable"", ""Salida favorable""]"
5196,Tarapacá,DEF-0106,6.0,Consumado,28,no,0,0.2832579,0,0,base,drug_trafficking,normal,"[""No favorable"", ""Salida favorable""]"
6921,Tarapacá,DEF-0073,3.0,Consumado,25,yes,1,0.9994685,1,1,base,drug_trafficking,normal,"[""No favorable"", ""Salida favorable""]"
7754,Tarapacá,DEF-0660,5.0,Consumado,29,yes,1,0.98987514,1,1,base,drug_trafficking,normal,"[""No favorable"", ""Salida favorable""]"
5363,Arica y Parinacota,DEF-0029,10.0,Consumado,18,no,0,0.3035717,0,0,base,drug_trafficking,normal,"[""No favorable"", ""Salida favorable""]"
6521,Aysén,DEF-0424,13.0,Consumado,21,no,0,0.33755922,0,0,base,drug_trafficking,normal,"[""No favorable"", ""Salida favorable""]"
13203,Valparaíso,DEF-0330,1.0,Consumado,31,no,0,0.31673068,0,0,base,drug_trafficking,normal,"[""No favorable"", ""Salida favorable""]"
11475,Aysén,DEF-0424,15.0,Consumado,27,no,0,0.3373974,1,1,base,drug_trafficking,normal,"[""No favorable"", ""Salida favorable""]"
14459,Maule,DEF-0914,2.0,Consumado,19,no,0,0.16462709,0,0,base,drug_trafficking,normal,"[""No favorable"", ""Salida favorable""]"
14120,Tarapacá,DEF-0106,5.0,Consumado,24,yes,1,0.9993672,1,1,base,drug_trafficking,normal,"[""No favorable"", ""Salida favorable""]"
51,Metropolitana,DEF-0003,2.0,Consumado,28,no,0,0.1637847,0,0,base,drug_trafficking,normal,"[""No favorable"", ""Salida favorable""]"
10468,Tarapacá,DEF-0106,7.0,Consumado,30,no,0,0.28411585,0,0,base,drug_trafficking,normal,"[""No favorable"", ""Salida favorable""]"
6821,Valparaíso,DEF-0220,6.0,Consumado,18,no,0,0.34389985,0,0,base,drug_trafficking,normal,"[""No favorable"", ""Salida favorable""]"
3032,Antofagasta,DEF-0389,7.0,Consumado,28,no,0,0.19463871,0,0,base,drug_trafficking,normal,"[""No favorable"", ""Salida favorable""]"
5662,Tarapacá,DEF-0188,4.0,Consumado,18,no,0,0.35284033,1,1,base,drug_trafficking,normal,"[""No favorable"", ""Salida favorable""]"
16639,Valparaíso,DEF-0220,1.0,Consumado,19,no,0,0.338947,0,0,base,drug_trafficking,normal,"[""No favorable"", ""Salida favorable""]"
3169,Arica y Parinacota,DEF-0309,7.0,Consumado,22,no,0,0.23919256,1,1,base,drug_trafficking,normal,"[""No favorable"", ""Salida favorable""]"
6099,Libertador Bernardo O'Higgins,DEF-0050,4.0,Consumado,33,no,0,0.34557948,1,1,base,drug_trafficking,normal,"[""No favorable"", ""Salida favorable""]"
12866,Arica y Parinacota,DEF-0455,4.0,Consumado,32,yes,1,0.9979144,1,1,base,drug_trafficking,normal,"[""No favorable"", ""Salida favorable""]"
11304,Tarapacá,DEF-0058,5.0,Consumado,22,yes,1,0.99947363,1,1,base,drug_trafficking,normal,"[""No favorable"", ""Salida favorable""]"
1265,Valparaíso,DEF-0379,2.0,Consumado,24,no,0,0.30860448,1,1,base,drug_trafficking,normal,"[""No favorable"", ""Salida favorable""]"
6243,Tarapacá,DEF-0102,5.0,Consumado,26,yes,1,0.9993868,1,1,base,drug_trafficking,normal,"[""No favorable"", ""Salida favorable""]"
2062,Atacama,DEF-0307,15.0,Consumado,21,yes,1,0.9985632,1,1,base,drug_trafficking,normal,"[""No favorable"", ""Salida favorable""]"
1997,Tarapacá,DEF-0188,4.0,Consumado,26,no,0,0.35281017,0,0,base,drug_trafficking,normal,"[""No favorable"", ""Salida favorable""]"
932,Tarapacá,DEF-0317,4.0,Consumado,19,yes,1,0.9977947,1,1,base,drug_trafficking,normal,"[""No favorable"", ""Salida favorable""]"
6684,Tarapacá,DEF-0660,2.0,Consumado,24,yes,1,0.9892638,1,1,base,drug_trafficking,normal,"[""No favorable"", ""Salida favorable""]"
14341,Metropolitana,DEF-0139,5.0,Consumado,23,no,0,0.34586915,0,0,base,drug_trafficking,normal,"[""No favorable"", ""Salida favorable""]"
4938,Metropolitana,DEF-0698,13.0,Consumado,25,no,0,0.2835529,0,0,base,drug_trafficking,normal,"[""No favorable"", ""Salida favorable""]"
13851,Atacama,DEF-0322,3.0,Consumado,22,no,0,0.31948105,0,0,base,drug_trafficking,normal,"[""No favorable"", ""Salida favorable""]"
3678,Bio Bío,DEF-0634,4.0,Consumado,27,no,0,0.29865095,0,0,base,drug_trafficking,normal,"[""No favorable"", ""Salida favorable""]"
10737,Metropolitana,DEF-0427,1.0,Consumado,18,no,0,0.3064291,1,1,base,drug_trafficking,normal,"[""No favorable"", ""Salida favorable""]"
4184,Metropolitana,DEF-0629,1.0,Consumado,24,no,0,0.28543395,0,0,base,drug_trafficking,normal,"[""No favorable"", ""Salida favorable""]"
5769,La Araucanía,DEF-0597,4.0,Consumado,22,no,0,0.3003131,0,0,base,drug_trafficking,normal,"[""No favorable"", ""Salida favorable""]"
735,Tarapacá,DEF-0315,2.0,Consumado,18,no,0,0.3234686,1,1,base,drug_trafficking,normal,"[""No favorable"", ""Salida favorable""]"
4903,Antofagasta,DEF-0011,5.0,Consumado,24,no,0,0.22488122,0,0,base,drug_trafficking,normal,"[""No favorable"", ""Salida favorable""]"
7785,Atacama,DEF-0241,4.0,Consumado,18,no,0,0.35651705,0,0,base,drug_trafficking,normal,"[""No favorable"", ""Salida favorable""]"
4885,Aysén,DEF-0046,3.0,Consumado,18,no,0,0.42998245,0,0,base,drug_trafficking,normal,"[""No favorable"", ""Salida favorable""]"
14977,Tarapacá,DEF-0058,5.0,Consumado,21,yes,1,0.9994748,1,1,base,drug_trafficking,normal,"[""No favorable"", ""Salida favorable""]"
16668,Bio Bío,DEF-0506,0.0,Consumado,24,no,0,0.31672242,0,0,base,drug_trafficking,normal,"[""No favorable"", ""Salida favorable""]"
1367,Valparaíso,DEF-0180,3.0,Consumado,25,no,0,0.34203398,0,0,base,drug_trafficking,normal,"[""No favorable"", ""Salida favorable""]"
542,Arica y Parinacota,DEF-0021,15.0,Consumado,36,no,0,0.267625,0,0,base,drug_trafficking,normal,"[""No favorable"", ""Salida favorable""]"
15696,Arica y Parinacota,DEF-0031,6.0,Consumado,18,no,0,0.29558694,0,0,base,drug_trafficking,normal,"[""No favorable"", ""Salida favorable""]"
15399,Tarapacá,DEF-0058,4.0,Consumado,22,yes,1,0.99947184,1,1,base,drug_trafficking,normal,"[""No favorable"", ""Salida favorable""]"
8840,Tarapacá,DEF-0106,2.0,Consumado,18,yes,1,0.99936897,1,1,base,drug_trafficking,normal,"[""No favorable"", ""Salida favorable""]"
1866,Tarapacá,DEF-0102,5.0,Consumado,24,yes,1,0.99939036,1,1,base,drug_trafficking,normal,"[""No favorable"", ""Salida favorable""]"
9863,Antofagasta,DEF-0766,4.0,Consumado,29,yes,1,0.9899449,1,1,base,drug_trafficking,normal,"[""No favorable"", ""Salida favorable""]"
12491,Coquimbo,DEF-0150,5.0,Consumado,25,no,0,0.45070526,1,1,base,drug_trafficking,normal,"[""No favorable"", ""Salida favorable""]"
12196,Metropolitana,DEF-0603,7.0,Consumado,27,no,0,0.28913045,0,0,base,drug_trafficking,normal,"[""No favorable"", ""Salida favorable""]"
5241,Tarapacá,DEF-0188,2.0,Consumado,22,yes,1,0.9985163,1,1,base,drug_trafficking,normal,"[""No favorable"", ""Salida favorable""]"
5516,Valparaíso,DEF-0722,8.0,Consumado,29,no,0,0.27897516,1,1,base,drug_trafficking,normal,"[""No favorable"", ""Salida favorable""]"
6075,Tarapacá,DEF-0660,11.0,Consumado,26,no,0,0.28430682,0,0,base,drug_trafficking,normal,"[""No favorable"", ""Salida favorable""]"
6570,Tarapacá,DEF-0106,4.0,Consumado,27,yes,1,0.99935806,1,1,base,drug_trafficking,normal,"[""No favorable"", ""Salida favorable""]"
7779,Tarapacá,DEF-0004,10.0,Consumado,34,no,0,0.17369975,0,0,base,drug_trafficking,normal,"[""No favorable"", ""Salida favorable""]"
11063,Tarapacá,DEF-0058,7.0,Consumado,32,no,0,0.29688987,0,0,base,drug_trafficking,normal,"[""No favorable"", ""Salida favorable""]"
9366,Atacama,DEF-0093,0.0,Consumado,24,no,0,0.40948322,0,0,base,drug_trafficking,normal,"[""No favorable"", ""Salida favorable""]"
14622,Metropolitana,DEF-0082,0.0,Consumado,18,no,0,0.275578,0,0,base,drug_trafficking,normal,"[""No favorable"", ""Salida favorable""]"
12908,Libertador Bernardo O'Higgins,DEF-0043,2.0,Consumado,19,no,0,0.36087745,0,0,base,drug_trafficking,normal,"[""No favorable"", ""Salida favorable""]"
5061,Atacama,DEF-0440,4.0,Consumado,33,no,0,0.27792096,0,0,base,drug_trafficking,normal,"[""No favorable"", ""Salida favorable""]"
13595,Metropolitana,DEF-0494,1.0,Consumado,29,no,0,0.29812068,1,1,base,drug_trafficking,normal,"[""No favorable"", ""Salida favorable""]"
7948,Tarapacá,DEF-0660,3.0,Consumado,26,yes,1,0.9894773,1,1,base,drug_trafficking,normal,"[""No favorable"", ""Salida favorable""]"
12991,Coquimbo,DEF-0627,4.0,Consumado,28,yes,1,0.9962037,1,1,base,drug_trafficking,normal,"[""No favorable"", ""Salida favorable""]"
9694,Tarapacá,DEF-0251,8.0,Consumado,24,yes,1,0.9981721,1,1,base,drug_trafficking,normal,"[""No favorable"", ""Salida favorable""]"
4590,Metropolitana,DEF-0003,3.0,Consumado,18,no,0,0.16570783,0,0,base,drug_trafficking,normal,"[""No favorable"", ""Salida favorable""]"
15034,Tarapacá,DEF-0106,5.0,Consumado,22,yes,1,0.999371,1,1,base,drug_trafficking,normal,"[""No favorable"", ""Salida favorable""]"
6588,Maule,DEF-0344,7.0,Consumado,18,no,0,0.3287309,1,1,base,drug_trafficking,normal,"[""No favorable"", ""Salida favorable""]"
7555,Valparaíso,DEF-0532,10.0,Consumado,43,no,0,0.2939346,0,0,base,drug_trafficking,normal,"[""No favorable"", ""Salida favorable""]"
3344,Tarapacá,DEF-0188,6.0,Consumado,19,yes,1,0.9985532,1,1,base,drug_trafficking,normal,"[""No favorable"", ""Salida favorable""]"
846,Metropolitana,DEF-0353,7.0,Consumado,19,no,0,0.3227171,1,1,base,drug_trafficking,normal,"[""No favorable"", ""Salida favorable""]"
5218,Antofagasta,DEF-0419,2.0,Consumado,29,no,0,0.18925521,0,0,base,drug_trafficking,normal,"[""No favorable"", ""Salida favorable""]"
165,Tarapacá,DEF-0089,1.0,Consumado,27,no,0,0.26230773,1,1,base,drug_trafficking,normal,"[""No favorable"", ""Salida favorable""]"
14296,Tarapacá,DEF-0913,8.0,Consumado,20,yes,1,0.94031096,1,1,base,drug_trafficking,normal,"[""No favorable"", ""Salida favorable""]"
7645,Tarapacá,DEF-0106,2.0,Consumado,28,yes,1,0.9993492,1,1,base,drug_trafficking,normal,"[""No favorable"", ""Salida favorable""]"
3070,Valparaíso,DEF-0277,7.0,Consumado,23,no,0,0.33185273,0,0,base,drug_trafficking,normal,"[""No favorable"", ""Salida favorable""]"
6426,Metropolitana,DEF-0121,2.0,Consumado,18,no,0,0.31923893,1,1,base,drug_trafficking,normal,"[""No favorable"", ""Salida favorable""]"
14813,Bio Bío,DEF-0923,9.0,Consumado,19,no,0,0.2774627,0,0,base,drug_trafficking,normal,"[""No favorable"", ""Salida favorable""]"
6231,Tarapacá,DEF-0106,2.0,Consumado,27,yes,1,0.99935126,1,1,base,drug_trafficking,normal,"[""No favorable"", ""Salida favorable""]"
4643,Metropolitana,DEF-0686,4.0,Consumado,25,no,0,0.28230914,0,0,base,drug_trafficking,normal,"[""No favorable"", ""Salida favorable""]"
3318,Metropolitana,DEF-0255,4.0,Consumado,27,no,0,0.34487876,0,0,base,drug_trafficking,normal,"[""No favorable"", ""Salida favorable""]"
16429,Metropolitana,DEF-0139,3.0,Consumado,18,no,0,0.34386525,0,0,base,drug_trafficking,normal,"[""No favorable"", ""Salida favorable""]"
6078,Valparaíso,DEF-0360,7.0,Consumado,29,no,0,0.31480446,0,0,base,drug_trafficking,normal,"[""No favorable"", ""Salida favorable""]"
4293,Maule,DEF-0311,10.0,Consumado,44,no,0,0.34293208,1,1,base,drug_trafficking,normal,"[""No favorable"", ""Salida favorable""]"
6741,Metropolitana,DEF-0498,3.0,Consumado,18,no,0,0.29817083,0,0,base,drug_trafficking,normal,"[""No favorable"", ""Salida favorable""]"
11597,Metropolitana,DEF-0033,2.0,Consumado,30,no,0,0.309608,0,0,base,drug_trafficking,normal,"[""No favorable"", ""Salida favorable""]"
14688,Tarapacá,DEF-0202,11.0,Consumado,28,no,0,0.36106128,0,0,base,drug_trafficking,normal,"[""No favorable"", ""Salida favorable""]"
3021,Metropolitana,DEF-0126,4.0,Consumado,34,yes,1,0.99916035,1,1,base,drug_trafficking,normal,"[""No favorable"", ""Salida favorable""]"
4813,Metropolitana,DEF-0623,1.0,Consumado,18,no,0,0.28585908,1,1,base,drug_trafficking,normal,"[""No favorable"", ""Salida favorable""]"
15458,Valparaíso,DEF-0632,5.0,Consumado,24,yes,1,0.9903884,1,1,base,drug_trafficking,normal,"[""No favorable"", ""Salida favorable""]"
7248,Valparaíso,DEF-0019,2.0,Consumado,18,no,0,0.3649391,1,1,base,drug_trafficking,normal,"[""No favorable"", ""Salida favorable""]"
12032,Tarapacá,DEF-0190,5.0,Consumado,42,yes,1,0.9984708,1,1,base,drug_trafficking,normal,"[""No favorable"", ""Salida favorable""]"
447,Metropolitana,DEF-0126,15.0,Consumado,37,yes,1,0.9992014,1,1,base,drug_trafficking,normal,"[""No favorable"", ""Salida favorable""]"
3697,Tarapacá,DEF-0317,3.0,Consumado,38,yes,1,0.9977432,1,1,base,drug_trafficking,normal,"[""No favorable"", ""Salida favorable""]"
9430,Tarapacá,DEF-0660,4.0,Consumado,27,yes,1,0.9896804,1,1,base,drug_trafficking,normal,"[""No favorable"", ""Salida favorable""]"
4470,La Araucanía,DEF-0488,1.0,Consumado,18,no,0,0.31506187,1,1,base,drug_trafficking,normal,"[""No favorable"", ""Salida favorable""]"
974,Maule,DEF-0381,12.0,Consumado,35,no,0,0.3258218,0,0,base,drug_trafficking,normal,"[""No favorable"", ""Salida favorable""]"
1366,Valparaíso,DEF-0180,4.0,Consumado,38,no,0,0.3424765,0,0,base,drug_trafficking,normal,"[""No favorable"", ""Salida favorable""]"
15601,Tarapacá,DEF-0614,16.0,Consumado,26,no,0,0.28921878,0,0,base,drug_trafficking,normal,"[""No favorable"", ""Salida favorable""]"
11488,Tarapacá,DEF-0270,5.0,Consumado,36,yes,1,0.9980318,1,1,base,drug_trafficking,normal,"[""No favorable"", ""Salida favorable""]"
5256,Metropolitana,DEF-0716,4.0,Consumado,41,no,0,0.2807691,1,1,base,drug_trafficking,normal,"[""No favorable"", ""Salida favorable""]"
3404,Antofagasta,DEF-0026,5.0,Consumado,28,yes,1,0.99945754,1,1,base,drug_trafficking,normal,"[""No favorable"", ""Salida favorable""]"
3255,Tarapacá,DEF-0533,4.0,Consumado,29,yes,1,0.99504954,1,1,base,drug_trafficking,normal,"[""No favorable"", ""Salida favorable""]"
131,Metropolitana,DEF-0098,13.0,Consumado,18,no,0,0.31376952,0,0,base,drug_trafficking,normal,"[""No favorable"", ""Salida favorable""]"
7656,Tarapacá,DEF-0106,4.0,Consumado,19,yes,1,0.9993735,1,1,base,drug_trafficking,normal,"[""No favorable"", ""Salida favorable""]"
391,Tarapacá,DEF-0073,14.0,Consumado,23,no,0,0.3015242,1,1,base,drug_trafficking,normal,"[""No favorable"", ""Salida favorable""]"
14053,Antofagasta,DEF-0750,13.0,Consumado,21,no,0,0.1672226,0,0,base,drug_trafficking,normal,"[""No favorable"", ""Salida favorable""]"
1723,Magallanes y Antártica Chilena,DEF-0028,14.0,Consumado,37,no,0,0.3557931,1,1,base,drug_trafficking,normal,"[""No favorable"", ""Salida favorable""]"
2992,Bio Bío,DEF-0589,5.0,Consumado,24,no,0,0.30520326,0,0,base,drug_trafficking,normal,"[""No favorable"", ""Salida favorable""]"
5382,Atacama,DEF-0258,3.0,Consumado,21,yes,1,0.99861723,1,1,base,drug_trafficking,normal,"[""No favorable"", ""Salida favorable""]"
6309,Atacama,DEF-0437,4.0,Consumado,34,yes,1,0.9981498,1,1,base,drug_trafficking,normal,"[""No favorable"", ""Salida favorable""]"
10787,Metropolitana,DEF-0043,9.0,Consumado,18,no,0,0.3413198,1,1,base,drug_trafficking,normal,"[""No favorable"", ""Salida favorable""]"
14829,Atacama,DEF-0924,10.0,Consumado,25,no,0,0.23479365,1,1,base,drug_trafficking,normal,"[""No favorable"", ""Salida favorable""]"
12555,Metropolitana,DEF-0718,6.0,Consumado,26,no,0,0.2808427,0,0,base,drug_trafficking,normal,"[""No favorable"", ""Salida favorable""]"
10533,Antofagasta,DEF-0041,3.0,Consumado,24,yes,1,0.99943453,1,1,base,drug_trafficking,normal,"[""No favorable"", ""Salida favorable""]"
1254,Atacama,DEF-0054,7.0,Consumado,31,no,0,0.3741412,1,1,base,drug_trafficking,normal,"[""No favorable"", ""Salida favorable""]"
1670,Metropolitana,DEF-0486,22.0,Consumado,28,no,0,0.19259684,0,0,base,drug_trafficking,normal,"[""No favorable"", ""Salida favorable""]"
7146,Ñuble,DEF-0331,9.0,Consumado,19,no,0,0.3175519,1,1,base,drug_trafficking,normal,"[""No favorable"", ""Salida favorable""]"
12716,Antofagasta,DEF-0042,6.0,Consumado,37,yes,1,0.99939305,1,1,base,drug_trafficking,normal,"[""No favorable"", ""Salida favorable""]"
2320,Coquimbo,DEF-0536,7.0,Consumado,21,no,0,0.31320238,0,0,base,drug_trafficking,normal,"[""No favorable"", ""Salida favorable""]"
8619,Antofagasta,DEF-0689,3.0,Consumado,34,yes,1,0.99268734,1,1,base,drug_trafficking,normal,"[""No favorable"", ""Salida favorable""]"
9950,Tarapacá,DEF-0251,9.0,Consumado,33,yes,1,0.9981631,1,1,base,drug_trafficking,normal,"[""No favorable"", ""Salida favorable""]"
15477,Tarapacá,DEF-0270,5.0,Consumado,32,yes,1,0.9980398,1,1,base,drug_trafficking,normal,"[""No favorable"", ""Salida favorable""]"
9320,Metropolitana,DEF-0047,3.0,Consumado,27,no,0,0.30571067,0,0,base,drug_trafficking,normal,"[""No favorable"", ""Salida favorable""]"
6493,Antofagasta,DEF-0654,6.0,Consumado,20,no,0,0.17158636,0,0,base,drug_trafficking,normal,"[""No favorable"", ""Salida favorable""]"
2030,Antofagasta,DEF-0084,8.0,Consumado,24,no,0,0.27794197,0,0,base,drug_trafficking,normal,"[""No favorable"", ""Salida favorable""]"
2115,Bio Bío,DEF-0342,6.0,Consumado,18,no,0,0.36457658,1,1,base,drug_trafficking,normal,"[""No favorable"", ""Salida favorable""]"
3843,Tarapacá,DEF-0124,2.0,Consumado,18,yes,1,0.99922603,1,1,base,drug_trafficking,normal,"[""No favorable"", ""Salida favorable""]"
10264,Arica y Parinacota,DEF-0083,5.0,Consumado,24,yes,1,0.9993392,1,1,base,drug_trafficking,normal,"[""No favorable"", ""Salida favorable""]"
12697,Tarapacá,DEF-0058,2.0,Consumado,31,yes,1,0.99945647,1,1,base,drug_trafficking,normal,"[""No favorable"", ""Salida favorable""]"
4990,Tarapacá,DEF-0102,4.0,Consumado,25,yes,1,0.9993856,1,1,base,drug_trafficking,normal,"[""No favorable"", ""Salida favorable""]"
1365,Arica y Parinacota,DEF-0234,10.0,Consumado,29,yes,1,0.99851036,1,1,base,drug_trafficking,normal,"[""No favorable"", ""Salida favorable""]"
6393,Coquimbo,DEF-0699,4.0,Consumado,25,no,0,0.29130858,0,0,base,drug_trafficking,normal,"[""No favorable"", ""Salida favorable""]"
8303,Arica y Parinacota,DEF-0235,4.0,Consumado,26,yes,1,0.9985376,1,1,base,drug_trafficking,normal,"[""No favorable"", ""Salida favorable""]"
3876,Tarapacá,DEF-0106,7.0,Consumado,23,no,0,0.28842467,0,0,base,drug_trafficking,normal,"[""No favorable"", ""Salida favorable""]"
4035,Tarapacá,DEF-0107,3.0,Consumado,29,yes,1,0.99934393,1,1,base,drug_trafficking,normal,"[""No favorable"", ""Salida favorable""]"
9503,Metropolitana,DEF-0291,4.0,Consumado,29,yes,1,0.99801624,1,1,base,drug_trafficking,normal,"[""No favorable"", ""Salida favorable""]"
5851,Arica y Parinacota,DEF-0005,4.0,Consumado,36,yes,1,0.9994667,1,1,base,drug_trafficking,normal,"[""No favorable"", ""Salida favorable""]"
15933,Antofagasta,DEF-0084,7.0,Consumado,31,yes,1,0.9990767,1,1,base,drug_trafficking,normal,"[""No favorable"", ""Salida favorable""]"
795,Atacama,DEF-0337,8.0,Consumado,22,no,0,0.3129798,1,1,base,drug_trafficking,normal,"[""No favorable"", ""Salida favorable""]"
15763,Tarapacá,DEF-0058,5.0,Consumado,19,yes,1,0.9994772,1,1,base,drug_trafficking,normal,"[""No favorable"", ""Salida favorable""]"
779,Tarapacá,DEF-0106,7.0,Consumado,32,no,0,0.28293908,0,0,base,drug_trafficking,normal,"[""No favorable"", ""Salida favorable""]"
1987,Los Ríos,DEF-0123,6.0,Consumado,30,no,0,0.38095844,1,1,base,drug_trafficking,normal,"[""No favorable"", ""Salida favorable""]"
14330,Tarapacá,DEF-0660,9.0,Consumado,21,yes,1,0.9906106,1,1,base,drug_trafficking,normal,"[""No favorable"", ""Salida favorable""]"
10191,Tarapacá,DEF-0822,5.0,Consumado,25,yes,1,0.9674236,1,1,base,drug_trafficking,normal,"[""No favorable"", ""Salida favorable""]"
950,Arica y Parinacota,DEF-0365,10.0,Consumado,18,no,0,0.2283158,0,0,base,drug_trafficking,normal,"[""No favorable"", ""Salida favorable""]"
11819,Tarapacá,DEF-0251,4.0,Consumado,26,yes,1,0.9981327,1,1,base,drug_trafficking,normal,"[""No favorable"", ""Salida favorable""]"
5609,Tarapacá,DEF-0073,5.0,Consumado,31,yes,1,0.99946463,1,1,base,drug_trafficking,normal,"[""No favorable"", ""Salida favorable""]"
8324,Tarapacá,DEF-0732,6.0,Consumado,21,yes,1,0.9836947,1,1,base,drug_trafficking,normal,"[""No favorable"", ""Salida favorable""]"
12214,Valparaíso,DEF-0557,2.0,Consumado,36,no,0,0.28868106,0,0,base,drug_trafficking,normal,"[""No favorable"", ""Salida favorable""]"
12266,Arica y Parinacota,DEF-0225,7.0,Consumado,32,yes,1,0.998521,1,1,base,drug_trafficking,normal,"[""No favorable"", ""Salida favorable""]"
5806,Antofagasta,DEF-0352,3.0,Consumado,18,no,0,0.20026165,1,1,base,drug_trafficking,normal,"[""No favorable"", ""Salida favorable""]"
9098,Tarapacá,DEF-0533,3.0,Consumado,19,no,0,0.2925321,0,0,base,drug_trafficking,normal,"[""No favorable"", ""Salida favorable""]"
7751,Tarapacá,DEF-0660,4.0,Consumado,18,yes,1,0.9896677,1,1,base,drug_trafficking,normal,"[""No favorable"", ""Salida favorable""]"
6415,Tarapacá,DEF-0750,4.0,Consumado,18,no,0,0.27783462,0,0,base,drug_trafficking,normal,"[""No favorable"", ""Salida favorable""]"
13142,Metropolitana,DEF-0408,8.0,Consumado,26,no,0,0.31339896,1,1,base,drug_trafficking,normal,"[""No favorable"", ""Salida favorable""]"
12000,Antofagasta,DEF-0805,7.0,Consumado,27,yes,1,0.98776406,1,1,base,drug_trafficking,normal,"[""No favorable"", ""Salida favorable""]"
8294,Antofagasta,DEF-0352,8.0,Consumado,31,no,0,0.20081013,0,0,base,drug_trafficking,normal,"[""No favorable"", ""Salida favorable""]"
10014,Atacama,DEF-0735,17.0,Consumado,34,yes,1,0.9957169,1,1,base,drug_trafficking,normal,"[""No favorable"", ""Salida favorable""]"
6632,Arica y Parinacota,DEF-0309,12.0,Consumado,29,no,0,0.234786,0,0,base,drug_trafficking,normal,"[""No favorable"", ""Salida favorable""]"
6969,Tarapacá,DEF-0533,4.0,Consumado,22,yes,1,0.99506956,1,1,base,drug_trafficking,normal,"[""No favorable"", ""Salida favorable""]"
10109,Metropolitana,DEF-0531,24.0,Consumado,31,no,0,0.30433148,0,0,base,drug_trafficking,normal,"[""No favorable"", ""Salida favorable""]"
2466,Bio Bío,DEF-0363,16.0,Consumado,28,no,0,0.3696777,1,1,base,drug_trafficking,normal,"[""No favorable"", ""Salida favorable""]"
7024,Tarapacá,DEF-0533,3.0,Consumado,29,yes,1,0.99498284,1,1,base,drug_trafficking,normal,"[""No favorable"", ""Salida favorable""]"
11258,Los Lagos,DEF-0740,7.0,Consumado,18,no,0,0.28426787,0,0,base,drug_trafficking,normal,"[""No favorable"", ""Salida favorable""]"
448,Metropolitana,DEF-0139,14.0,Consumado,19,no,0,0.3664851,0,0,base,drug_trafficking,normal,"[""No favorable"", ""Salida favorable""]"
14434,Antofagasta,DEF-0023,6.0,Consumado,28,yes,1,0.99945956,1,1,base,drug_trafficking,normal,"[""No favorable"", ""Salida favorable""]"
1899,Metropolitana,DEF-0008,9.0,Consumado,42,no,0,0.19410966,0,0,base,drug_trafficking,normal,"[""No favorable"", ""Salida favorable""]"
16492,Metropolitana,DEF-0479,2.0,Consumado,18,no,0,0.29990393,0,0,base,drug_trafficking,normal,"[""No favorable"", ""Salida favorable""]"
8877,Antofagasta,DEF-0400,6.0,Consumado,22,yes,1,0.99725163,1,1,base,drug_trafficking,normal,"[""No favorable"", ""Salida favorable""]"
704,Arica y Parinacota,DEF-0234,22.0,Consumado,21,no,0,0.26601943,0,0,base,drug_trafficking,normal,"[""No favorable"", ""Salida favorable""]"
16375,Metropolitana,DEF-0694,3.0,Consumado,21,no,0,0.28171515,1,1,base,drug_trafficking,normal,"[""No favorable"", ""Salida favorable""]"
8442,Bio Bío,DEF-0382,10.0,Consumado,33,no,0,0.3558125,0,0,base,drug_trafficking,normal,"[""No favorable"", ""Salida favorable""]"
5628,Bio Bío,DEF-0155,1.0,Consumado,31,no,0,0.45121896,1,1,base,drug_trafficking,normal,"[""No favorable"", ""Salida favorable""]"
5334,Tarapacá,DEF-0188,6.0,Consumado,31,yes,1,0.9985232,1,1,base,drug_trafficking,normal,"[""No favorable"", ""Salida favorable""]"
3728,Metropolitana,DEF-0082,4.0,Consumado,18,no,0,0.28389364,0,0,base,drug_trafficking,normal,"[""No favorable"", ""Salida favorable""]"
1907,Metropolitana,DEF-0022,2.0,Consumado,30,no,0,0.3409344,0,0,base,drug_trafficking,normal,"[""No favorable"", ""Salida favorable""]"
10857,Arica y Parinacota,DEF-0236,13.0,Consumado,26,no,0,0.25870526,0,0,base,drug_trafficking,normal,"[""No favorable"", ""Salida favorable""]"
16266,Los Ríos,DEF-0902,4.0,Consumado,18,no,0,0.27486014,0,0,base,drug_trafficking,normal,"[""No favorable"", ""Salida favorable""]"
148,Los Lagos,DEF-0109,9.0,Consumado,27,no,0,0.39568388,0,0,base,drug_trafficking,normal,"[""No favorable"", ""Salida favorable""]"
3630,Valparaíso,DEF-0062,7.0,Consumado,23,no,0,0.29804263,1,1,base,drug_trafficking,normal,"[""No favorable"", ""Salida favorable""]"
12341,Coquimbo,DEF-0397,2.0,Consumado,31,no,0,0.3394551,0,0,base,drug_trafficking,normal,"[""No favorable"", ""Salida favorable""]"
2389,Tarapacá,DEF-0106,4.0,Consumado,25,yes,1,0.999362,1,1,base,drug_trafficking,normal,"[""No favorable"", ""Salida favorable""]"
13798,Los Lagos,DEF-0518,5.0,Consumado,23,no,0,0.30652827,0,0,base,drug_trafficking,normal,"[""No favorable"", ""Salida favorable""]"
8973,Tarapacá,DEF-0106,4.0,Consumado,24,no,0,0.28170857,1,1,base,drug_trafficking,normal,"[""No favorable"", ""Salida favorable""]"
14684,Antofagasta,DEF-0683,3.0,Consumado,22,yes,1,0.99370277,1,1,base,drug_trafficking,normal,"[""No favorable"", ""Salida favorable""]"
3720,Antofagasta,DEF-0633,2.0,Consumado,18,no,0,0.17299992,1,1,base,drug_trafficking,normal,"[""No favorable"", ""Salida favorable""]"
3547,Valparaíso,DEF-0545,11.0,Consumado,18,no,0,0.2921265,0,0,base,drug_trafficking,normal,"[""No favorable"", ""Salida favorable""]"
649,Antofagasta,DEF-0246,9.0,Consumado,28,no,0,0.2257746,0,0,base,drug_trafficking,normal,"[""No favorable"", ""Salida favorable""]"
6866,Tarapacá,DEF-0317,4.0,Consumado,31,yes,1,0.99777234,1,1,base,drug_trafficking,normal,"[""No favorable"", ""Salida favorable""]"
13090,Antofagasta,DEF-0683,3.0,Consumado,30,yes,1,0.9931598,1,1,base,drug_trafficking,normal,"[""No favorable"", ""Salida favorable""]"
16105,Tarapacá,DEF-0660,4.0,Consumado,18,yes,1,0.9896677,1,1,base,drug_trafficking,normal,"[""No favorable"", ""Salida favorable""]"
11106,Metropolitana,DEF-0008,3.0,Consumado,23,no,0,0.18126218,0,0,base,drug_trafficking,normal,"[""No favorable"", ""Salida favorable""]"
1769,Atacama,DEF-0054,7.0,Consumado,22,no,0,0.39642158,1,1,base,drug_trafficking,normal,"[""No favorable"", ""Salida favorable""]"
14670,Maule,DEF-0154,4.0,Consumado,18,no,0,0.36878163,1,1,base,drug_trafficking,normal,"[""No favorable"", ""Salida favorable""]"
12599,Tarapacá,DEF-0100,3.0,Consumado,23,yes,1,0.9993968,1,1,base,drug_trafficking,normal,"[""No favorable"", ""Salida favorable""]"
4868,Arica y Parinacota,DEF-0140,6.0,Consumado,18,yes,1,0.998884,1,1,base,drug_trafficking,normal,"[""No favorable"", ""Salida favorable""]"
7289,Tarapacá,DEF-0165,5.0,Consumado,18,yes,1,0.9987839,1,1,base,drug_trafficking,normal,"[""No favorable"", ""Salida favorable""]"
6350,Valparaíso,DEF-0136,3.0,Consumado,20,no,0,0.30852145,0,0,base,drug_trafficking,normal,"[""No favorable"", ""Salida favorable""]"
39,Coquimbo,DEF-0035,1.0,Consumado,26,no,0,0.3775538,1,1,base,drug_trafficking,normal,"[""No favorable"", ""Salida favorable""]"
15800,Valparaíso,DEF-0604,5.0,Consumado,28,no,0,0.28556392,0,0,base,drug_trafficking,normal,"[""No favorable"", ""Salida favorable""]"
11625,Tarapacá,DEF-0102,4.0,Consumado,25,yes,1,0.9993856,1,1,base,drug_trafficking,normal,"[""No favorable"", ""Salida favorable""]"
6308,Atacama,DEF-0437,4.0,Consumado,39,yes,1,0.9981371,1,1,base,drug_trafficking,normal,"[""No favorable"", ""Salida favorable""]"
16113,Bio Bío,DEF-0036,1.0,Consumado,45,no,0,0.36295342,0,0,base,drug_trafficking,normal,"[""No favorable"", ""Salida favorable""]"
10623,Arica y Parinacota,DEF-0263,16.0,Consumado,39,no,0,0.24464513,1,1,base,drug_trafficking,normal,"[""No favorable"", ""Salida favorable""]"
970,Tarapacá,DEF-0248,6.0,Consumado,19,yes,1,0.99817795,1,1,base,drug_trafficking,normal,"[""No favorable"", ""Salida favorable""]"
16574,Los Lagos,DEF-0518,2.0,Consumado,28,no,0,0.3052526,1,1,base,drug_trafficking,normal,"[""No favorable"", ""Salida favorable""]"
13591,Arica y Parinacota,DEF-0012,9.0,Consumado,39,yes,1,0.9995053,1,1,base,drug_trafficking,normal,"[""No favorable"", ""Salida favorable""]"
12443,Valparaíso,DEF-0182,11.0,Consumado,24,no,0,0.35369807,0,0,base,drug_trafficking,normal,"[""No favorable"", ""Salida favorable""]"
10295,Metropolitana,DEF-0790,2.0,Consumado,33,no,0,0.27673393,1,1,base,drug_trafficking,normal,"[""No favorable"", ""Salida favorable""]"
3043,Valparaíso,DEF-0182,2.0,Consumado,34,no,0,0.34054166,0,0,base,drug_trafficking,normal,"[""No favorable"", ""Salida favorable""]"
13335,Metropolitana,DEF-0757,2.0,Consumado,23,no,0,0.27816212,0,0,base,drug_trafficking,normal,"[""No favorable"", ""Salida favorable""]"
1461,Valparaíso,DEF-0195,5.0,Consumado,21,yes,1,0.9984468,1,1,base,drug_trafficking,normal,"[""No favorable"", ""Salida favorable""]"
6566,Metropolitana,DEF-0013,1.0,Consumado,21,no,0,0.31268087,0,0,base,drug_trafficking,normal,"[""No favorable"", ""Salida favorable""]"
14362,Tarapacá,DEF-0106,6.0,Consumado,29,yes,1,0.99936056,1,1,base,drug_trafficking,normal,"[""No favorable"", ""Salida favorable""]"
14884,Antofagasta,DEF-0352,9.0,Consumado,35,no,0,0.20109355,1,1,base,drug_trafficking,normal,"[""No favorable"", ""Salida favorable""]"
16491,Metropolitana,DEF-0479,2.0,Consumado,18,no,0,0.29990393,0,0,base,drug_trafficking,normal,"[""No favorable"", ""Salida favorable""]"
9134,Tarapacá,DEF-0732,2.0,Consumado,33,yes,1,0.9822849,1,1,base,drug_trafficking,normal,"[""No favorable"", ""Salida favorable""]"
14440,Arica y Parinacota,DEF-0455,5.0,Consumado,18,no,0,0.21580848,1,1,base,drug_trafficking,normal,"[""No favorable"", ""Salida favorable""]"
12466,Tarapacá,DEF-0153,3.0,Consumado,27,yes,1,0.99888486,1,1,base,drug_trafficking,normal,"[""No favorable"", ""Salida favorable""]"
8590,Valparaíso,DEF-0532,2.0,Consumado,38,no,0,0.29092547,0,0,base,drug_trafficking,normal,"[""No favorable"", ""Salida favorable""]"
4653,Arica y Parinacota,DEF-0346,7.0,Consumado,25,yes,1,0.998314,1,1,base,drug_trafficking,normal,"[""No favorable"", ""Salida favorable""]"
13351,Arica y Parinacota,DEF-0140,6.0,Consumado,23,yes,1,0.99886364,1,1,base,drug_trafficking,normal,"[""No favorable"", ""Salida favorable""]"
13056,Metropolitana,DEF-0003,1.0,Consumado,19,no,0,0.16336998,0,0,base,drug_trafficking,normal,"[""No favorable"", ""Salida favorable""]"
5355,Tarapacá,DEF-0301,3.0,Consumado,31,yes,1,0.997856,1,1,base,drug_trafficking,normal,"[""No favorable"", ""Salida favorable""]"
5724,Metropolitana,DEF-0569,3.0,Consumado,18,yes,1,0.994546,1,1,base,drug_trafficking,normal,"[""No favorable"", ""Salida favorable""]"
2151,Arica y Parinacota,DEF-0108,17.0,Consumado,37,yes,1,0.9990809,1,1,base,drug_trafficking,normal,"[""No favorable"", ""Salida favorable""]"
6002,Valparaíso,DEF-0075,1.0,Consumado,27,no,0,0.2623564,0,0,base,drug_trafficking,normal,"[""No favorable"", ""Salida favorable""]"
1252,Atacama,DEF-0054,7.0,Consumado,25,no,0,0.3889191,1,1,base,drug_trafficking,normal,"[""No favorable"", ""Salida favorable""]"
7234,Valparaíso,DEF-0557,8.0,Consumado,31,no,0,0.29035607,1,1,base,drug_trafficking,normal,"[""No favorable"", ""Salida favorable""]"
7914,Metropolitana,DEF-0003,1.0,Consumado,31,no,0,0.16243112,0,0,base,drug_trafficking,normal,"[""No favorable"", ""Salida favorable""]"
14385,La Araucanía,DEF-0570,3.0,Consumado,24,no,0,0.3034387,0,0,base,drug_trafficking,normal,"[""No favorable"", ""Salida favorable""]"
3122,Metropolitana,DEF-0278,12.0,Consumado,18,no,0,0.3458311,0,0,base,drug_trafficking,normal,"[""No favorable"", ""Salida favorable""]"
11825,Valparaíso,DEF-0557,7.0,Consumado,18,no,0,0.28976297,0,0,base,drug_trafficking,normal,"[""No favorable"", ""Salida favorable""]"
5143,Antofagasta,DEF-0032,5.0,Consumado,18,no,0,0.26005733,0,0,base,drug_trafficking,normal,"[""No favorable"", ""Salida favorable""]"
13478,Arica y Parinacota,DEF-0234,18.0,Consumado,39,no,0,0.25580257,1,1,base,drug_trafficking,normal,"[""No favorable"", ""Salida favorable""]"
5126,Valparaíso,DEF-0580,7.0,Consumado,31,no,0,0.28800178,0,0,base,drug_trafficking,normal,"[""No favorable"", ""Salida favorable""]"
13689,Maule,DEF-0480,3.0,Consumado,18,no,0,0.30257317,1,1,base,drug_trafficking,normal,"[""No favorable"", ""Salida favorable""]"
12606,Valparaíso,DEF-0545,3.0,Consumado,24,no,0,0.28981218,1,1,base,drug_trafficking,normal,"[""No favorable"", ""Salida favorable""]"
11229,Antofagasta,DEF-0059,3.0,Consumado,18,no,0,0.26464283,1,1,base,drug_trafficking,normal,"[""No favorable"", ""Salida favorable""]"
10516,Valparaíso,DEF-0784,3.0,Consumado,28,no,0,0.2755391,0,0,base,drug_trafficking,normal,"[""No favorable"", ""Salida favorable""]"
12511,Tarapacá,DEF-0315,2.0,Consumado,22,no,0,0.32364917,0,0,base,drug_trafficking,normal,"[""No favorable"", ""Salida favorable""]"
8338,Metropolitana,DEF-0161,2.0,Consumado,35,no,0,0.35341352,0,0,base,drug_trafficking,normal,"[""No favorable"", ""Salida favorable""]"
9472,Antofagasta,DEF-0683,3.0,Consumado,18,no,0,0.17052546,0,0,base,drug_trafficking,normal,"[""No favorable"", ""Salida favorable""]"
3715,La Araucanía,DEF-0570,5.0,Consumado,18,no,0,0.3041935,0,0,base,drug_trafficking,normal,"[""No favorable"", ""Salida favorable""]"
8214,Tarapacá,DEF-0124,4.0,Consumado,29,yes,1,0.9992062,1,1,base,drug_trafficking,normal,"[""No favorable"", ""Salida favorable""]"
14480,Antofagasta,DEF-0802,4.0,Consumado,18,yes,1,0.98902524,1,1,base,drug_trafficking,normal,"[""No favorable"", ""Salida favorable""]"
14149,Bio Bío,DEF-0634,3.0,Consumado,36,no,0,0.29815996,0,0,base,drug_trafficking,normal,"[""No favorable"", ""Salida favorable""]"
1127,Metropolitana,DEF-0358,6.0,Consumado,24,no,0,0.32125637,1,1,base,drug_trafficking,normal,"[""No favorable"", ""Salida favorable""]"
4130,Coquimbo,DEF-0657,3.0,Consumado,26,yes,1,0.9956284,1,1,base,drug_trafficking,normal,"[""No favorable"", ""Salida favorable""]"
1545,Bio Bío,DEF-0155,2.0,Consumado,20,no,0,0.453087,0,0,base,drug_trafficking,normal,"[""No favorable"", ""Salida favorable""]"
2344,Metropolitana,DEF-0057,18.0,Consumado,22,no,0,0.35004753,0,0,base,drug_trafficking,normal,"[""No favorable"", ""Salida favorable""]"
616,Metropolitana,DEF-0193,4.0,Consumado,21,no,0,0.36031562,0,0,base,drug_trafficking,normal,"[""No favorable"", ""Salida favorable""]"
14728,Arica y Parinacota,DEF-0234,10.0,Consumado,26,yes,1,0.9985259,1,1,base,drug_trafficking,normal,"[""No favorable"", ""Salida favorable""]"
6986,Arica y Parinacota,DEF-0309,2.0,Consumado,18,no,0,0.24344166,0,0,base,drug_trafficking,normal,"[""No favorable"", ""Salida favorable""]"
10380,Tarapacá,DEF-0188,14.0,Consumado,35,no,0,0.3684499,1,1,base,drug_trafficking,normal,"[""No favorable"", ""Salida favorable""]"
1378,Tarapacá,DEF-0107,5.0,Consumado,25,yes,1,0.99935895,1,1,base,drug_trafficking,normal,"[""No favorable"", ""Salida favorable""]"
6223,Libertador Bernardo O'Higgins,DEF-0316,5.0,Consumado,33,no,0,0.35684952,0,0,base,drug_trafficking,normal,"[""No favorable"", ""Salida favorable""]"
5904,Metropolitana,DEF-0569,5.0,Consumado,25,no,0,0.29156938,0,0,base,drug_trafficking,normal,"[""No favorable"", ""Salida favorable""]"
14780,Ñuble,DEF-0654,9.0,Consumado,40,no,0,0.28205207,1,1,base,drug_trafficking,normal,"[""No favorable"", ""Salida favorable""]"
2220,Metropolitana,DEF-0454,5.0,Consumado,31,no,0,0.3050175,1,1,base,drug_trafficking,normal,"[""No favorable"", ""Salida favorable""]"
2710,Tarapacá,DEF-0100,6.0,Consumado,31,yes,1,0.9993912,1,1,base,drug_trafficking,normal,"[""No favorable"", ""Salida favorable""]"
16152,Tarapacá,DEF-0106,4.0,Consumado,30,yes,1,0.99935186,1,1,base,drug_trafficking,normal,"[""No favorable"", ""Salida favorable""]"
2297,Metropolitana,DEF-0465,1.0,Consumado,35,yes,1,0.99648666,1,1,base,drug_trafficking,normal,"[""No favorable"", ""Salida favorable""]"
15334,Metropolitana,DEF-0740,8.0,Consumado,24,no,0,0.27991247,0,0,base,drug_trafficking,normal,"[""No favorable"", ""Salida favorable""]"
11239,Tarapacá,DEF-0058,6.0,Consumado,22,yes,1,0.9994754,1,1,base,drug_trafficking,normal,"[""No favorable"", ""Salida favorable""]"
2738,Bio Bío,DEF-0342,2.0,Consumado,20,no,0,0.36015207,0,0,base,drug_trafficking,normal,"[""No favorable"", ""Salida favorable""]"
682,Los Lagos,DEF-0303,17.0,Consumado,29,no,0,0.37042394,1,1,base,drug_trafficking,normal,"[""No favorable"", ""Salida favorable""]"
3896,Maule,DEF-0154,4.0,Consumado,25,no,0,0.36769792,1,1,base,drug_trafficking,normal,"[""No favorable"", ""Salida favorable""]"
493,Arica y Parinacota,DEF-0199,15.0,Consumado,22,yes,1,0.99860156,1,1,base,drug_trafficking,normal,"[""No favorable"", ""Salida favorable""]"
5056,Metropolitana,DEF-0706,6.0,Consumado,30,no,0,0.28161526,1,1,base,drug_trafficking,normal,"[""No favorable"", ""Salida favorable""]"
9972,Maule,DEF-0335,3.0,Consumado,47,no,0,0.33001098,1,1,base,drug_trafficking,normal,"[""No favorable"", ""Salida favorable""]"
2750,Metropolitana,DEF-0396,0.0,Consumado,31,no,0,0.31094575,0,0,base,drug_trafficking,normal,"[""No favorable"", ""Salida favorable""]"
3980,Tarapacá,DEF-0317,8.0,Consumado,23,no,0,0.32774425,0,0,base,drug_trafficking,normal,"[""No favorable"", ""Salida favorable""]"
262,Metropolitana,DEF-0112,1.0,Consumado,24,no,0,0.300019,0,0,base,drug_trafficking,normal,"[""No favorable"", ""Salida favorable""]"
5511,Valparaíso,DEF-0125,2.0,Consumado,39,no,0,0.28008416,0,0,base,drug_trafficking,normal,"[""No favorable"", ""Salida favorable""]"
15887,Tarapacá,DEF-0106,7.0,Consumado,18,yes,1,0.9993844,1,1,base,drug_trafficking,normal,"[""No favorable"", ""Salida favorable""]"
7518,Tarapacá,DEF-0106,3.0,Consumado,18,yes,1,0.9993722,1,1,base,drug_trafficking,normal,"[""No favorable"", ""Salida favorable""]"
10755,Libertador Bernardo O'Higgins,DEF-0229,2.0,Consumado,31,no,0,0.3862836,0,0,base,drug_trafficking,normal,"[""No favorable"", ""Salida favorable""]"
9806,Coquimbo,DEF-0323,7.0,Consumado,18,yes,1,0.9984085,1,1,base,drug_trafficking,normal,"[""No favorable"", ""Salida favorable""]"
3871,Libertador Bernardo O'Higgins,DEF-0006,2.0,Consumado,41,no,0,0.20755129,0,0,base,drug_trafficking,normal,"[""No favorable"", ""Salida favorable""]"
9640,Metropolitana,DEF-0121,6.0,Consumado,30,yes,1,0.9992298,1,1,base,drug_trafficking,normal,"[""No favorable"", ""Salida favorable""]"
1319,Maule,DEF-0001,26.0,Consumado,29,no,0,0.2015608,0,0,base,drug_trafficking,normal,"[""No favorable"", ""Salida favorable""]"
297,Valparaíso,DEF-0182,13.0,Consumado,28,no,0,0.35680646,1,1,base,drug_trafficking,normal,"[""No favorable"", ""Salida favorable""]"
12405,Metropolitana,DEF-0780,8.0,Consumado,20,no,0,0.27798864,0,0,base,drug_trafficking,normal,"[""No favorable"", ""Salida favorable""]"
656,Metropolitana,DEF-0193,10.0,Consumado,25,no,0,0.36914358,1,1,base,drug_trafficking,normal,"[""No favorable"", ""Salida favorable""]"
12738,Metropolitana,DEF-0082,0.0,Consumado,33,no,0,0.26648247,0,0,base,drug_trafficking,normal,"[""No favorable"", ""Salida favorable""]"
14861,Arica y Parinacota,DEF-0029,4.0,Consumado,26,no,0,0.2734324,0,0,base,drug_trafficking,normal,"[""No favorable"", ""Salida favorable""]"
11861,Tarapacá,DEF-0106,4.0,Consumado,21,yes,1,0.99936974,1,1,base,drug_trafficking,normal,"[""No favorable"", ""Salida favorable""]"
4965,Metropolitana,DEF-0082,1.0,Consumado,18,no,0,0.27758518,0,0,base,drug_trafficking,normal,"[""No favorable"", ""Salida favorable""]"
7353,Tarapacá,DEF-0102,6.0,Consumado,33,no,0,0.2760317,0,0,base,drug_trafficking,normal,"[""No favorable"", ""Salida favorable""]"
12628,Metropolitana,DEF-0104,5.0,Consumado,40,no,0,0.28756428,0,0,base,drug_trafficking,normal,"[""No favorable"", ""Salida favorable""]"
456,Metropolitana,DEF-0008,9.0,Consumado,33,no,0,0.19446161,0,0,base,drug_trafficking,normal,"[""No favorable"", ""Salida favorable""]"
7195,Metropolitana,DEF-0262,10.0,Consumado,33,no,0,0.3503783,1,1,base,drug_trafficking,normal,"[""No favorable"", ""Salida favorable""]"
2812,Los Lagos,DEF-0575,3.0,Consumado,34,no,0,0.29832298,1,1,base,drug_trafficking,normal,"[""No favorable"", ""Salida favorable""]"
11094,Tarapacá,DEF-0270,8.0,Consumado,24,yes,1,0.99808395,1,1,base,drug_trafficking,normal,"[""No favorable"", ""Salida favorable""]"
11356,Metropolitana,DEF-0403,5.0,Consumado,18,no,0,0.31200153,0,0,base,drug_trafficking,normal,"[""No favorable"", ""Salida favorable""]"
3971,Metropolitana,DEF-0193,3.0,Consumado,39,no,0,0.35985002,0,0,base,drug_trafficking,normal,"[""No favorable"", ""Salida favorable""]"
15544,Tarapacá,DEF-0913,10.0,Consumado,29,yes,1,0.9441544,1,1,base,drug_trafficking,normal,"[""No favorable"", ""Salida favorable""]"
1598,Los Lagos,DEF-0476,11.0,Consumado,37,no,0,0.3173275,0,0,base,drug_trafficking,normal,"[""No favorable"", ""Salida favorable""]"
5853,Tarapacá,DEF-0106,6.0,Consumado,32,yes,1,0.9993544,1,1,base,drug_trafficking,normal,"[""No favorable"", ""Salida favorable""]"
1748,Libertador Bernardo O'Higgins,DEF-0209,19.0,Consumado,29,no,0,0.42879817,1,1,base,drug_trafficking,normal,"[""No favorable"", ""Salida favorable""]"
13614,Arica y Parinacota,DEF-0306,16.0,Consumado,18,no,0,0.24190554,0,0,base,drug_trafficking,normal,"[""No favorable"", ""Salida favorable""]"
8322,Arica y Parinacota,DEF-0225,5.0,Consumado,25,yes,1,0.998559,1,1,base,drug_trafficking,normal,"[""No favorable"", ""Salida favorable""]"
1381,Metropolitana,DEF-0047,6.0,Consumado,22,no,0,0.32214218,0,0,base,drug_trafficking,normal,"[""No favorable"", ""Salida favorable""]"
12862,Tarapacá,DEF-0102,2.0,Consumado,29,yes,1,0.9993717,1,1,base,drug_trafficking,normal,"[""No favorable"", ""Salida favorable""]"
376,Metropolitana,DEF-0214,10.0,Consumado,33,no,0,0.36481836,0,0,base,drug_trafficking,normal,"[""No favorable"", ""Salida favorable""]"
5575,Bio Bío,DEF-0037,6.0,Consumado,34,no,0,0.4045603,0,0,base,drug_trafficking,normal,"[""No favorable"", ""Salida favorable""]"
831,Metropolitana,DEF-0271,12.0,Consumado,18,no,0,0.3479551,0,0,base,drug_trafficking,normal,"[""No favorable"", ""Salida favorable""]"
10102,Libertador Bernardo O'Higgins,DEF-0115,1.0,Consumado,21,no,0,0.40280914,0,0,base,drug_trafficking,normal,"[""No favorable"", ""Salida favorable""]"
1370,Metropolitana,DEF-0451,12.0,Consumado,25,no,0,0.3088585,0,0,base,drug_trafficking,normal,"[""No favorable"", ""Salida favorable""]"
14143,Tarapacá,DEF-0660,4.0,Consumado,41,yes,1,0.9896626,1,1,base,drug_trafficking,normal,"[""No favorable"", ""Salida favorable""]"
11567,Coquimbo,DEF-0397,4.0,Consumado,30,no,0,0.3412246,0,0,base,drug_trafficking,normal,"[""No favorable"", ""Salida favorable""]"
6117,Tarapacá,DEF-0100,4.0,Consumado,28,yes,1,0.9993908,1,1,base,drug_trafficking,normal,"[""No favorable"", ""Salida favorable""]"
14236,Atacama,DEF-0054,4.0,Consumado,38,no,0,0.3512444,0,0,base,drug_trafficking,normal,"[""No favorable"", ""Salida favorable""]"
14266,Metropolitana,DEF-0249,1.0,Consumado,35,no,0,0.34421387,0,0,base,drug_trafficking,normal,"[""No favorable"", ""Salida favorable""]"
5466,Valparaíso,DEF-0220,3.0,Consumado,20,no,0,0.34092826,0,0,base,drug_trafficking,normal,"[""No favorable"", ""Salida favorable""]"
7184,Metropolitana,DEF-0057,3.0,Consumado,26,no,0,0.299103,1,1,base,drug_trafficking,normal,"[""No favorable"", ""Salida favorable""]"
3301,Metropolitana,DEF-0250,6.0,Consumado,18,yes,1,0.9982374,1,1,base,drug_trafficking,normal,"[""No favorable"", ""Salida favorable""]"
6754,Valparaíso,DEF-0532,5.0,Consumado,29,no,0,0.29164955,0,0,base,drug_trafficking,normal,"[""No favorable"", ""Salida favorable""]"
10918,Atacama,DEF-0093,4.0,Consumado,28,yes,1,0.99931127,1,1,base,drug_trafficking,normal,"[""No favorable"", ""Salida favorable""]"
7042,Metropolitana,DEF-0137,3.0,Consumado,23,no,0,0.33975518,1,1,base,drug_trafficking,normal,"[""No favorable"", ""Salida favorable""]"
12689,Antofagasta,DEF-0781,3.0,Consumado,18,yes,1,0.99028504,1,1,base,drug_trafficking,normal,"[""No favorable"", ""Salida favorable""]"
7385,Metropolitana,DEF-0139,22.0,Consumado,18,no,0,0.386388,0,0,base,drug_trafficking,normal,"[""No favorable"", ""Salida favorable""]"
5229,Maule,DEF-0343,14.0,Consumado,27,no,0,0.3358169,1,1,base,drug_trafficking,normal,"[""No favorable"", ""Salida favorable""]"
14686,Libertador Bernardo O'Higgins,DEF-0316,5.0,Consumado,26,no,0,0.35607633,0,0,base,drug_trafficking,normal,"[""No favorable"", ""Salida favorable""]"
3496,Ñuble,DEF-0254,10.0,Consumado,24,no,0,0.33524066,1,1,base,drug_trafficking,normal,"[""No favorable"", ""Salida favorable""]"
13458,Antofagasta,DEF-0023,6.0,Consumado,32,yes,1,0.9994508,1,1,base,drug_trafficking,normal,"[""No favorable"", ""Salida favorable""]"
10954,Antofagasta,DEF-0683,8.0,Consumado,25,no,0,0.16964655,0,0,base,drug_trafficking,normal,"[""No favorable"", ""Salida favorable""]"
983,Arica y Parinacota,DEF-0234,14.0,Consumado,33,no,0,0.2560407,0,0,base,drug_trafficking,normal,"[""No favorable"", ""Salida favorable""]"
13673,Valparaíso,DEF-0568,2.0,Consumado,24,no,0,0.2875439,0,0,base,drug_trafficking,normal,"[""No favorable"", ""Salida favorable""]"
960,Arica y Parinacota,DEF-0005,13.0,Consumado,24,no,0,0.23206796,0,0,base,drug_trafficking,normal,"[""No favorable"", ""Salida favorable""]"
3749,Coquimbo,DEF-0074,5.0,Consumado,40,no,0,0.39748028,1,1,base,drug_trafficking,normal,"[""No favorable"", ""Salida favorable""]"
3451,Tarapacá,DEF-0124,2.0,Consumado,20,yes,1,0.9992209,1,1,base,drug_trafficking,normal,"[""No favorable"", ""Salida favorable""]"
11233,Valparaíso,DEF-0671,2.0,Consumado,25,no,0,0.28057176,1,1,base,drug_trafficking,normal,"[""No favorable"", ""Salida favorable""]"
279,Valparaíso,DEF-0172,9.0,Consumado,19,no,0,0.3488541,1,1,base,drug_trafficking,normal,"[""No favorable"", ""Salida favorable""]"
110,Arica y Parinacota,DEF-0083,12.0,Consumado,29,yes,1,0.9993337,1,1,base,drug_trafficking,normal,"[""No favorable"", ""Salida favorable""]"
15989,Metropolitana,DEF-0786,4.0,Consumado,26,no,0,0.27715728,1,1,base,drug_trafficking,normal,"[""No favorable"", ""Salida favorable""]"
2347,Tarapacá,DEF-0301,7.0,Consumado,20,no,0,0.33051074,0,0,base,drug_trafficking,normal,"[""No favorable"", ""Salida favorable""]"
13558,Atacama,DEF-0812,3.0,Consumado,28,no,0,0.24245025,1,1,base,drug_trafficking,normal,"[""No favorable"", ""Salida favorable""]"
16659,Metropolitana,DEF-0022,0.0,Consumado,28,no,0,0.3360841,0,0,base,drug_trafficking,normal,"[""No favorable"", ""Salida favorable""]"
1352,Atacama,DEF-0241,8.0,Consumado,19,no,0,0.35578477,1,1,base,drug_trafficking,normal,"[""No favorable"", ""Salida favorable""]"
9918,Tarapacá,DEF-0102,7.0,Consumado,18,yes,1,0.9994063,1,1,base,drug_trafficking,normal,"[""No favorable"", ""Salida favorable""]"
2625,Libertador Bernardo O'Higgins,DEF-0091,4.0,Consumado,23,no,0,0.3807847,0,0,base,drug_trafficking,normal,"[""No favorable"", ""Salida favorable""]"
10603,Libertador Bernardo O'Higgins,DEF-0229,2.0,Consumado,19,no,0,0.3848772,0,0,base,drug_trafficking,normal,"[""No favorable"", ""Salida favorable""]"
15744,Metropolitana,DEF-0069,4.0,Consumado,27,no,0,0.2852944,1,1,base,drug_trafficking,normal,"[""No favorable"", ""Salida favorable""]"
12160,Arica y Parinacota,DEF-0140,5.0,Consumado,33,no,0,0.28936207,0,0,base,drug_trafficking,normal,"[""No favorable"", ""Salida favorable""]"
14715,Metropolitana,DEF-0003,2.0,Consumado,21,no,0,0.16431981,0,0,base,drug_trafficking,normal,"[""No favorable"", ""Salida favorable""]"
7243,Tarapacá,DEF-0102,3.0,Consumado,20,no,0,0.2779673,0,0,base,drug_trafficking,normal,"[""No favorable"", ""Salida favorable""]"
4998,Tarapacá,DEF-0106,6.0,Consumado,24,yes,1,0.9993704,1,1,base,drug_trafficking,normal,"[""No favorable"", ""Salida favorable""]"
1694,Antofagasta,DEF-0387,7.0,Consumado,35,no,0,0.19447824,0,0,base,drug_trafficking,normal,"[""No favorable"", ""Salida favorable""]"
8696,Tarapacá,DEF-0732,4.0,Consumado,22,yes,1,0.9829539,1,1,base,drug_trafficking,normal,"[""No favorable"", ""Salida favorable""]"
2685,Ñuble,DEF-0204,5.0,Consumado,27,no,0,0.33880797,0,0,base,drug_trafficking,normal,"[""No favorable"", ""Salida favorable""]"
11853,Valparaíso,DEF-0220,2.0,Consumado,30,no,0,0.3403963,0,0,base,drug_trafficking,normal,"[""No favorable"", ""Salida favorable""]"
286,Metropolitana,DEF-0148,10.0,Consumado,25,no,0,0.36312068,1,1,base,drug_trafficking,normal,"[""No favorable"", ""Salida favorable""]"
7745,Tarapacá,DEF-0004,8.0,Consumado,29,no,0,0.17126618,0,0,base,drug_trafficking,normal,"[""No favorable"", ""Salida favorable""]"
1447,Tarapacá,DEF-0188,5.0,Consumado,35,no,0,0.35433233,1,1,base,drug_trafficking,normal,"[""No favorable"", ""Salida favorable""]"
16612,Metropolitana,DEF-0022,0.0,Consumado,30,no,0,0.33416283,0,0,base,drug_trafficking,normal,"[""No favorable"", ""Salida favorable""]"
527,Ñuble,DEF-0254,16.0,Consumado,27,no,0,0.3416934,0,0,base,drug_trafficking,normal,"[""No favorable"", ""Salida favorable""]"
12715,Antofagasta,DEF-0042,4.0,Consumado,24,yes,1,0.9994308,1,1,base,drug_trafficking,normal,"[""No favorable"", ""Salida favorable""]"
9901,Valparaíso,DEF-0722,8.0,Consumado,21,no,0,0.27889696,0,0,base,drug_trafficking,normal,"[""No favorable"", ""Salida favorable""]"
7163,Tarapacá,DEF-0188,3.0,Consumado,35,yes,1,0.9984916,1,1,base,drug_trafficking,normal,"[""No favorable"", ""Salida favorable""]"
3325,La Araucanía,DEF-0122,6.0,Consumado,25,no,0,0.44004944,1,1,base,drug_trafficking,normal,"[""No favorable"", ""Salida favorable""]"
11713,Coquimbo,DEF-0323,10.0,Consumado,18,no,0,0.37189057,0,0,base,drug_trafficking,normal,"[""No favorable"", ""Salida favorable""]"
3368,Tarapacá,DEF-0124,5.0,Consumado,44,yes,1,0.999167,1,1,base,drug_trafficking,normal,"[""No favorable"", ""Salida favorable""]"
10562,Tarapacá,DEF-0058,3.0,Consumado,18,yes,1,0.9994748,1,1,base,drug_trafficking,normal,"[""No favorable"", ""Salida favorable""]"
8608,Arica y Parinacota,DEF-0031,11.0,Consumado,18,no,0,0.30681604,0,0,base,drug_trafficking,normal,"[""No favorable"", ""Salida favorable""]"
9071,Tarapacá,DEF-0058,2.0,Consumado,24,no,0,0.2937049,1,1,base,drug_trafficking,normal,"[""No favorable"", ""Salida favorable""]"
7230,Arica y Parinacota,DEF-0443,5.0,Consumado,34,no,0,0.20837456,0,0,base,drug_trafficking,normal,"[""No favorable"", ""Salida favorable""]"
1173,Tarapacá,DEF-0073,8.0,Consumado,18,no,0,0.29027888,0,0,base,drug_trafficking,normal,"[""No favorable"", ""Salida favorable""]"
3293,Tarapacá,DEF-0106,2.0,Consumado,19,yes,1,0.99936706,1,1,base,drug_trafficking,normal,"[""No favorable"", ""Salida favorable""]"
6597,Antofagasta,DEF-0084,7.0,Consumado,22,no,0,0.27673838,0,0,base,drug_trafficking,normal,"[""No favorable"", ""Salida favorable""]"
259,La Araucanía,DEF-0167,3.0,Consumado,37,no,0,0.42748603,1,1,base,drug_trafficking,normal,"[""No favorable"", ""Salida favorable""]"
12590,Metropolitana,DEF-0365,8.0,Consumado,30,no,0,0.32162994,1,1,base,drug_trafficking,normal,"[""No favorable"", ""Salida favorable""]"
15246,Antofagasta,DEF-0788,6.0,Consumado,21,yes,1,0.98963034,1,1,base,drug_trafficking,normal,"[""No favorable"", ""Salida favorable""]"
2730,Libertador Bernardo O'Higgins,DEF-0549,8.0,Consumado,36,no,0,0.30673054,1,1,base,drug_trafficking,normal,"[""No favorable"", ""Salida favorable""]"
5444,Arica y Parinacota,DEF-0309,8.0,Consumado,33,no,0,0.23251818,0,0,base,drug_trafficking,normal,"[""No favorable"", ""Salida favorable""]"
1266,Atacama,DEF-0054,8.0,Consumado,18,no,0,0.4091687,0,0,base,drug_trafficking,normal,"[""No favorable"", ""Salida favorable""]"
12300,Arica y Parinacota,DEF-0455,10.0,Consumado,18,no,0,0.21367851,0,0,base,drug_trafficking,normal,"[""No favorable"", ""Salida favorable""]"
13026,Valparaíso,DEF-0731,1.0,Consumado,24,no,0,0.27741984,1,1,base,drug_trafficking,normal,"[""No favorable"", ""Salida favorable""]"
3191,Valparaíso,DEF-0265,7.0,Consumado,40,no,0,0.33651486,0,0,base,drug_trafficking,normal,"[""No favorable"", ""Salida favorable""]"
9335,Magallanes y Antártica Chilena,DEF-0828,11.0,Consumado,18,no,0,0.2778979,0,0,base,drug_trafficking,normal,"[""No favorable"", ""Salida favorable""]"
6454,Valparaíso,DEF-0557,5.0,Consumado,42,no,0,0.28974798,1,1,base,drug_trafficking,normal,"[""No favorable"", ""Salida favorable""]"
170,Arica y Parinacota,DEF-0118,7.0,Consumado,18,no,0,0.31273955,0,0,base,drug_trafficking,normal,"[""No favorable"", ""Salida favorable""]"
3492,Antofagasta,DEF-0274,16.0,Consumado,20,no,0,0.22390601,0,0,base,drug_trafficking,normal,"[""No favorable"", ""Salida favorable""]"
5519,Antofagasta,DEF-0052,5.0,Consumado,29,yes,1,0.99937195,1,1,base,drug_trafficking,normal,"[""No favorable"", ""Salida favorable""]"
2423,Metropolitana,DEF-0451,2.0,Consumado,34,no,0,0.30412656,1,1,base,drug_trafficking,normal,"[""No favorable"", ""Salida favorable""]"
6134,Arica y Parinacota,DEF-0234,9.0,Consumado,37,no,0,0.2520761,0,0,base,drug_trafficking,normal,"[""No favorable"", ""Salida favorable""]"
15883,Tarapacá,DEF-0102,6.0,Consumado,31,yes,1,0.9993804,1,1,base,drug_trafficking,normal,"[""No favorable"", ""Salida favorable""]"
9960,Tarapacá,DEF-0533,5.0,Consumado,25,yes,1,0.99512726,1,1,base,drug_trafficking,normal,"[""No favorable"", ""Salida favorable""]"
3636,Libertador Bernardo O'Higgins,DEF-0631,7.0,Consumado,25,no,0,0.29527825,0,0,base,drug_trafficking,normal,"[""No favorable"", ""Salida favorable""]"
10458,Metropolitana,DEF-0662,6.0,Consumado,33,no,0,0.28440958,0,0,base,drug_trafficking,normal,"[""No favorable"", ""Salida favorable""]"
10275,Tarapacá,DEF-0660,6.0,Consumado,36,yes,1,0.9900489,1,1,base,drug_trafficking,normal,"[""No favorable"", ""Salida favorable""]"
4095,La Araucanía,DEF-0534,5.0,Consumado,22,no,0,0.30964494,1,1,base,drug_trafficking,normal,"[""No favorable"", ""Salida favorable""]"
2186,Tarapacá,DEF-0188,3.0,Consumado,32,no,0,0.35149065,0,0,base,drug_trafficking,normal,"[""No favorable"", ""Salida favorable""]"
6600,Antofagasta,DEF-0084,10.0,Consumado,22,no,0,0.282818,0,0,base,drug_trafficking,normal,"[""No favorable"", ""Salida favorable""]"
2123,Tarapacá,DEF-0106,2.0,Consumado,25,no,0,0.27724767,0,0,base,drug_trafficking,normal,"[""No favorable"", ""Salida favorable""]"
12354,Arica y Parinacota,DEF-0118,7.0,Consumado,18,no,0,0.31273955,0,0,base,drug_trafficking,normal,"[""No favorable"", ""Salida favorable""]"
9106,Arica y Parinacota,DEF-0309,8.0,Consumado,27,yes,1,0.9983869,1,1,base,drug_trafficking,normal,"[""No favorable"", ""Salida favorable""]"
11312,Tarapacá,DEF-0058,7.0,Consumado,27,yes,1,0.9994711,1,1,base,drug_trafficking,normal,"[""No favorable"", ""Salida favorable""]"
4332,Tarapacá,DEF-0100,5.0,Consumado,30,yes,1,0.99939007,1,1,base,drug_trafficking,normal,"[""No favorable"", ""Salida favorable""]"
4789,Metropolitana,DEF-0465,2.0,Consumado,27,no,0,0.30193704,0,0,base,drug_trafficking,normal,"[""No favorable"", ""Salida favorable""]"
374,Metropolitana,DEF-0174,4.0,Consumado,38,no,0,0.36093336,0,0,base,drug_trafficking,normal,"[""No favorable"", ""Salida favorable""]"
4025,Tarapacá,DEF-0188,7.0,Consumado,29,yes,1,0.9985352,1,1,base,drug_trafficking,normal,"[""No favorable"", ""Salida favorable""]"
15973,Valparaíso,DEF-0062,5.0,Consumado,23,no,0,0.2932184,0,0,base,drug_trafficking,normal,"[""No favorable"", ""Salida favorable""]"
7794,Metropolitana,DEF-0112,2.0,Consumado,33,no,0,0.29649365,0,0,base,drug_trafficking,normal,"[""No favorable"", ""Salida favorable""]"
12699,Bio Bío,DEF-0002,1.0,Consumado,42,no,0,0.17566735,0,0,base,drug_trafficking,normal,"[""No favorable"", ""Salida favorable""]"
10932,Valparaíso,DEF-0328,6.0,Consumado,20,no,0,0.3197866,0,0,base,drug_trafficking,normal,"[""No favorable"", ""Salida favorable""]"
11553,La Araucanía,DEF-0611,2.0,Consumado,21,no,0,0.29781604,1,1,base,drug_trafficking,normal,"[""No favorable"", ""Salida favorable""]"
5131,Tarapacá,DEF-0100,6.0,Consumado,30,yes,1,0.99939305,1,1,base,drug_trafficking,normal,"[""No favorable"", ""Salida favorable""]"
16151,Metropolitana,DEF-0226,2.0,Consumado,18,no,0,0.35030338,0,0,base,drug_trafficking,normal,"[""No favorable"", ""Salida favorable""]"
6687,Los Lagos,DEF-0758,15.0,Consumado,25,no,0,0.18381272,1,1,base,drug_trafficking,normal,"[""No favorable"", ""Salida favorable""]"
9854,Atacama,DEF-0093,5.0,Consumado,25,yes,1,0.9993195,1,1,base,drug_trafficking,normal,"[""No favorable"", ""Salida favorable""]"
6429,Coquimbo,DEF-0397,6.0,Consumado,18,no,0,0.34231502,1,1,base,drug_trafficking,normal,"[""No favorable"", ""Salida favorable""]"
6162,Coquimbo,DEF-0282,4.0,Consumado,18,no,0,0.38050666,1,1,base,drug_trafficking,normal,"[""No favorable"", ""Salida favorable""]"
3521,Metropolitana,DEF-0519,5.0,Consumado,24,no,0,0.2967771,1,1,base,drug_trafficking,normal,"[""No favorable"", ""Salida favorable""]"
608,Valparaíso,DEF-0207,10.0,Consumado,18,no,0,0.3507089,0,0,base,drug_trafficking,normal,"[""No favorable"", ""Salida favorable""]"
3003,Antofagasta,DEF-0352,7.0,Consumado,18,no,0,0.20154767,1,1,base,drug_trafficking,normal,"[""No favorable"", ""Salida favorable""]"
7099,Coquimbo,DEF-0230,5.0,Consumado,18,no,0,0.40682763,1,1,base,drug_trafficking,normal,"[""No favorable"", ""Salida favorable""]"
313,Tarapacá,DEF-0190,11.0,Consumado,18,no,0,0.36220297,0,0,base,drug_trafficking,normal,"[""No favorable"", ""Salida favorable""]"
15956,Antofagasta,DEF-0189,3.0,Consumado,21,yes,1,0.9980635,1,1,base,drug_trafficking,normal,"[""No favorable"", ""Salida favorable""]"
537,Metropolitana,DEF-0256,7.0,Consumado,26,no,0,0.17000706,0,0,base,drug_trafficking,normal,"[""No favorable"", ""Salida favorable""]"
13389,Arica y Parinacota,DEF-0029,6.0,Consumado,24,no,0,0.2814521,0,0,base,drug_trafficking,normal,"[""No favorable"", ""Salida favorable""]"
12442,Los Ríos,DEF-0452,4.0,Consumado,35,no,0,0.31378436,0,0,base,drug_trafficking,normal,"[""No favorable"", ""Salida favorable""]"
12539,Antofagasta,DEF-0750,3.0,Consumado,18,yes,1,0.9917012,1,1,base,drug_trafficking,normal,"[""No favorable"", ""Salida favorable""]"
671,Valparaíso,DEF-0132,5.0,Consumado,22,no,0,0.30539593,0,0,base,drug_trafficking,normal,"[""No favorable"", ""Salida favorable""]"
3519,Metropolitana,DEF-0082,3.0,Consumado,25,no,0,0.2771196,0,0,base,drug_trafficking,normal,"[""No favorable"", ""Salida favorable""]"
12259,Tarapacá,DEF-0190,14.0,Consumado,21,no,0,0.36691353,1,1,base,drug_trafficking,normal,"[""No favorable"", ""Salida favorable""]"
4978,Coquimbo,DEF-0443,2.0,Consumado,39,no,0,0.3291101,0,0,base,drug_trafficking,normal,"[""No favorable"", ""Salida favorable""]"
4763,Metropolitana,DEF-0139,2.0,Consumado,28,no,0,0.33806288,0,0,base,drug_trafficking,normal,"[""No favorable"", ""Salida favorable""]"
6943,Tarapacá,DEF-0660,2.0,Consumado,18,yes,1,0.9892452,1,1,base,drug_trafficking,normal,"[""No favorable"", ""Salida favorable""]"
13557,Arica y Parinacota,DEF-0383,3.0,Consumado,23,no,0,0.22408414,1,1,base,drug_trafficking,normal,"[""No favorable"", ""Salida favorable""]"
13814,Maule,DEF-0551,4.0,Consumado,24,no,0,0.29495832,0,0,base,drug_trafficking,normal,"[""No favorable"", ""Salida favorable""]"
8114,Metropolitana,DEF-0795,3.0,Consumado,39,no,0,0.27668995,0,0,base,drug_trafficking,normal,"[""No favorable"", ""Salida favorable""]"
9730,Metropolitana,DEF-0519,3.0,Consumado,28,no,0,0.29613814,0,0,base,drug_trafficking,normal,"[""No favorable"", ""Salida favorable""]"
12161,Tarapacá,DEF-0861,8.0,Consumado,18,no,0,0.2740213,0,0,base,drug_trafficking,normal,"[""No favorable"", ""Salida favorable""]"
15787,Ñuble,DEF-0654,1.0,Consumado,31,no,0,0.280315,1,1,base,drug_trafficking,normal,"[""No favorable"", ""Salida favorable""]"
15014,Antofagasta,DEF-0689,5.0,Consumado,22,yes,1,0.9935427,1,1,base,drug_trafficking,normal,"[""No favorable"", ""Salida favorable""]"
12752,Metropolitana,DEF-0569,3.0,Consumado,26,no,0,0.29098064,0,0,base,drug_trafficking,normal,"[""No favorable"", ""Salida favorable""]"
14451,Tarapacá,DEF-0660,8.0,Consumado,32,yes,1,0.99041456,1,1,base,drug_trafficking,normal,"[""No favorable"", ""Salida favorable""]"
11904,Ñuble,DEF-0654,7.0,Consumado,26,no,0,0.28137922,0,0,base,drug_trafficking,normal,"[""No favorable"", ""Salida favorable""]"
11550,Arica y Parinacota,DEF-0044,6.0,Consumado,18,no,0,0.29949778,0,0,base,drug_trafficking,normal,"[""No favorable"", ""Salida favorable""]"
1916,Tarapacá,DEF-0124,4.0,Consumado,18,yes,1,0.9992352,1,1,base,drug_trafficking,normal,"[""No favorable"", ""Salida favorable""]"
6685,Tarapacá,DEF-0660,5.0,Consumado,27,yes,1,0.9898761,1,1,base,drug_trafficking,normal,"[""No favorable"", ""Salida favorable""]"
14482,Antofagasta,DEF-0802,4.0,Consumado,42,yes,1,0.985642,1,1,base,drug_trafficking,normal,"[""No favorable"", ""Salida favorable""]"
10500,Metropolitana,DEF-0043,1.0,Consumado,26,no,0,0.3035487,0,0,base,drug_trafficking,normal,"[""No favorable"", ""Salida favorable""]"
13102,Valparaíso,DEF-0641,5.0,Consumado,29,no,0,0.28300393,0,0,base,drug_trafficking,normal,"[""No favorable"", ""Salida favorable""]"
4088,Metropolitana,DEF-0080,1.0,Consumado,24,no,0,0.2739077,0,0,base,drug_trafficking,normal,"[""No favorable"", ""Salida favorable""]"
7151,Valparaíso,DEF-0557,10.0,Consumado,28,no,0,0.29090637,0,0,base,drug_trafficking,normal,"[""No favorable"", ""Salida favorable""]"
9540,Metropolitana,DEF-0458,5.0,Consumado,35,no,0,0.3046145,0,0,base,drug_trafficking,normal,"[""No favorable"", ""Salida favorable""]"
6423,Arica y Parinacota,DEF-0140,6.0,Consumado,39,no,0,0.28569135,0,0,base,drug_trafficking,normal,"[""No favorable"", ""Salida favorable""]"
8447,Tarapacá,DEF-0660,6.0,Consumado,31,yes,1,0.99006045,1,1,base,drug_trafficking,normal,"[""No favorable"", ""Salida favorable""]"
15129,Aysén,DEF-0917,5.0,Consumado,18,no,0,0.17626879,1,1,base,drug_trafficking,normal,"[""No favorable"", ""Salida favorable""]"
15385,Los Lagos,DEF-0186,3.0,Consumado,24,no,0,0.39607102,0,0,base,drug_trafficking,normal,"[""No favorable"", ""Salida favorable""]"
443,Metropolitana,DEF-0215,9.0,Consumado,21,no,0,0.3616497,1,1,base,drug_trafficking,normal,"[""No favorable"", ""Salida favorable""]"
10555,Tarapacá,DEF-0789,11.0,Consumado,18,no,0,0.27711502,0,0,base,drug_trafficking,normal,"[""No favorable"", ""Salida favorable""]"
10140,Tarapacá,DEF-0660,2.0,Consumado,30,yes,1,0.98927367,1,1,base,drug_trafficking,normal,"[""No favorable"", ""Salida favorable""]"
11564,Tarapacá,DEF-0660,3.0,Consumado,22,yes,1,0.9894705,1,1,base,drug_trafficking,normal,"[""No favorable"", ""Salida favorable""]"
1514,Arica y Parinacota,DEF-0306,14.0,Consumado,31,no,0,0.23483306,0,0,base,drug_trafficking,normal,"[""No favorable"", ""Salida favorable""]"
5574,Tarapacá,DEF-0124,4.0,Consumado,30,yes,1,0.9992034,1,1,base,drug_trafficking,normal,"[""No favorable"", ""Salida favorable""]"
11201,Los Lagos,DEF-0332,6.0,Consumado,26,no,0,0.34618622,0,0,base,drug_trafficking,normal,"[""No favorable"", ""Salida favorable""]"
5259,Valparaíso,DEF-0069,6.0,Consumado,20,no,0,0.28603378,0,0,base,drug_trafficking,normal,"[""No favorable"", ""Salida favorable""]"
9369,Arica y Parinacota,DEF-0547,10.0,Consumado,18,yes,1,0.99757373,1,1,base,drug_trafficking,normal,"[""No favorable"", ""Salida favorable""]"
16176,Aysén,DEF-0411,2.0,Consumado,46,no,0,0.32901958,0,0,base,drug_trafficking,normal,"[""No favorable"", ""Salida favorable""]"
8164,Bio Bío,DEF-0036,8.0,Consumado,41,no,0,0.40029502,0,0,base,drug_trafficking,normal,"[""No favorable"", ""Salida favorable""]"
1663,Coquimbo,DEF-0150,8.0,Consumado,21,no,0,0.45816213,0,0,base,drug_trafficking,normal,"[""No favorable"", ""Salida favorable""]"
8085,Metropolitana,DEF-0163,10.0,Consumado,23,no,0,0.3696558,0,0,base,drug_trafficking,normal,"[""No favorable"", ""Salida favorable""]"
13082,Bio Bío,DEF-0133,2.0,Consumado,26,no,0,0.46198758,1,1,base,drug_trafficking,normal,"[""No favorable"", ""Salida favorable""]"
1530,Metropolitana,DEF-0273,7.0,Consumado,26,no,0,0.34296653,0,0,base,drug_trafficking,normal,"[""No favorable"", ""Salida favorable""]"
129,Bio Bío,DEF-0037,9.0,Consumado,25,no,0,0.43616402,1,1,base,drug_trafficking,normal,"[""No favorable"", ""Salida favorable""]"
9157,Metropolitana,DEF-0736,4.0,Consumado,23,no,0,0.27945483,0,0,base,drug_trafficking,normal,"[""No favorable"", ""Salida favorable""]"
71,Metropolitana,DEF-0055,13.0,Consumado,37,no,0,0.17772032,1,1,base,drug_trafficking,normal,"[""No favorable"", ""Salida favorable""]"
11848,Metropolitana,DEF-0099,1.0,Consumado,19,no,0,0.28640622,1,1,base,drug_trafficking,normal,"[""No favorable"", ""Salida favorable""]"
2765,Metropolitana,DEF-0082,3.0,Consumado,32,no,0,0.27291578,1,1,base,drug_trafficking,normal,"[""No favorable"", ""Salida favorable""]"
8532,Coquimbo,DEF-0336,0.0,Consumado,35,no,0,0.3563621,1,1,base,drug_trafficking,normal,"[""No favorable"", ""Salida favorable""]"
13667,Metropolitana,DEF-0043,1.0,Consumado,18,no,0,0.3169808,0,0,base,drug_trafficking,normal,"[""No favorable"", ""Salida favorable""]"
14541,Antofagasta,DEF-0781,4.0,Consumado,41,yes,1,0.98748994,1,1,base,drug_trafficking,normal,"[""No favorable"", ""Salida favorable""]"
4949,Antofagasta,DEF-0017,5.0,Consumado,28,yes,1,0.9994587,1,1,base,drug_trafficking,normal,"[""No favorable"", ""Salida favorable""]"
3867,Tarapacá,DEF-0533,3.0,Consumado,30,yes,1,0.99497974,1,1,base,drug_trafficking,normal,"[""No favorable"", ""Salida favorable""]"
12979,Metropolitana,DEF-0214,4.0,Consumado,36,no,0,0.35700178,0,0,base,drug_trafficking,normal,"[""No favorable"", ""Salida favorable""]"
15122,Arica y Parinacota,DEF-0236,17.0,Consumado,18,no,0,0.26478863,1,1,base,drug_trafficking,normal,"[""No favorable"", ""Salida favorable""]"
2403,Metropolitana,DEF-0071,4.0,Consumado,29,no,0,0.281939,1,1,base,drug_trafficking,normal,"[""No favorable"", ""Salida favorable""]"
3381,Valparaíso,DEF-0535,4.0,Consumado,20,no,0,0.2908778,0,0,base,drug_trafficking,normal,"[""No favorable"", ""Salida favorable""]"
9484,Metropolitana,DEF-0576,12.0,Consumado,19,no,0,0.2929922,0,0,base,drug_trafficking,normal,"[""No favorable"", ""Salida favorable""]"
455,Arica y Parinacota,DEF-0234,19.0,Consumado,31,no,0,0.25958368,1,1,base,drug_trafficking,normal,"[""No favorable"", ""Salida favorable""]"
13731,Metropolitana,DEF-0161,2.0,Consumado,49,no,0,0.35143268,0,0,base,drug_trafficking,normal,"[""No favorable"", ""Salida favorable""]"
12834,Tarapacá,DEF-0270,4.0,Consumado,22,yes,1,0.99804723,1,1,base,drug_trafficking,normal,"[""No favorable"", ""Salida favorable""]"
3458,Atacama,DEF-0307,5.0,Consumado,18,yes,1,0.99853754,1,1,base,drug_trafficking,normal,"[""No favorable"", ""Salida favorable""]"
2840,Metropolitana,DEF-0210,3.0,Consumado,28,no,0,0.3559783,1,1,base,drug_trafficking,normal,"[""No favorable"", ""Salida favorable""]"
10185,Bio Bío,DEF-0839,3.0,Consumado,20,no,0,0.17132314,1,1,base,drug_trafficking,normal,"[""No favorable"", ""Salida favorable""]"
10144,Arica y Parinacota,DEF-0309,5.0,Consumado,44,no,0,0.22696713,0,0,base,drug_trafficking,normal,"[""No favorable"", ""Salida favorable""]"
8328,Valparaíso,DEF-0048,2.0,Consumado,40,no,0,0.27479836,1,1,base,drug_trafficking,normal,"[""No favorable"", ""Salida favorable""]"
6708,Valparaíso,DEF-0557,6.0,Consumado,25,no,0,0.28960195,1,1,base,drug_trafficking,normal,"[""No favorable"", ""Salida favorable""]"
1358,Tarapacá,DEF-0179,7.0,Consumado,19,no,0,0.35683662,0,0,base,drug_trafficking,normal,"[""No favorable"", ""Salida favorable""]"
729,Antofagasta,DEF-0313,8.0,Consumado,37,yes,1,0.99724895,1,1,base,drug_trafficking,normal,"[""No favorable"", ""Salida favorable""]"
235,Metropolitana,DEF-0152,4.0,Consumado,30,no,0,0.16615881,0,0,base,drug_trafficking,normal,"[""No favorable"", ""Salida favorable""]"
1661,Valparaíso,DEF-0062,8.0,Consumado,28,no,0,0.2951434,1,1,base,drug_trafficking,normal,"[""No favorable"", ""Salida favorable""]"
8009,Valparaíso,DEF-0417,12.0,Consumado,35,no,0,0.3089331,0,0,base,drug_trafficking,normal,"[""No favorable"", ""Salida favorable""]"
12193,Libertador Bernardo O'Higgins,DEF-0006,19.0,Consumado,27,no,0,0.28887057,0,0,base,drug_trafficking,normal,"[""No favorable"", ""Salida favorable""]"
5617,Arica y Parinacota,DEF-0346,6.0,Consumado,19,yes,1,0.9983454,1,1,base,drug_trafficking,normal,"[""No favorable"", ""Salida favorable""]"
1921,Tarapacá,DEF-0124,6.0,Consumado,33,yes,1,0.9992044,1,1,base,drug_trafficking,normal,"[""No favorable"", ""Salida favorable""]"
1298,Valparaíso,DEF-0019,2.0,Consumado,30,no,0,0.35611707,0,0,base,drug_trafficking,normal,"[""No favorable"", ""Salida favorable""]"
3285,Arica y Parinacota,DEF-0005,12.0,Consumado,29,no,0,0.22380331,0,0,base,drug_trafficking,normal,"[""No favorable"", ""Salida favorable""]"
15850,Antofagasta,DEF-0821,3.0,Consumado,18,yes,1,0.9876805,1,1,base,drug_trafficking,normal,"[""No favorable"", ""Salida favorable""]"
13618,Arica y Parinacota,DEF-0029,6.0,Consumado,23,no,0,0.28356215,0,0,base,drug_trafficking,normal,"[""No favorable"", ""Salida favorable""]"
4292,Coquimbo,DEF-0081,5.0,Consumado,36,no,0,0.41149545,0,0,base,drug_trafficking,normal,"[""No favorable"", ""Salida favorable""]"
272,Antofagasta,DEF-0059,2.0,Consumado,24,no,0,0.25806844,1,1,base,drug_trafficking,normal,"[""No favorable"", ""Salida favorable""]"
12695,Tarapacá,DEF-0058,2.0,Consumado,27,yes,1,0.9994618,1,1,base,drug_trafficking,normal,"[""No favorable"", ""Salida favorable""]"
6719,Tarapacá,DEF-0317,6.0,Consumado,41,no,0,0.32773015,0,0,base,drug_trafficking,normal,"[""No favorable"", ""Salida favorable""]"
12765,Tarapacá,DEF-0482,5.0,Consumado,34,no,0,0.29890254,1,1,base,drug_trafficking,normal,"[""No favorable"", ""Salida favorable""]"
3085,Metropolitana,DEF-0451,4.0,Consumado,38,no,0,0.30529153,0,0,base,drug_trafficking,normal,"[""No favorable"", ""Salida favorable""]"
6449,Coquimbo,DEF-0753,4.0,Consumado,31,no,0,0.16895035,0,0,base,drug_trafficking,normal,"[""No favorable"", ""Salida favorable""]"
9811,Tarapacá,DEF-0732,2.0,Consumado,18,yes,1,0.982097,1,1,base,drug_trafficking,normal,"[""No favorable"", ""Salida favorable""]"
4125,Tarapacá,DEF-0188,4.0,Consumado,24,no,0,0.35280707,0,0,base,drug_trafficking,normal,"[""No favorable"", ""Salida favorable""]"
14917,Bio Bío,DEF-0133,6.0,Consumado,24,no,0,0.47342816,0,0,base,drug_trafficking,normal,"[""No favorable"", ""Salida favorable""]"
4592,Metropolitana,DEF-0465,4.0,Consumado,24,no,0,0.3027239,0,0,base,drug_trafficking,normal,"[""No favorable"", ""Salida favorable""]"
12015,Atacama,DEF-0505,19.0,Consumado,31,no,0,0.2588093,0,0,base,drug_trafficking,normal,"[""No favorable"", ""Salida favorable""]"
4486,Coquimbo,DEF-0555,9.0,Consumado,27,no,0,0.31137866,0,0,base,drug_trafficking,normal,"[""No favorable"", ""Salida favorable""]"
15876,Bio Bío,DEF-0146,7.0,Consumado,29,no,0,0.4708934,1,1,base,drug_trafficking,normal,"[""No favorable"", ""Salida favorable""]"
9636,Tarapacá,DEF-0660,6.0,Consumado,23,yes,1,0.99006724,1,1,base,drug_trafficking,normal,"[""No favorable"", ""Salida favorable""]"
7087,Metropolitana,DEF-0770,9.0,Consumado,44,no,0,0.27889985,1,1,base,drug_trafficking,normal,"[""No favorable"", ""Salida favorable""]"
15757,Antofagasta,DEF-0175,3.0,Consumado,28,no,0,0.24344887,0,0,base,drug_trafficking,normal,"[""No favorable"", ""Salida favorable""]"
2638,Los Lagos,DEF-0111,10.0,Consumado,19,no,0,0.40517375,0,0,base,drug_trafficking,normal,"[""No favorable"", ""Salida favorable""]"
5017,Arica y Parinacota,DEF-0083,7.0,Consumado,25,yes,1,0.99933916,1,1,base,drug_trafficking,normal,"[""No favorable"", ""Salida favorable""]"
495,Libertador Bernardo O'Higgins,DEF-0211,9.0,Consumado,34,no,0,0.40732086,1,1,base,drug_trafficking,normal,"[""No favorable"", ""Salida favorable""]"
727,Maule,DEF-0293,6.0,Consumado,18,no,0,0.34080607,0,0,base,drug_trafficking,normal,"[""No favorable"", ""Salida favorable""]"
6384,Coquimbo,DEF-0158,8.0,Consumado,22,no,0,0.4547328,1,1,base,drug_trafficking,normal,"[""No favorable"", ""Salida favorable""]"
5862,Coquimbo,DEF-0402,8.0,Consumado,25,no,0,0.34321365,1,1,base,drug_trafficking,normal,"[""No favorable"", ""Salida favorable""]"
210,Tarapacá,DEF-0073,3.0,Consumado,33,no,0,0.26919305,1,1,base,drug_trafficking,normal,"[""No favorable"", ""Salida favorable""]"
11680,Tarapacá,DEF-0315,6.0,Consumado,24,yes,1,0.9978255,1,1,base,drug_trafficking,normal,"[""No favorable"", ""Salida favorable""]"
14729,Arica y Parinacota,DEF-0118,12.0,Consumado,18,yes,1,0.99906945,1,1,base,drug_trafficking,normal,"[""No favorable"", ""Salida favorable""]"
4849,Arica y Parinacota,DEF-0346,13.0,Consumado,21,no,0,0.23008962,0,0,base,drug_trafficking,normal,"[""No favorable"", ""Salida favorable""]"
10412,Tarapacá,DEF-0073,7.0,Consumado,33,yes,1,0.999466,1,1,base,drug_trafficking,normal,"[""No favorable"", ""Salida favorable""]"
1077,Arica y Parinacota,DEF-0118,15.0,Consumado,23,no,0,0.3144914,0,0,base,drug_trafficking,normal,"[""No favorable"", ""Salida favorable""]"
14846,Bio Bío,DEF-0076,2.0,Consumado,18,no,0,0.43493876,1,1,base,drug_trafficking,normal,"[""No favorable"", ""Salida favorable""]"
2077,Tarapacá,DEF-0317,11.0,Consumado,26,no,0,0.3304966,0,0,base,drug_trafficking,normal,"[""No favorable"", ""Salida favorable""]"
516,Tarapacá,DEF-0252,4.0,Consumado,23,no,0,0.34003994,0,0,base,drug_trafficking,normal,"[""No favorable"", ""Salida favorable""]"
423,La Araucanía,DEF-0227,6.0,Consumado,25,no,0,0.40189067,0,0,base,drug_trafficking,normal,"[""No favorable"", ""Salida favorable""]"
13978,Tarapacá,DEF-0106,9.0,Consumado,38,yes,1,0.9993517,1,1,base,drug_trafficking,normal,"[""No favorable"", ""Salida favorable""]"
15690,Antofagasta,DEF-0922,3.0,Consumado,24,yes,1,0.97537637,1,1,base,drug_trafficking,normal,"[""No favorable"", ""Salida favorable""]"
12051,Valparaíso,DEF-0500,11.0,Consumado,22,no,0,0.29679158,1,1,base,drug_trafficking,normal,"[""No favorable"", ""Salida favorable""]"
6203,Valparaíso,DEF-0417,7.0,Consumado,18,no,0,0.30533233,1,1,base,drug_trafficking,normal,"[""No favorable"", ""Salida favorable""]"
16604,Metropolitana,DEF-0139,1.0,Consumado,18,no,0,0.34013525,1,1,base,drug_trafficking,normal,"[""No favorable"", ""Salida favorable""]"
11422,Bio Bío,DEF-0582,0.0,Consumado,19,no,0,0.304316,1,1,base,drug_trafficking,normal,"[""No favorable"", ""Salida favorable""]"
9425,La Araucanía,DEF-0488,3.0,Consumado,22,no,0,0.3162853,0,0,base,drug_trafficking,normal,"[""No favorable"", ""Salida favorable""]"
14989,Tarapacá,DEF-0106,9.0,Consumado,29,no,0,0.28895947,0,0,base,drug_trafficking,normal,"[""No favorable"", ""Salida favorable""]"
12305,Antofagasta,DEF-0781,6.0,Consumado,30,no,0,0.16547903,0,0,base,drug_trafficking,normal,"[""No favorable"", ""Salida favorable""]"
1960,Bio Bío,DEF-0512,6.0,Consumado,29,no,0,0.17477126,1,1,base,drug_trafficking,normal,"[""No favorable"", ""Salida favorable""]"
11893,Metropolitana,DEF-0616,2.0,Consumado,18,no,0,0.28663123,0,0,base,drug_trafficking,normal,"[""No favorable"", ""Salida favorable""]"
11037,Antofagasta,DEF-0042,3.0,Consumado,33,yes,1,0.9994065,1,1,base,drug_trafficking,normal,"[""No favorable"", ""Salida favorable""]"
8958,Tarapacá,DEF-0732,2.0,Consumado,28,yes,1,0.9822305,1,1,base,drug_trafficking,normal,"[""No favorable"", ""Salida favorable""]"
9492,Tarapacá,DEF-0102,8.0,Consumado,34,yes,1,0.9993807,1,1,base,drug_trafficking,normal,"[""No favorable"", ""Salida favorable""]"
11760,Libertador Bernardo O'Higgins,DEF-0091,8.0,Consumado,18,no,0,0.39851418,0,0,base,drug_trafficking,normal,"[""No favorable"", ""Salida favorable""]"
11398,Tarapacá,DEF-0251,4.0,Consumado,18,yes,1,0.9981455,1,1,base,drug_trafficking,normal,"[""No favorable"", ""Salida favorable""]"
15473,Tarapacá,DEF-0058,2.0,Consumado,28,yes,1,0.9994605,1,1,base,drug_trafficking,normal,"[""No favorable"", ""Salida favorable""]"
7850,Arica y Parinacota,DEF-0083,14.0,Consumado,19,no,0,0.32505563,1,1,base,drug_trafficking,normal,"[""No favorable"", ""Salida favorable""]"
15778,Maule,DEF-0335,4.0,Consumado,18,no,0,0.32856002,0,0,base,drug_trafficking,normal,"[""No favorable"", ""Salida favorable""]"
3934,Antofagasta,DEF-0084,5.0,Consumado,25,no,0,0.27168676,0,0,base,drug_trafficking,normal,"[""No favorable"", ""Salida favorable""]"
3044,Tarapacá,DEF-0188,6.0,Consumado,33,yes,1,0.99851793,1,1,base,drug_trafficking,normal,"[""No favorable"", ""Salida favorable""]"
14226,Arica y Parinacota,DEF-0029,7.0,Consumado,22,no,0,0.28779396,1,1,base,drug_trafficking,normal,"[""No favorable"", ""Salida favorable""]"
15201,Tarapacá,DEF-0913,11.0,Consumado,25,no,0,0.27274317,0,0,base,drug_trafficking,normal,"[""No favorable"", ""Salida favorable""]"
13520,Metropolitana,DEF-0774,8.0,Consumado,34,no,0,0.27836302,0,0,base,drug_trafficking,normal,"[""No favorable"", ""Salida favorable""]"
12046,Arica y Parinacota,DEF-0309,5.0,Consumado,22,yes,1,0.9984161,1,1,base,drug_trafficking,normal,"[""No favorable"", ""Salida favorable""]"
1416,Valparaíso,DEF-0187,6.0,Consumado,26,no,0,0.3471133,1,1,base,drug_trafficking,normal,"[""No favorable"", ""Salida favorable""]"
4810,Bio Bío,DEF-0582,8.0,Consumado,18,no,0,0.30766815,0,0,base,drug_trafficking,normal,"[""No favorable"", ""Salida favorable""]"
5106,Metropolitana,DEF-0008,15.0,Consumado,25,no,0,0.21179824,0,0,base,drug_trafficking,normal,"[""No favorable"", ""Salida favorable""]"
13038,Metropolitana,DEF-0465,2.0,Consumado,42,no,0,0.30249736,0,0,base,drug_trafficking,normal,"[""No favorable"", ""Salida favorable""]"
11773,Metropolitana,DEF-0522,2.0,Consumado,29,no,0,0.29546317,1,1,base,drug_trafficking,normal,"[""No favorable"", ""Salida favorable""]"
7391,Metropolitana,DEF-0068,12.0,Consumado,20,yes,1,0.99949974,1,1,base,drug_trafficking,normal,"[""No favorable"", ""Salida favorable""]"
8415,Antofagasta,DEF-0805,10.0,Consumado,18,no,0,0.16569972,1,1,base,drug_trafficking,normal,"[""No favorable"", ""Salida favorable""]"
646,Maule,DEF-0294,11.0,Consumado,24,no,0,0.3460774,1,1,base,drug_trafficking,normal,"[""No favorable"", ""Salida favorable""]"
5985,Coquimbo,DEF-0397,5.0,Consumado,25,no,0,0.34181443,1,1,base,drug_trafficking,normal,"[""No favorable"", ""Salida favorable""]"
10479,Coquimbo,DEF-0179,3.0,Consumado,18,no,0,0.43088174,0,0,base,drug_trafficking,normal,"[""No favorable"", ""Salida favorable""]"
7662,Tarapacá,DEF-0106,8.0,Consumado,34,yes,1,0.99935687,1,1,base,drug_trafficking,normal,"[""No favorable"", ""Salida favorable""]"
2657,Valparaíso,DEF-0532,4.0,Consumado,29,no,0,0.29133266,0,0,base,drug_trafficking,normal,"[""No favorable"", ""Salida favorable""]"
11228,Antofagasta,DEF-0026,5.0,Consumado,27,no,0,0.24621034,1,1,base,drug_trafficking,normal,"[""No favorable"", ""Salida favorable""]"
9719,Tarapacá,DEF-0106,7.0,Consumado,28,no,0,0.2853168,0,0,base,drug_trafficking,normal,"[""No favorable"", ""Salida favorable""]"
11656,Arica y Parinacota,DEF-0478,12.0,Consumado,18,no,0,0.20979472,0,0,base,drug_trafficking,normal,"[""No favorable"", ""Salida favorable""]"
6288,Tarapacá,DEF-0106,3.0,Consumado,23,yes,1,0.99936265,1,1,base,drug_trafficking,normal,"[""No favorable"", ""Salida favorable""]"
3434,Valparaíso,DEF-0277,3.0,Consumado,26,no,0,0.32876796,0,0,base,drug_trafficking,normal,"[""No favorable"", ""Salida favorable""]"
13513,Los Lagos,DEF-0895,2.0,Consumado,27,no,0,0.27563575,1,1,base,drug_trafficking,normal,"[""No favorable"", ""Salida favorable""]"
5659,Antofagasta,DEF-0042,3.0,Consumado,29,no,0,0.24850626,0,0,base,drug_trafficking,normal,"[""No favorable"", ""Salida favorable""]"
217,Bio Bío,DEF-0036,3.0,Consumado,26,no,0,0.40450937,0,0,base,drug_trafficking,normal,"[""No favorable"", ""Salida favorable""]"
14063,Ñuble,DEF-0654,17.0,Consumado,26,no,0,0.28356597,1,1,base,drug_trafficking,normal,"[""No favorable"", ""Salida favorable""]"
6888,Metropolitana,DEF-0576,12.0,Consumado,27,no,0,0.2932371,1,1,base,drug_trafficking,normal,"[""No favorable"", ""Salida favorable""]"
9336,Arica y Parinacota,DEF-0455,15.0,Consumado,18,yes,1,0.9980295,1,1,base,drug_trafficking,normal,"[""No favorable"", ""Salida favorable""]"
9312,Tarapacá,DEF-0317,10.0,Consumado,21,yes,1,0.99787045,1,1,base,drug_trafficking,normal,"[""No favorable"", ""Salida favorable""]"
9752,Los Ríos,DEF-0705,4.0,Consumado,33,no,0,0.284975,0,0,base,drug_trafficking,normal,"[""No favorable"", ""Salida favorable""]"
2979,Los Lagos,DEF-0198,14.0,Consumado,18,no,0,0.4104018,0,0,base,drug_trafficking,normal,"[""No favorable"", ""Salida favorable""]"
12470,Tarapacá,DEF-0106,4.0,Consumado,18,yes,1,0.9993753,1,1,base,drug_trafficking,normal,"[""No favorable"", ""Salida favorable""]"
14086,Los Lagos,DEF-0799,4.0,Consumado,19,no,0,0.28021502,0,0,base,drug_trafficking,normal,"[""No favorable"", ""Salida favorable""]"
3786,Tarapacá,DEF-0124,3.0,Consumado,18,yes,1,0.9992307,1,1,base,drug_trafficking,normal,"[""No favorable"", ""Salida favorable""]"
1867,Tarapacá,DEF-0102,5.0,Consumado,39,yes,1,0.9993611,1,1,base,drug_trafficking,normal,"[""No favorable"", ""Salida favorable""]"
15817,Antofagasta,DEF-0766,9.0,Consumado,19,yes,1,0.99100775,1,1,base,drug_trafficking,normal,"[""No favorable"", ""Salida favorable""]"
14546,Valparaíso,DEF-0568,1.0,Consumado,27,no,0,0.28732592,1,1,base,drug_trafficking,normal,"[""No favorable"", ""Salida favorable""]"
8435,Tarapacá,DEF-0004,12.0,Consumado,24,no,0,0.17699185,1,1,base,drug_trafficking,normal,"[""No favorable"", ""Salida favorable""]"
9658,Valparaíso,DEF-0417,6.0,Consumado,22,yes,1,0.99680954,1,1,base,drug_trafficking,normal,"[""No favorable"", ""Salida favorable""]"
9775,Magallanes y Antártica Chilena,DEF-0028,10.0,Consumado,30,no,0,0.35080788,0,0,base,drug_trafficking,normal,"[""No favorable"", ""Salida favorable""]"
6987,Metropolitana,DEF-0531,3.0,Consumado,23,no,0,0.29469773,0,0,base,drug_trafficking,normal,"[""No favorable"", ""Salida favorable""]"
15493,Tarapacá,DEF-0270,9.0,Consumado,22,yes,1,0.998097,1,1,base,drug_trafficking,normal,"[""No favorable"", ""Salida favorable""]"
3498,Tarapacá,DEF-0614,3.0,Consumado,18,yes,1,0.99212724,1,1,base,drug_trafficking,normal,"[""No favorable"", ""Salida favorable""]"
1330,Tarapacá,DEF-0106,6.0,Consumado,22,no,0,0.2869885,0,0,base,drug_trafficking,normal,"[""No favorable"", ""Salida favorable""]"
9308,Tarapacá,DEF-0533,4.0,Consumado,29,no,0,0.29303432,0,0,base,drug_trafficking,normal,"[""No favorable"", ""Salida favorable""]"
12125,Tarapacá,DEF-0533,5.0,Consumado,32,no,0,0.29345328,0,0,base,drug_trafficking,normal,"[""No favorable"", ""Salida favorable""]"
13341,Libertador Bernardo O'Higgins,DEF-0229,1.0,Consumado,32,no,0,0.3848621,0,0,base,drug_trafficking,normal,"[""No favorable"", ""Salida favorable""]"
15930,Metropolitana,DEF-0226,1.0,Consumado,33,no,0,0.35026363,0,0,base,drug_trafficking,normal,"[""No favorable"", ""Salida favorable""]"
487,Arica y Parinacota,DEF-0108,14.0,Consumado,32,no,0,0.30934283,0,0,base,drug_trafficking,normal,"[""No favorable"", ""Salida favorable""]"
10860,Los Lagos,DEF-0432,7.0,Consumado,28,no,0,0.32260174,1,1,base,drug_trafficking,normal,"[""No favorable"", ""Salida favorable""]"
7711,Tarapacá,DEF-0106,2.0,Consumado,23,yes,1,0.9993593,1,1,base,drug_trafficking,normal,"[""No favorable"", ""Salida favorable""]"
4811,Metropolitana,DEF-0471,7.0,Consumado,30,no,0,0.30348736,0,0,base,drug_trafficking,normal,"[""No favorable"", ""Salida favorable""]"
2904,Valparaíso,DEF-0295,3.0,Consumado,18,no,0,0.16608746,1,1,base,drug_trafficking,normal,"[""No favorable"", ""Salida favorable""]"
16313,Metropolitana,DEF-0022,1.0,Consumado,18,no,0,0.3498425,0,0,base,drug_trafficking,normal,"[""No favorable"", ""Salida favorable""]"
5871,Tarapacá,DEF-0660,5.0,Consumado,31,yes,1,0.98987323,1,1,base,drug_trafficking,normal,"[""No favorable"", ""Salida favorable""]"
5772,Tarapacá,DEF-0153,3.0,Consumado,18,yes,1,0.9989132,1,1,base,drug_trafficking,normal,"[""No favorable"", ""Salida favorable""]"
8978,Antofagasta,DEF-0290,20.0,Consumado,18,yes,1,0.9975002,1,1,base,drug_trafficking,normal,"[""No favorable"", ""Salida favorable""]"
7089,Metropolitana,DEF-0129,1.0,Consumado,18,no,0,0.32837886,1,1,base,drug_trafficking,normal,"[""No favorable"", ""Salida favorable""]"
15629,Aysén,DEF-0877,7.0,Consumado,33,no,0,0.27097613,1,1,base,drug_trafficking,normal,"[""No favorable"", ""Salida favorable""]"
4177,Arica y Parinacota,DEF-0005,16.0,Consumado,18,yes,1,0.999504,1,1,base,drug_trafficking,normal,"[""No favorable"", ""Salida favorable""]"
11812,Libertador Bernardo O'Higgins,DEF-0786,4.0,Consumado,31,no,0,0.28214276,0,0,base,drug_trafficking,normal,"[""No favorable"", ""Salida favorable""]"
14974,Arica y Parinacota,DEF-0263,8.0,Consumado,25,yes,1,0.99848527,1,1,base,drug_trafficking,normal,"[""No favorable"", ""Salida favorable""]"
15964,Antofagasta,DEF-0042,7.0,Consumado,28,yes,1,0.99941874,1,1,base,drug_trafficking,normal,"[""No favorable"", ""Salida favorable""]"
4900,Metropolitana,DEF-0153,2.0,Consumado,25,no,0,0.35062426,0,0,base,drug_trafficking,normal,"[""No favorable"", ""Salida favorable""]"
9608,Arica y Parinacota,DEF-0383,12.0,Consumado,37,yes,1,0.99811655,1,1,base,drug_trafficking,normal,"[""No favorable"", ""Salida favorable""]"
8460,Tarapacá,DEF-0124,5.0,Consumado,24,yes,1,0.99922425,1,1,base,drug_trafficking,normal,"[""No favorable"", ""Salida favorable""]"
15080,Antofagasta,DEF-0750,8.0,Consumado,26,no,0,0.16681342,0,0,base,drug_trafficking,normal,"[""No favorable"", ""Salida favorable""]"
14176,Valparaíso,DEF-0279,3.0,Consumado,25,no,0,0.32824743,1,1,base,drug_trafficking,normal,"[""No favorable"", ""Salida favorable""]"
4563,Maule,DEF-0409,11.0,Consumado,18,no,0,0.31800318,0,0,base,drug_trafficking,normal,"[""No favorable"", ""Salida favorable""]"
12776,Antofagasta,DEF-0683,5.0,Consumado,22,no,0,0.16996332,0,0,base,drug_trafficking,normal,"[""No favorable"", ""Salida favorable""]"
9914,Metropolitana,DEF-0176,6.0,Consumado,31,no,0,0.36451158,0,0,base,drug_trafficking,normal,"[""No favorable"", ""Salida favorable""]"
3997,Tarapacá,DEF-0301,4.0,Consumado,34,yes,1,0.99786234,1,1,base,drug_trafficking,normal,"[""No favorable"", ""Salida favorable""]"
6871,La Araucanía,DEF-0167,6.0,Consumado,23,no,0,0.4323788,0,0,base,drug_trafficking,normal,"[""No favorable"", ""Salida favorable""]"
4689,La Araucanía,DEF-0688,4.0,Consumado,28,no,0,0.29066673,1,1,base,drug_trafficking,normal,"[""No favorable"", ""Salida favorable""]"
8366,Libertador Bernardo O'Higgins,DEF-0276,5.0,Consumado,30,no,0,0.37101308,0,0,base,drug_trafficking,normal,"[""No favorable"", ""Salida favorable""]"
2667,Metropolitana,DEF-0566,8.0,Consumado,21,no,0,0.29273835,0,0,base,drug_trafficking,normal,"[""No favorable"", ""Salida favorable""]"
14447,Libertador Bernardo O'Higgins,DEF-0209,8.0,Consumado,18,yes,1,0.99862194,1,1,base,drug_trafficking,normal,"[""No favorable"", ""Salida favorable""]"
12496,Antofagasta,DEF-0683,2.0,Consumado,40,yes,1,0.9923823,1,1,base,drug_trafficking,normal,"[""No favorable"", ""Salida favorable""]"
16137,Tarapacá,DEF-0301,2.0,Consumado,24,yes,1,0.99785566,1,1,base,drug_trafficking,normal,"[""No favorable"", ""Salida favorable""]"
96,Bio Bío,DEF-0072,3.0,Consumado,18,no,0,0.43411705,1,1,base,drug_trafficking,normal,"[""No favorable"", ""Salida favorable""]"
14873,Magallanes y Antártica Chilena,DEF-0469,5.0,Consumado,32,no,0,0.30827034,0,0,base,drug_trafficking,normal,"[""No favorable"", ""Salida favorable""]"
8238,Metropolitana,DEF-0779,3.0,Consumado,23,no,0,0.27733633,0,0,base,drug_trafficking,normal,"[""No favorable"", ""Salida favorable""]"
11635,La Araucanía,DEF-0574,4.0,Consumado,27,no,0,0.30337968,0,0,base,drug_trafficking,normal,"[""No favorable"", ""Salida favorable""]"
16131,Antofagasta,DEF-0246,4.0,Consumado,18,yes,1,0.99791694,1,1,base,drug_trafficking,normal,"[""No favorable"", ""Salida favorable""]"
4279,Metropolitana,DEF-0414,8.0,Consumado,26,yes,1,0.99727964,1,1,base,drug_trafficking,normal,"[""No favorable"", ""Salida favorable""]"
8864,Tarapacá,DEF-0100,5.0,Consumado,26,yes,1,0.99939734,1,1,base,drug_trafficking,normal,"[""No favorable"", ""Salida favorable""]"
2205,Bio Bío,DEF-0275,2.0,Consumado,26,no,0,0.38774687,0,0,base,drug_trafficking,normal,"[""No favorable"", ""Salida favorable""]"
4920,Tarapacá,DEF-0188,3.0,Consumado,40,yes,1,0.99847853,1,1,base,drug_trafficking,normal,"[""No favorable"", ""Salida favorable""]"
10995,Tarapacá,DEF-0058,6.0,Consumado,34,yes,1,0.9994602,1,1,base,drug_trafficking,normal,"[""No favorable"", ""Salida favorable""]"
9931,Metropolitana,DEF-0192,2.0,Consumado,25,no,0,0.3579357,1,1,base,drug_trafficking,normal,"[""No favorable"", ""Salida favorable""]"
5283,Metropolitana,DEF-0288,4.0,Consumado,29,no,0,0.33625168,0,0,base,drug_trafficking,normal,"[""No favorable"", ""Salida favorable""]"
5947,Metropolitana,DEF-0003,4.0,Consumado,32,no,0,0.16587491,1,1,base,drug_trafficking,normal,"[""No favorable"", ""Salida favorable""]"
5549,Arica y Parinacota,DEF-0230,4.0,Consumado,22,no,0,0.26260656,0,0,base,drug_trafficking,normal,"[""No favorable"", ""Salida favorable""]"
9465,Valparaíso,DEF-0048,7.0,Consumado,27,no,0,0.30567887,1,1,base,drug_trafficking,normal,"[""No favorable"", ""Salida favorable""]"
6023,Tarapacá,DEF-0270,3.0,Consumado,18,yes,1,0.9980425,1,1,base,drug_trafficking,normal,"[""No favorable"", ""Salida favorable""]"
4078,Metropolitana,DEF-0470,7.0,Consumado,39,yes,1,0.996604,1,1,base,drug_trafficking,normal,"[""No favorable"", ""Salida favorable""]"
739,Arica y Parinacota,DEF-0309,12.0,Consumado,36,no,0,0.23142892,1,1,base,drug_trafficking,normal,"[""No favorable"", ""Salida favorable""]"
11400,Metropolitana,DEF-0495,3.0,Consumado,27,no,0,0.29872704,0,0,base,drug_trafficking,normal,"[""No favorable"", ""Salida favorable""]"
7722,Maule,DEF-0610,21.0,Consumado,18,no,0,0.2946003,0,0,base,drug_trafficking,normal,"[""No favorable"", ""Salida favorable""]"
9354,Tarapacá,DEF-0732,7.0,Consumado,26,yes,1,0.98408973,1,1,base,drug_trafficking,normal,"[""No favorable"", ""Salida favorable""]"
13647,Metropolitana,DEF-0008,1.0,Consumado,28,no,0,0.17704189,0,0,base,drug_trafficking,normal,"[""No favorable"", ""Salida favorable""]"
5852,Metropolitana,DEF-0008,4.0,Consumado,25,no,0,0.18322946,0,0,base,drug_trafficking,normal,"[""No favorable"", ""Salida favorable""]"
11453,Arica y Parinacota,DEF-0284,12.0,Consumado,39,yes,1,0.998345,1,1,base,drug_trafficking,normal,"[""No favorable"", ""Salida favorable""]"
3410,Antofagasta,DEF-0393,4.0,Consumado,32,yes,1,0.9970788,1,1,base,drug_trafficking,normal,"[""No favorable"", ""Salida favorable""]"
6757,Valparaíso,DEF-0327,4.0,Consumado,19,no,0,0.31862748,1,1,base,drug_trafficking,normal,"[""No favorable"", ""Salida favorable""]"
4863,Metropolitana,DEF-0696,1.0,Consumado,19,no,0,0.28123286,0,0,base,drug_trafficking,normal,"[""No favorable"", ""Salida favorable""]"
8265,Tarapacá,DEF-0732,7.0,Consumado,37,yes,1,0.98414314,1,1,base,drug_trafficking,normal,"[""No favorable"", ""Salida favorable""]"
1740,Tarapacá,DEF-0270,11.0,Consumado,35,no,0,0.3438228,0,0,base,drug_trafficking,normal,"[""No favorable"", ""Salida favorable""]"
5463,Arica y Parinacota,DEF-0029,4.0,Consumado,36,no,0,0.254817,0,0,base,drug_trafficking,normal,"[""No favorable"", ""Salida favorable""]"
7986,Coquimbo,DEF-0066,7.0,Consumado,30,no,0,0.40557224,0,0,base,drug_trafficking,normal,"[""No favorable"", ""Salida favorable""]"
1479,Tarapacá,DEF-0317,6.0,Consumado,35,yes,1,0.9977899,1,1,base,drug_trafficking,normal,"[""No favorable"", ""Salida favorable""]"
1659,Metropolitana,DEF-0191,10.0,Consumado,26,no,0,0.36961484,1,1,base,drug_trafficking,normal,"[""No favorable"", ""Salida favorable""]"
6190,Arica y Parinacota,DEF-0346,8.0,Consumado,34,yes,1,0.99825615,1,1,base,drug_trafficking,normal,"[""No favorable"", ""Salida favorable""]"
971,Antofagasta,DEF-0379,9.0,Consumado,24,no,0,0.19724369,0,0,base,drug_trafficking,normal,"[""No favorable"", ""Salida favorable""]"
3014,Bio Bío,DEF-0133,7.0,Consumado,25,no,0,0.47637698,1,1,base,drug_trafficking,normal,"[""No favorable"", ""Salida favorable""]"
16234,Metropolitana,DEF-0161,2.0,Consumado,42,no,0,0.3524095,0,0,base,drug_trafficking,normal,"[""No favorable"", ""Salida favorable""]"
707,Arica y Parinacota,DEF-0140,21.0,Consumado,22,no,0,0.31067166,0,0,base,drug_trafficking,normal,"[""No favorable"", ""Salida favorable""]"
11083,Tarapacá,DEF-0058,5.0,Consumado,29,yes,1,0.9994649,1,1,base,drug_trafficking,normal,"[""No favorable"", ""Salida favorable""]"
11881,Arica y Parinacota,DEF-0225,6.0,Consumado,28,yes,1,0.99854344,1,1,base,drug_trafficking,normal,"[""No favorable"", ""Salida favorable""]"
5896,Tarapacá,DEF-0100,4.0,Consumado,26,yes,1,0.9993944,1,1,base,drug_trafficking,normal,"[""No favorable"", ""Salida favorable""]"
4578,Metropolitana,DEF-0465,2.0,Consumado,23,yes,1,0.99655336,1,1,base,drug_trafficking,normal,"[""No favorable"", ""Salida favorable""]"
11566,Arica y Parinacota,DEF-0031,4.0,Consumado,18,no,0,0.29156765,0,0,base,drug_trafficking,normal,"[""No favorable"", ""Salida favorable""]"
354,Metropolitana,DEF-0205,13.0,Consumado,18,no,0,0.36984643,1,1,base,drug_trafficking,normal,"[""No favorable"", ""Salida favorable""]"
14009,Tarapacá,DEF-0102,6.0,Consumado,29,yes,1,0.9993842,1,1,base,drug_trafficking,normal,"[""No favorable"", ""Salida favorable""]"
10242,Tarapacá,DEF-0102,5.0,Consumado,33,yes,1,0.99937344,1,1,base,drug_trafficking,normal,"[""No favorable"", ""Salida favorable""]"
8327,Tarapacá,DEF-0732,5.0,Consumado,18,yes,1,0.98329204,1,1,base,drug_trafficking,normal,"[""No favorable"", ""Salida favorable""]"
4798,Antofagasta,DEF-0011,4.0,Consumado,27,yes,1,0.99944746,1,1,base,drug_trafficking,normal,"[""No favorable"", ""Salida favorable""]"
15163,Antofagasta,DEF-0419,3.0,Consumado,23,yes,1,0.9971865,1,1,base,drug_trafficking,normal,"[""No favorable"", ""Salida favorable""]"
11704,Maule,DEF-0311,2.0,Consumado,18,no,0,0.33284146,0,0,base,drug_trafficking,normal,"[""No favorable"", ""Salida favorable""]"
998,La Araucanía,DEF-0385,3.0,Consumado,47,no,0,0.3404996,1,1,base,drug_trafficking,normal,"[""No favorable"", ""Salida favorable""]"
14114,Tarapacá,DEF-0251,5.0,Consumado,20,yes,1,0.99815196,1,1,base,drug_trafficking,normal,"[""No favorable"", ""Salida favorable""]"
10118,Valparaíso,DEF-0557,3.0,Consumado,35,no,0,0.28894633,0,0,base,drug_trafficking,normal,"[""No favorable"", ""Salida favorable""]"
7884,Coquimbo,DEF-0515,4.0,Consumado,33,yes,1,0.99748373,1,1,base,drug_trafficking,normal,"[""No favorable"", ""Salida favorable""]"
7462,Tarapacá,DEF-0732,7.0,Consumado,31,yes,1,0.9841187,1,1,base,drug_trafficking,normal,"[""No favorable"", ""Salida favorable""]"
4549,Arica y Parinacota,DEF-0225,6.0,Consumado,22,yes,1,0.9985699,1,1,base,drug_trafficking,normal,"[""No favorable"", ""Salida favorable""]"
5115,Coquimbo,DEF-0066,4.0,Consumado,45,no,0,0.37867618,0,0,base,drug_trafficking,normal,"[""No favorable"", ""Salida favorable""]"
5020,Tarapacá,DEF-0124,3.0,Consumado,26,yes,1,0.99920964,1,1,base,drug_trafficking,normal,"[""No favorable"", ""Salida favorable""]"
16635,Tarapacá,DEF-0252,0.0,Consumado,23,no,0,0.33640468,0,0,base,drug_trafficking,normal,"[""No favorable"", ""Salida favorable""]"
16334,Valparaíso,DEF-0868,4.0,Consumado,18,no,0,0.27279675,0,0,base,drug_trafficking,normal,"[""No favorable"", ""Salida favorable""]"
12253,Tarapacá,DEF-0190,6.0,Consumado,33,yes,1,0.99850124,1,1,base,drug_trafficking,normal,"[""No favorable"", ""Salida favorable""]"
4365,Metropolitana,DEF-0673,8.0,Consumado,30,no,0,0.28403556,1,1,base,drug_trafficking,normal,"[""No favorable"", ""Salida favorable""]"
2567,Metropolitana,DEF-0559,3.0,Consumado,28,no,0,0.29198793,0,0,base,drug_trafficking,normal,"[""No favorable"", ""Salida favorable""]"
4222,La Araucanía,DEF-0447,9.0,Consumado,42,no,0,0.3302869,1,1,base,drug_trafficking,normal,"[""No favorable"", ""Salida favorable""]"
5999,Valparaíso,DEF-0075,1.0,Consumado,26,no,0,0.26296318,0,0,base,drug_trafficking,normal,"[""No favorable"", ""Salida favorable""]"
11362,Tarapacá,DEF-0251,8.0,Consumado,31,yes,1,0.9981589,1,1,base,drug_trafficking,normal,"[""No favorable"", ""Salida favorable""]"
319,Metropolitana,DEF-0192,6.0,Consumado,28,no,0,0.36359048,1,1,base,drug_trafficking,normal,"[""No favorable"", ""Salida favorable""]"
16264,Antofagasta,DEF-0852,7.0,Consumado,39,yes,1,0.9815184,1,1,base,drug_trafficking,normal,"[""No favorable"", ""Salida favorable""]"
10911,Antofagasta,DEF-0014,16.0,Consumado,39,no,0,0.24343492,0,0,base,drug_trafficking,normal,"[""No favorable"", ""Salida favorable""]"
5409,Metropolitana,DEF-0377,2.0,Consumado,33,no,0,0.31558716,1,1,base,drug_trafficking,normal,"[""No favorable"", ""Salida favorable""]"
5612,Tarapacá,DEF-0102,7.0,Consumado,31,yes,1,0.99938345,1,1,base,drug_trafficking,normal,"[""No favorable"", ""Salida favorable""]"
13697,Antofagasta,DEF-0683,5.0,Consumado,27,yes,1,0.99335074,1,1,base,drug_trafficking,normal,"[""No favorable"", ""Salida favorable""]"
2367,Antofagasta,DEF-0394,7.0,Consumado,33,yes,1,0.99698067,1,1,base,drug_trafficking,normal,"[""No favorable"", ""Salida favorable""]"
14196,Arica y Parinacota,DEF-0333,6.0,Consumado,41,no,0,0.22299501,1,1,base,drug_trafficking,normal,"[""No favorable"", ""Salida favorable""]"
14499,Metropolitana,DEF-0912,2.0,Consumado,36,no,0,0.2725318,1,1,base,drug_trafficking,normal,"[""No favorable"", ""Salida favorable""]"
2256,Tarapacá,DEF-0124,6.0,Consumado,29,yes,1,0.9992154,1,1,base,drug_trafficking,normal,"[""No favorable"", ""Salida favorable""]"
10985,Tarapacá,DEF-0106,4.0,Consumado,18,yes,1,0.9993753,1,1,base,drug_trafficking,normal,"[""No favorable"", ""Salida favorable""]"
5986,Coquimbo,DEF-0397,5.0,Consumado,18,no,0,0.3414105,1,1,base,drug_trafficking,normal,"[""No favorable"", ""Salida favorable""]"
10591,Valparaíso,DEF-0207,8.0,Consumado,20,yes,1,0.99837434,1,1,base,drug_trafficking,normal,"[""No favorable"", ""Salida favorable""]"
14403,Arica y Parinacota,DEF-0455,5.0,Consumado,21,no,0,0.21393256,0,0,base,drug_trafficking,normal,"[""No favorable"", ""Salida favorable""]"
9952,Bio Bío,DEF-0517,2.0,Consumado,31,no,0,0.31584287,1,1,base,drug_trafficking,normal,"[""No favorable"", ""Salida favorable""]"
4226,Tarapacá,DEF-0614,3.0,Consumado,28,no,0,0.28569832,0,0,base,drug_trafficking,normal,"[""No favorable"", ""Salida favorable""]"
3780,Tarapacá,DEF-0076,7.0,Consumado,18,no,0,0.2845417,0,0,base,drug_trafficking,normal,"[""No favorable"", ""Salida favorable""]"
3618,Tarapacá,DEF-0100,5.0,Consumado,21,yes,1,0.99940586,1,1,base,drug_trafficking,normal,"[""No favorable"", ""Salida favorable""]"
8220,Tarapacá,DEF-0106,5.0,Consumado,34,yes,1,0.9993468,1,1,base,drug_trafficking,normal,"[""No favorable"", ""Salida favorable""]"
15388,Metropolitana,DEF-0553,3.0,Consumado,34,no,0,0.29272482,1,1,base,drug_trafficking,normal,"[""No favorable"", ""Salida favorable""]"
8189,Bio Bío,DEF-0767,6.0,Consumado,31,no,0,0.28615537,0,0,base,drug_trafficking,normal,"[""No favorable"", ""Salida favorable""]"
530,Atacama,DEF-0243,9.0,Consumado,26,no,0,0.34723923,0,0,base,drug_trafficking,normal,"[""No favorable"", ""Salida favorable""]"
9800,Arica y Parinacota,DEF-0383,8.0,Consumado,29,no,0,0.2190906,0,0,base,drug_trafficking,normal,"[""No favorable"", ""Salida favorable""]"
700,Arica y Parinacota,DEF-0140,23.0,Consumado,23,no,0,0.3124187,0,0,base,drug_trafficking,normal,"[""No favorable"", ""Salida favorable""]"
12191,Libertador Bernardo O'Higgins,DEF-0006,18.0,Consumado,23,no,0,0.2833718,0,0,base,drug_trafficking,normal,"[""No favorable"", ""Salida favorable""]"
12406,Metropolitana,DEF-0310,3.0,Consumado,18,no,0,0.32943034,1,1,base,drug_trafficking,normal,"[""No favorable"", ""Salida favorable""]"
3104,Arica y Parinacota,DEF-0005,6.0,Consumado,18,yes,1,0.9994905,1,1,base,drug_trafficking,normal,"[""No favorable"", ""Salida favorable""]"
1968,Antofagasta,DEF-0059,4.0,Consumado,24,yes,1,0.99935514,1,1,base,drug_trafficking,normal,"[""No favorable"", ""Salida favorable""]"
2301,Metropolitana,DEF-0368,8.0,Consumado,29,no,0,0.3209266,1,1,base,drug_trafficking,normal,"[""No favorable"", ""Salida favorable""]"
15,Antofagasta,DEF-0014,4.0,Consumado,18,no,0,0.23698516,1,1,base,drug_trafficking,normal,"[""No favorable"", ""Salida favorable""]"
15986,Metropolitana,DEF-0530,2.0,Consumado,23,no,0,0.2944716,0,0,base,drug_trafficking,normal,"[""No favorable"", ""Salida favorable""]"
1839,Arica y Parinacota,DEF-0031,13.0,Consumado,27,no,0,0.29232576,0,0,base,drug_trafficking,normal,"[""No favorable"", ""Salida favorable""]"
16225,Los Ríos,DEF-0851,2.0,Consumado,24,no,0,0.16408508,0,0,base,drug_trafficking,normal,"[""No favorable"", ""Salida favorable""]"
11563,Metropolitana,DEF-0860,10.0,Consumado,38,no,0,0.27509984,1,1,base,drug_trafficking,normal,"[""No favorable"", ""Salida favorable""]"
4655,Valparaíso,DEF-0532,5.0,Consumado,25,no,0,0.29155794,0,0,base,drug_trafficking,normal,"[""No favorable"", ""Salida favorable""]"
13155,Arica y Parinacota,DEF-0333,9.0,Consumado,38,no,0,0.22445594,1,1,base,drug_trafficking,normal,"[""No favorable"", ""Salida favorable""]"
6184,Tarapacá,DEF-0533,4.0,Consumado,25,yes,1,0.9950617,1,1,base,drug_trafficking,normal,"[""No favorable"", ""Salida favorable""]"
9171,Valparaíso,DEF-0319,12.0,Consumado,31,no,0,0.3271306,0,0,base,drug_trafficking,normal,"[""No favorable"", ""Salida favorable""]"
3663,Maule,DEF-0094,6.0,Consumado,23,no,0,0.30578983,0,0,base,drug_trafficking,normal,"[""No favorable"", ""Salida favorable""]"
5083,Arica y Parinacota,DEF-0083,9.0,Consumado,18,yes,1,0.99935925,1,1,base,drug_trafficking,normal,"[""No favorable"", ""Salida favorable""]"
4727,Los Lagos,DEF-0109,11.0,Consumado,18,no,0,0.4067362,0,0,base,drug_trafficking,normal,"[""No favorable"", ""Salida favorable""]"
679,Los Lagos,DEF-0186,21.0,Consumado,35,no,0,0.43734783,1,1,base,drug_trafficking,normal,"[""No favorable"", ""Salida favorable""]"
15125,Tarapacá,DEF-0102,4.0,Consumado,18,yes,1,0.99939793,1,1,base,drug_trafficking,normal,"[""No favorable"", ""Salida favorable""]"
3857,Metropolitana,DEF-0522,3.0,Consumado,20,no,0,0.2956406,0,0,base,drug_trafficking,normal,"[""No favorable"", ""Salida favorable""]"
16021,Metropolitana,DEF-0212,1.0,Consumado,33,no,0,0.35345343,1,1,base,drug_trafficking,normal,"[""No favorable"", ""Salida favorable""]"
6266,Metropolitana,DEF-0281,7.0,Consumado,25,no,0,0.3406062,1,1,base,drug_trafficking,normal,"[""No favorable"", ""Salida favorable""]"
878,Tarapacá,DEF-0270,7.0,Consumado,20,yes,1,0.9980812,1,1,base,drug_trafficking,normal,"[""No favorable"", ""Salida favorable""]"
189,Bio Bío,DEF-0065,5.0,Consumado,24,no,0,0.42798263,1,1,base,drug_trafficking,normal,"[""No favorable"", ""Salida favorable""]"
6304,Metropolitana,DEF-0495,4.0,Consumado,24,no,0,0.2990453,0,0,base,drug_trafficking,normal,"[""No favorable"", ""Salida favorable""]"
10250,Aysén,DEF-0635,3.0,Consumado,24,no,0,0.2924766,1,1,base,drug_trafficking,normal,"[""No favorable"", ""Salida favorable""]"
2982,Coquimbo,DEF-0282,17.0,Consumado,26,no,0,0.40313202,1,1,base,drug_trafficking,normal,"[""No favorable"", ""Salida favorable""]"
5235,Tarapacá,DEF-0301,5.0,Consumado,27,yes,1,0.99788857,1,1,base,drug_trafficking,normal,"[""No favorable"", ""Salida favorable""]"
9962,Tarapacá,DEF-0102,7.0,Consumado,36,yes,1,0.99937373,1,1,base,drug_trafficking,normal,"[""No favorable"", ""Salida favorable""]"
14391,Arica y Parinacota,DEF-0031,5.0,Consumado,44,no,0,0.24580733,1,1,base,drug_trafficking,normal,"[""No favorable"", ""Salida favorable""]"
6532,Bio Bío,DEF-0676,8.0,Consumado,22,no,0,0.29519352,0,0,base,drug_trafficking,normal,"[""No favorable"", ""Salida favorable""]"
586,Bio Bío,DEF-0275,5.0,Consumado,24,no,0,0.39212996,1,1,base,drug_trafficking,normal,"[""No favorable"", ""Salida favorable""]"
5859,Metropolitana,DEF-0121,11.0,Consumado,18,no,0,0.33931994,0,0,base,drug_trafficking,normal,"[""No favorable"", ""Salida favorable""]"
10660,Tarapacá,DEF-0106,5.0,Consumado,20,yes,1,0.99937475,1,1,base,drug_trafficking,normal,"[""No favorable"", ""Salida favorable""]"
5750,Tarapacá,DEF-0188,4.0,Consumado,21,no,0,0.3528157,0,0,base,drug_trafficking,normal,"[""No favorable"", ""Salida favorable""]"
15582,Bio Bío,DEF-0749,1.0,Consumado,25,no,0,0.2866181,0,0,base,drug_trafficking,normal,"[""No favorable"", ""Salida favorable""]"
2773,Metropolitana,DEF-0498,3.0,Consumado,18,no,0,0.29817083,0,0,base,drug_trafficking,normal,"[""No favorable"", ""Salida favorable""]"
8443,Bio Bío,DEF-0395,11.0,Consumado,37,no,0,0.35273507,1,1,base,drug_trafficking,normal,"[""No favorable"", ""Salida favorable""]"
15212,Antofagasta,DEF-0290,9.0,Consumado,18,yes,1,0.997714,1,1,base,drug_trafficking,normal,"[""No favorable"", ""Salida favorable""]"
5722,Valparaíso,DEF-0347,12.0,Consumado,23,no,0,0.3202869,0,0,base,drug_trafficking,normal,"[""No favorable"", ""Salida favorable""]"
7835,Atacama,DEF-0093,4.0,Consumado,28,yes,1,0.99931127,1,1,base,drug_trafficking,normal,"[""No favorable"", ""Salida favorable""]"
16239,Metropolitana,DEF-0730,6.0,Consumado,18,no,0,0.28009275,1,1,base,drug_trafficking,normal,"[""No favorable"", ""Salida favorable""]"
2181,Antofagasta,DEF-0189,4.0,Consumado,25,no,0,0.23972589,0,0,base,drug_trafficking,normal,"[""No favorable"", ""Salida favorable""]"
590,Arica y Parinacota,DEF-0230,6.0,Consumado,25,no,0,0.26031506,0,0,base,drug_trafficking,normal,"[""No favorable"", ""Salida favorable""]"
6557,Arica y Parinacota,DEF-0547,19.0,Consumado,29,no,0,0.19552183,0,0,base,drug_trafficking,normal,"[""No favorable"", ""Salida favorable""]"
3913,Tarapacá,DEF-0482,6.0,Consumado,22,no,0,0.29891038,0,0,base,drug_trafficking,normal,"[""No favorable"", ""Salida favorable""]"
2560,Arica y Parinacota,DEF-0556,21.0,Consumado,18,no,0,0.19843121,0,0,base,drug_trafficking,normal,"[""No favorable"", ""Salida favorable""]"
7,Metropolitana,DEF-0008,11.0,Consumado,18,no,0,0.20042863,1,1,base,drug_trafficking,normal,"[""No favorable"", ""Salida favorable""]"
6177,Antofagasta,DEF-0084,6.0,Consumado,25,yes,1,0.9991205,1,1,base,drug_trafficking,normal,"[""No favorable"", ""Salida favorable""]"
5517,Valparaíso,DEF-0722,6.0,Consumado,18,no,0,0.27856472,0,0,base,drug_trafficking,normal,"[""No favorable"", ""Salida favorable""]"
13757,Metropolitana,DEF-0047,4.0,Consumado,20,no,0,0.3195624,0,0,base,drug_trafficking,normal,"[""No favorable"", ""Salida favorable""]"
5936,Tarapacá,DEF-0102,7.0,Consumado,18,yes,1,0.9994063,1,1,base,drug_trafficking,normal,"[""No favorable"", ""Salida favorable""]"
421,Metropolitana,DEF-0096,4.0,Consumado,18,no,0,0.29038244,0,0,base,drug_trafficking,normal,"[""No favorable"", ""Salida favorable""]"
14029,Tarapacá,DEF-0252,12.0,Consumado,25,no,0,0.34857324,0,0,base,drug_trafficking,normal,"[""No favorable"", ""Salida favorable""]"
9647,Antofagasta,DEF-0805,5.0,Consumado,18,yes,1,0.9888579,1,1,base,drug_trafficking,normal,"[""No favorable"", ""Salida favorable""]"
15654,Tarapacá,DEF-0058,6.0,Consumado,19,yes,1,0.99947894,1,1,base,drug_trafficking,normal,"[""No favorable"", ""Salida favorable""]"
8649,Valparaíso,DEF-0015,6.0,Consumado,24,no,0,0.35089487,0,0,base,drug_trafficking,normal,"[""No favorable"", ""Salida favorable""]"
4299,La Araucanía,DEF-0667,6.0,Consumado,32,no,0,0.29333916,0,0,base,drug_trafficking,normal,"[""No favorable"", ""Salida favorable""]"
10085,Tarapacá,DEF-0106,2.0,Consumado,20,yes,1,0.99936515,1,1,base,drug_trafficking,normal,"[""No favorable"", ""Salida favorable""]"
16052,Antofagasta,DEF-0821,3.0,Consumado,18,yes,1,0.9876805,1,1,base,drug_trafficking,normal,"[""No favorable"", ""Salida favorable""]"
8215,Tarapacá,DEF-0732,5.0,Consumado,28,yes,1,0.98338944,1,1,base,drug_trafficking,normal,"[""No favorable"", ""Salida favorable""]"
11452,Arica y Parinacota,DEF-0284,13.0,Consumado,30,yes,1,0.998403,1,1,base,drug_trafficking,normal,"[""No favorable"", ""Salida favorable""]"
4060,Tarapacá,DEF-0100,6.0,Consumado,24,no,0,0.27948785,0,0,base,drug_trafficking,normal,"[""No favorable"", ""Salida favorable""]"
266,Metropolitana,DEF-0085,8.0,Consumado,26,no,0,0.28763235,1,1,base,drug_trafficking,normal,"[""No favorable"", ""Salida favorable""]"
4743,Magallanes y Antártica Chilena,DEF-0469,8.0,Consumado,22,no,0,0.3094263,1,1,base,drug_trafficking,normal,"[""No favorable"", ""Salida favorable""]"
16490,Metropolitana,DEF-0086,2.0,Consumado,36,no,0,0.26917458,0,0,base,drug_trafficking,normal,"[""No favorable"", ""Salida favorable""]"
11510,Los Lagos,DEF-0857,4.0,Consumado,18,no,0,0.27746874,0,0,base,drug_trafficking,normal,"[""No favorable"", ""Salida favorable""]"
13768,Antofagasta,DEF-0750,5.0,Consumado,26,no,0,0.16688521,0,0,base,drug_trafficking,normal,"[""No favorable"", ""Salida favorable""]"
289,Los Lagos,DEF-0111,15.0,Consumado,25,no,0,0.41885144,1,1,base,drug_trafficking,normal,"[""No favorable"", ""Salida favorable""]"
11431,Metropolitana,DEF-0716,4.0,Consumado,23,no,0,0.28057992,0,0,base,drug_trafficking,normal,"[""No favorable"", ""Salida favorable""]"
11353,Atacama,DEF-0482,3.0,Consumado,21,no,0,0.2801101,0,0,base,drug_trafficking,normal,"[""No favorable"", ""Salida favorable""]"
6804,Tarapacá,DEF-0106,3.0,Consumado,18,yes,1,0.9993722,1,1,base,drug_trafficking,normal,"[""No favorable"", ""Salida favorable""]"
11188,Antofagasta,DEF-0683,2.0,Consumado,26,no,0,0.16957583,0,0,base,drug_trafficking,normal,"[""No favorable"", ""Salida favorable""]"
12718,Arica y Parinacota,DEF-0225,12.0,Consumado,28,yes,1,0.9985261,1,1,base,drug_trafficking,normal,"[""No favorable"", ""Salida favorable""]"
5249,Bio Bío,DEF-0072,4.0,Consumado,29,no,0,0.42677197,0,0,base,drug_trafficking,normal,"[""No favorable"", ""Salida favorable""]"
12578,Arica y Parinacota,DEF-0383,5.0,Consumado,27,yes,1,0.99820364,1,1,base,drug_trafficking,normal,"[""No favorable"", ""Salida favorable""]"
11688,Metropolitana,DEF-0008,2.0,Consumado,26,no,0,0.17908844,0,0,base,drug_trafficking,normal,"[""No favorable"", ""Salida favorable""]"
6619,Antofagasta,DEF-0059,8.0,Consumado,29,no,0,0.26819915,0,0,base,drug_trafficking,normal,"[""No favorable"", ""Salida favorable""]"
11867,Arica y Parinacota,DEF-0012,8.0,Consumado,26,no,0,0.25535077,0,0,base,drug_trafficking,normal,"[""No favorable"", ""Salida favorable""]"
1726,Tarapacá,DEF-0102,4.0,Consumado,22,yes,1,0.99939096,1,1,base,drug_trafficking,normal,"[""No favorable"", ""Salida favorable""]"
12071,Tarapacá,DEF-0660,6.0,Consumado,43,no,0,0.2834875,0,0,base,drug_trafficking,normal,"[""No favorable"", ""Salida favorable""]"
9570,Metropolitana,DEF-0587,14.0,Consumado,21,no,0,0.29260382,1,1,base,drug_trafficking,normal,"[""No favorable"", ""Salida favorable""]"
7076,Tarapacá,DEF-0270,1.0,Consumado,21,no,0,0.3329765,0,0,base,drug_trafficking,normal,"[""No favorable"", ""Salida favorable""]"
12419,Tarapacá,DEF-0317,8.0,Consumado,18,no,0,0.32738605,0,0,base,drug_trafficking,normal,"[""No favorable"", ""Salida favorable""]"
4254,Valparaíso,DEF-0134,2.0,Consumado,26,no,0,0.30076498,1,1,base,drug_trafficking,normal,"[""No favorable"", ""Salida favorable""]"
10266,Tarapacá,DEF-0106,8.0,Consumado,23,no,0,0.2905416,0,0,base,drug_trafficking,normal,"[""No favorable"", ""Salida favorable""]"
4105,Tarapacá,DEF-0188,6.0,Consumado,18,yes,1,0.9985556,1,1,base,drug_trafficking,normal,"[""No favorable"", ""Salida favorable""]"
12310,Metropolitana,DEF-0024,12.0,Consumado,23,no,0,0.37864524,0,0,base,drug_trafficking,normal,"[""No favorable"", ""Salida favorable""]"
1386,Atacama,DEF-0437,7.0,Consumado,18,no,0,0.2896933,0,0,base,drug_trafficking,normal,"[""No favorable"", ""Salida favorable""]"
15357,Tarapacá,DEF-0106,7.0,Consumado,23,yes,1,0.99937534,1,1,base,drug_trafficking,normal,"[""No favorable"", ""Salida favorable""]"
1547,Arica y Parinacota,DEF-0199,4.0,Consumado,29,yes,1,0.9985963,1,1,base,drug_trafficking,normal,"[""No favorable"", ""Salida favorable""]"
6263,Metropolitana,DEF-0112,0.0,Consumado,22,no,0,0.2992756,0,0,base,drug_trafficking,normal,"[""No favorable"", ""Salida favorable""]"
10776,Tarapacá,DEF-0533,4.0,Consumado,33,no,0,0.2931378,0,0,base,drug_trafficking,normal,"[""No favorable"", ""Salida favorable""]"
9568,Metropolitana,DEF-0757,2.0,Consumado,33,no,0,0.27820647,0,0,base,drug_trafficking,normal,"[""No favorable"", ""Salida favorable""]"
4308,Metropolitana,DEF-0147,11.0,Consumado,20,no,0,0.36558703,0,0,base,drug_trafficking,normal,"[""No favorable"", ""Salida favorable""]"
1308,Bio Bío,DEF-0260,17.0,Consumado,34,no,0,0.4239434,0,0,base,drug_trafficking,normal,"[""No favorable"", ""Salida favorable""]"
9379,Libertador Bernardo O'Higgins,DEF-0181,22.0,Consumado,19,no,0,0.45052844,1,1,base,drug_trafficking,normal,"[""No favorable"", ""Salida favorable""]"
13701,Valparaíso,DEF-0062,5.0,Consumado,35,no,0,0.28092065,0,0,base,drug_trafficking,normal,"[""No favorable"", ""Salida favorable""]"
5441,Metropolitana,DEF-0069,5.0,Consumado,19,no,0,0.29377404,0,0,base,drug_trafficking,normal,"[""No favorable"", ""Salida favorable""]"
11378,Metropolitana,DEF-0673,8.0,Consumado,26,no,0,0.28397045,0,0,base,drug_trafficking,normal,"[""No favorable"", ""Salida favorable""]"
8924,Metropolitana,DEF-0157,1.0,Consumado,19,no,0,0.35254917,0,0,base,drug_trafficking,normal,"[""No favorable"", ""Salida favorable""]"
9007,Magallanes y Antártica Chilena,DEF-0775,4.0,Consumado,31,no,0,0.27952188,0,0,base,drug_trafficking,normal,"[""No favorable"", ""Salida favorable""]"
9068,Tarapacá,DEF-0301,3.0,Consumado,18,yes,1,0.9978784,1,1,base,drug_trafficking,normal,"[""No favorable"", ""Salida favorable""]"
1733,Arica y Parinacota,DEF-0078,6.0,Consumado,19,no,0,0.31307277,0,0,base,drug_trafficking,normal,"[""No favorable"", ""Salida favorable""]"
7523,Tarapacá,DEF-0317,4.0,Consumado,35,yes,1,0.99776363,1,1,base,drug_trafficking,normal,"[""No favorable"", ""Salida favorable""]"
1437,Valparaíso,DEF-0462,11.0,Consumado,20,no,0,0.3012162,0,0,base,drug_trafficking,normal,"[""No favorable"", ""Salida favorable""]"
13990,Atacama,DEF-0258,3.0,Consumado,29,yes,1,0.9986072,1,1,base,drug_trafficking,normal,"[""No favorable"", ""Salida favorable""]"
477,Metropolitana,DEF-0185,13.0,Consumado,25,no,0,0.37542272,0,0,base,drug_trafficking,normal,"[""No favorable"", ""Salida favorable""]"
1940,Arica y Parinacota,DEF-0455,13.0,Consumado,23,yes,1,0.99799097,1,1,base,drug_trafficking,normal,"[""No favorable"", ""Salida favorable""]"
68,Antofagasta,DEF-0052,9.0,Consumado,18,no,0,0.27650082,0,0,base,drug_trafficking,normal,"[""No favorable"", ""Salida favorable""]"
3080,Atacama,DEF-0337,4.0,Consumado,25,no,0,0.31134135,0,0,base,drug_trafficking,normal,"[""No favorable"", ""Salida favorable""]"
242,Maule,DEF-0154,8.0,Consumado,24,no,0,0.37553623,1,1,base,drug_trafficking,normal,"[""No favorable"", ""Salida favorable""]"
3019,Antofagasta,DEF-0017,8.0,Consumado,33,no,0,0.2343484,0,0,base,drug_trafficking,normal,"[""No favorable"", ""Salida favorable""]"
357,Metropolitana,DEF-0116,9.0,Consumado,19,no,0,0.32681978,1,1,base,drug_trafficking,normal,"[""No favorable"", ""Salida favorable""]"
4525,Tarapacá,DEF-0317,6.0,Consumado,27,no,0,0.32647258,0,0,base,drug_trafficking,normal,"[""No favorable"", ""Salida favorable""]"
5018,Metropolitana,DEF-0077,9.0,Consumado,28,no,0,0.28996173,0,0,base,drug_trafficking,normal,"[""No favorable"", ""Salida favorable""]"
1649,Antofagasta,DEF-0400,9.0,Consumado,36,no,0,0.19322248,0,0,base,drug_trafficking,normal,"[""No favorable"", ""Salida favorable""]"
7050,Tarapacá,DEF-0285,8.0,Consumado,35,no,0,0.33658564,1,1,base,drug_trafficking,normal,"[""No favorable"", ""Salida favorable""]"
3117,Arica y Parinacota,DEF-0346,6.0,Consumado,31,yes,1,0.99828005,1,1,base,drug_trafficking,normal,"[""No favorable"", ""Salida favorable""]"
10340,Valparaíso,DEF-0561,4.0,Consumado,24,no,0,0.28866526,0,0,base,drug_trafficking,normal,"[""No favorable"", ""Salida favorable""]"
3128,Tarapacá,DEF-0124,4.0,Consumado,33,yes,1,0.9991949,1,1,base,drug_trafficking,normal,"[""No favorable"", ""Salida favorable""]"
9260,Tarapacá,DEF-0660,6.0,Consumado,23,yes,1,0.99006724,1,1,base,drug_trafficking,normal,"[""No favorable"", ""Salida favorable""]"
16483,Metropolitana,DEF-0024,1.0,Consumado,18,no,0,0.34429345,0,0,base,drug_trafficking,normal,"[""No favorable"", ""Salida favorable""]"
9242,La Araucanía,DEF-0167,5.0,Consumado,32,no,0,0.4313686,0,0,base,drug_trafficking,normal,"[""No favorable"", ""Salida favorable""]"
1329,Tarapacá,DEF-0106,7.0,Consumado,19,no,0,0.29101962,0,0,base,drug_trafficking,normal,"[""No favorable"", ""Salida favorable""]"
764,Valparaíso,DEF-0326,4.0,Consumado,24,no,0,0.3190751,1,1,base,drug_trafficking,normal,"[""No favorable"", ""Salida favorable""]"
13504,Arica y Parinacota,DEF-0140,9.0,Consumado,21,yes,1,0.9988721,1,1,base,drug_trafficking,normal,"[""No favorable"", ""Salida favorable""]"
13263,Metropolitana,DEF-0795,8.0,Consumado,29,no,0,0.2773296,1,1,base,drug_trafficking,normal,"[""No favorable"", ""Salida favorable""]"
11922,Valparaíso,DEF-0787,5.0,Consumado,32,no,0,0.27568883,0,0,base,drug_trafficking,normal,"[""No favorable"", ""Salida favorable""]"
14095,Antofagasta,DEF-0683,2.0,Consumado,23,no,0,0.1699301,0,0,base,drug_trafficking,normal,"[""No favorable"", ""Salida favorable""]"
6096,Tarapacá,DEF-0660,7.0,Consumado,20,yes,1,0.99025375,1,1,base,drug_trafficking,normal,"[""No favorable"", ""Salida favorable""]"
415,Valparaíso,DEF-0180,8.0,Consumado,34,no,0,0.3486047,0,0,base,drug_trafficking,normal,"[""No favorable"", ""Salida favorable""]"
4253,Atacama,DEF-0093,4.0,Consumado,27,yes,1,0.99931324,1,1,base,drug_trafficking,normal,"[""No favorable"", ""Salida favorable""]"
13376,Antofagasta,DEF-0189,2.0,Consumado,20,no,0,0.23866038,0,0,base,drug_trafficking,normal,"[""No favorable"", ""Salida favorable""]"
6656,Valparaíso,DEF-0327,4.0,Consumado,25,no,0,0.31893146,1,1,base,drug_trafficking,normal,"[""No favorable"", ""Salida favorable""]"
5184,Libertador Bernardo O'Higgins,DEF-0714,2.0,Consumado,31,no,0,0.28655726,0,0,base,drug_trafficking,normal,"[""No favorable"", ""Salida favorable""]"
10424,Antofagasta,DEF-0014,7.0,Consumado,26,no,0,0.23469283,0,0,base,drug_trafficking,normal,"[""No favorable"", ""Salida favorable""]"
3704,Metropolitana,DEF-0217,10.0,Consumado,20,no,0,0.36225787,1,1,base,drug_trafficking,normal,"[""No favorable"", ""Salida favorable""]"
10391,Metropolitana,DEF-0139,5.0,Consumado,18,no,0,0.34772077,0,0,base,drug_trafficking,normal,"[""No favorable"", ""Salida favorable""]"
10553,Tarapacá,DEF-0188,9.0,Consumado,33,no,0,0.36018458,1,1,base,drug_trafficking,normal,"[""No favorable"", ""Salida favorable""]"
412,Valparaíso,DEF-0172,8.0,Consumado,24,no,0,0.3468239,0,0,base,drug_trafficking,normal,"[""No favorable"", ""Salida favorable""]"
10193,Arica y Parinacota,DEF-0225,11.0,Consumado,20,no,0,0.26630098,0,0,base,drug_trafficking,normal,"[""No favorable"", ""Salida favorable""]"
16398,Metropolitana,DEF-0539,3.0,Consumado,32,no,0,0.2940299,0,0,base,drug_trafficking,normal,"[""No favorable"", ""Salida favorable""]"
15194,Atacama,DEF-0241,3.0,Consumado,32,yes,1,0.9986316,1,1,base,drug_trafficking,normal,"[""No favorable"", ""Salida favorable""]"
3373,Metropolitana,DEF-0082,8.0,Consumado,22,no,0,0.29017588,0,0,base,drug_trafficking,normal,"[""No favorable"", ""Salida favorable""]"
13581,Arica y Parinacota,DEF-0478,6.0,Consumado,24,no,0,0.20878018,0,0,base,drug_trafficking,normal,"[""No favorable"", ""Salida favorable""]"
11517,Antofagasta,DEF-0683,2.0,Consumado,22,no,0,0.17005403,0,0,base,drug_trafficking,normal,"[""No favorable"", ""Salida favorable""]"
524,Arica y Parinacota,DEF-0108,24.0,Consumado,28,no,0,0.32776487,0,0,base,drug_trafficking,normal,"[""No favorable"", ""Salida favorable""]"
16496,Metropolitana,DEF-0291,5.0,Consumado,40,no,0,0.33749598,0,0,base,drug_trafficking,normal,"[""No favorable"", ""Salida favorable""]"
5483,Atacama,DEF-0258,9.0,Consumado,27,no,0,0.3393141,1,1,base,drug_trafficking,normal,"[""No favorable"", ""Salida favorable""]"
12275,Arica y Parinacota,DEF-0478,5.0,Consumado,27,no,0,0.20752162,1,1,base,drug_trafficking,normal,"[""No favorable"", ""Salida favorable""]"
3224,La Araucanía,DEF-0201,5.0,Consumado,18,no,0,0.4120539,1,1,base,drug_trafficking,normal,"[""No favorable"", ""Salida favorable""]"
13937,Valparaíso,DEF-0731,5.0,Consumado,25,no,0,0.27799848,1,1,base,drug_trafficking,normal,"[""No favorable"", ""Salida favorable""]"
7173,Arica y Parinacota,DEF-0556,13.0,Frustrado,28,no,0,0.21584716,0,0,base,drug_trafficking,normal,"[""No favorable"", ""Salida favorable""]"
2844,Metropolitana,DEF-0112,1.0,Consumado,18,no,0,0.30394202,0,0,base,drug_trafficking,normal,"[""No favorable"", ""Salida favorable""]"
15672,Antofagasta,DEF-0619,7.0,Consumado,35,yes,1,0.99437475,1,1,base,drug_trafficking,normal,"[""No favorable"", ""Salida favorable""]"
1678,Metropolitana,DEF-0487,5.0,Consumado,38,no,0,0.16690417,0,0,base,drug_trafficking,normal,"[""No favorable"", ""Salida favorable""]"
2561,Tarapacá,DEF-0124,6.0,Consumado,30,yes,1,0.99921274,1,1,base,drug_trafficking,normal,"[""No favorable"", ""Salida favorable""]"
4370,Antofagasta,DEF-0352,5.0,Consumado,31,yes,1,0.9972885,1,1,base,drug_trafficking,normal,"[""No favorable"", ""Salida favorable""]"
964,Valparaíso,DEF-0134,6.0,Consumado,26,no,0,0.30809587,0,0,base,drug_trafficking,normal,"[""No favorable"", ""Salida favorable""]"
770,Maule,DEF-0329,6.0,Consumado,18,no,0,0.33156556,1,1,base,drug_trafficking,normal,"[""No favorable"", ""Salida favorable""]"
16476,Libertador Bernardo O'Higgins,DEF-0091,2.0,Consumado,18,no,0,0.3782873,1,1,base,drug_trafficking,normal,"[""No favorable"", ""Salida favorable""]"
7557,Antofagasta,DEF-0042,8.0,Consumado,18,yes,1,0.99944365,1,1,base,drug_trafficking,normal,"[""No favorable"", ""Salida favorable""]"
9381,La Araucanía,DEF-0574,1.0,Consumado,22,no,0,0.30202484,1,1,base,drug_trafficking,normal,"[""No favorable"", ""Salida favorable""]"
5037,Tarapacá,DEF-0124,3.0,Consumado,18,yes,1,0.9992307,1,1,base,drug_trafficking,normal,"[""No favorable"", ""Salida favorable""]"
6912,Metropolitana,DEF-0485,4.0,Consumado,21,no,0,0.2999837,0,0,base,drug_trafficking,normal,"[""No favorable"", ""Salida favorable""]"
522,Metropolitana,DEF-0057,3.0,Consumado,18,no,0,0.30817503,1,1,base,drug_trafficking,normal,"[""No favorable"", ""Salida favorable""]"
1300,Metropolitana,DEF-0139,2.0,Consumado,31,no,0,0.33689445,0,0,base,drug_trafficking,normal,"[""No favorable"", ""Salida favorable""]"
11302,Tarapacá,DEF-0270,8.0,Consumado,29,yes,1,0.99807453,1,1,base,drug_trafficking,normal,"[""No favorable"", ""Salida favorable""]"
3755,Metropolitana,DEF-0465,6.0,Consumado,18,yes,1,0.9967038,1,1,base,drug_trafficking,normal,"[""No favorable"", ""Salida favorable""]"
3443,Valparaíso,DEF-0499,5.0,Consumado,36,no,0,0.29509854,1,1,base,drug_trafficking,normal,"[""No favorable"", ""Salida favorable""]"
14891,Los Lagos,DEF-0025,4.0,Consumado,30,no,0,0.34214318,0,0,base,drug_trafficking,normal,"[""No favorable"", ""Salida favorable""]"
12858,Antofagasta,DEF-0041,3.0,Consumado,41,yes,1,0.9993859,1,1,base,drug_trafficking,normal,"[""No favorable"", ""Salida favorable""]"
10853,Valparaíso,DEF-0677,6.0,Consumado,26,no,0,0.2809498,0,0,base,drug_trafficking,normal,"[""No favorable"", ""Salida favorable""]"
4753,Tarapacá,DEF-0188,2.0,Consumado,24,yes,1,0.99851155,1,1,base,drug_trafficking,normal,"[""No favorable"", ""Salida favorable""]"
7968,Metropolitana,DEF-0715,4.0,Consumado,32,no,0,0.2807112,0,0,base,drug_trafficking,normal,"[""No favorable"", ""Salida favorable""]"
5370,Antofagasta,DEF-0059,5.0,Consumado,35,no,0,0.25727418,1,1,base,drug_trafficking,normal,"[""No favorable"", ""Salida favorable""]"
864,Tarapacá,DEF-0083,5.0,Consumado,31,yes,1,0.99945045,1,1,base,drug_trafficking,normal,"[""No favorable"", ""Salida favorable""]"
9072,Tarapacá,DEF-0732,5.0,Consumado,31,yes,1,0.9834124,1,1,base,drug_trafficking,normal,"[""No favorable"", ""Salida favorable""]"
1835,Arica y Parinacota,DEF-0230,24.0,Consumado,35,no,0,0.26344407,0,0,base,drug_trafficking,normal,"[""No favorable"", ""Salida favorable""]"
11387,Arica y Parinacota,DEF-0083,11.0,Consumado,29,yes,1,0.99933267,1,1,base,drug_trafficking,normal,"[""No favorable"", ""Salida favorable""]"
8899,Arica y Parinacota,DEF-0478,26.0,Consumado,25,no,0,0.20428544,1,1,base,drug_trafficking,normal,"[""No favorable"", ""Salida favorable""]"
9476,Tarapacá,DEF-0102,8.0,Consumado,29,yes,1,0.9993901,1,1,base,drug_trafficking,normal,"[""No favorable"", ""Salida favorable""]"
11626,Tarapacá,DEF-0102,4.0,Consumado,19,yes,1,0.9993962,1,1,base,drug_trafficking,normal,"[""No favorable"", ""Salida favorable""]"
2120,Tarapacá,DEF-0301,7.0,Consumado,41,yes,1,0.997881,1,1,base,drug_trafficking,normal,"[""No favorable"", ""Salida favorable""]"
7578,Antofagasta,DEF-0059,3.0,Consumado,19,no,0,0.26387575,0,0,base,drug_trafficking,normal,"[""No favorable"", ""Salida favorable""]"
5660,Metropolitana,DEF-0281,8.0,Consumado,31,no,0,0.34223774,1,1,base,drug_trafficking,normal,"[""No favorable"", ""Salida favorable""]"
637,Metropolitana,DEF-0244,5.0,Consumado,22,no,0,0.34866422,0,0,base,drug_trafficking,normal,"[""No favorable"", ""Salida favorable""]"
427,La Araucanía,DEF-0122,4.0,Consumado,26,no,0,0.43392518,0,0,base,drug_trafficking,normal,"[""No favorable"", ""Salida favorable""]"
13348,Arica y Parinacota,DEF-0236,8.0,Consumado,30,no,0,0.25510153,1,1,base,drug_trafficking,normal,"[""No favorable"", ""Salida favorable""]"
10534,Tarapacá,DEF-0270,5.0,Consumado,25,yes,1,0.99805266,1,1,base,drug_trafficking,normal,"[""No favorable"", ""Salida favorable""]"
2552,Coquimbo,DEF-0555,4.0,Consumado,27,yes,1,0.9971435,1,1,base,drug_trafficking,normal,"[""No favorable"", ""Salida favorable""]"
1744,Metropolitana,DEF-0273,6.0,Consumado,18,no,0,0.34128734,1,1,base,drug_trafficking,normal,"[""No favorable"", ""Salida favorable""]"
5812,Maule,DEF-0361,62.0,Consumado,37,no,0,0.41188782,0,0,base,drug_trafficking,normal,"[""No favorable"", ""Salida favorable""]"
5928,Metropolitana,DEF-0406,5.0,Consumado,19,no,0,0.31152198,0,0,base,drug_trafficking,normal,"[""No favorable"", ""Salida favorable""]"
11830,Tarapacá,DEF-0270,11.0,Consumado,26,no,0,0.3426569,1,1,base,drug_trafficking,normal,"[""No favorable"", ""Salida favorable""]"
1853,La Araucanía,DEF-0447,3.0,Consumado,26,no,0,0.32437456,0,0,base,drug_trafficking,normal,"[""No favorable"", ""Salida favorable""]"
754,Ñuble,DEF-0321,27.0,Consumado,18,no,0,0.33447057,0,0,base,drug_trafficking,normal,"[""No favorable"", ""Salida favorable""]"
10810,Arica y Parinacota,DEF-0236,12.0,Consumado,19,yes,1,0.99855083,1,1,base,drug_trafficking,normal,"[""No favorable"", ""Salida favorable""]"
805,Tarapacá,DEF-0083,6.0,Consumado,22,no,0,0.27516255,0,0,base,drug_trafficking,normal,"[""No favorable"", ""Salida favorable""]"
8981,Valparaíso,DEF-0062,10.0,Consumado,20,no,0,0.309094,1,1,base,drug_trafficking,normal,"[""No favorable"", ""Salida favorable""]"
11572,Tarapacá,DEF-0058,4.0,Consumado,33,yes,1,0.9994577,1,1,base,drug_trafficking,normal,"[""No favorable"", ""Salida favorable""]"
13334,Bio Bío,DEF-0506,1.0,Consumado,25,no,0,0.31725994,0,0,base,drug_trafficking,normal,"[""No favorable"", ""Salida favorable""]"
11399,Ñuble,DEF-0041,12.0,Consumado,37,no,0,0.30947623,0,0,base,drug_trafficking,normal,"[""No favorable"", ""Salida favorable""]"
6791,Metropolitana,DEF-0755,3.0,Consumado,27,no,0,0.2784247,0,0,base,drug_trafficking,normal,"[""No favorable"", ""Salida favorable""]"
15954,Antofagasta,DEF-0802,8.0,Consumado,24,no,0,0.16528232,0,0,base,drug_trafficking,normal,"[""No favorable"", ""Salida favorable""]"
7564,Tarapacá,DEF-0073,4.0,Consumado,32,yes,1,0.99946123,1,1,base,drug_trafficking,normal,"[""No favorable"", ""Salida favorable""]"
945,Tarapacá,DEF-0083,2.0,Consumado,24,no,0,0.26610786,1,1,base,drug_trafficking,normal,"[""No favorable"", ""Salida favorable""]"
2805,Tarapacá,DEF-0100,3.0,Consumado,33,yes,1,0.99937826,1,1,base,drug_trafficking,normal,"[""No favorable"", ""Salida favorable""]"
15647,Arica y Parinacota,DEF-0012,9.0,Consumado,18,no,0,0.2748181,0,0,base,drug_trafficking,normal,"[""No favorable"", ""Salida favorable""]"
13514,Libertador Bernardo O'Higgins,DEF-0229,1.0,Consumado,32,no,0,0.3848621,0,0,base,drug_trafficking,normal,"[""No favorable"", ""Salida favorable""]"
14596,Arica y Parinacota,DEF-0478,4.0,Consumado,36,no,0,0.20327292,1,1,base,drug_trafficking,normal,"[""No favorable"", ""Salida favorable""]"
7868,Atacama,DEF-0505,3.0,Consumado,43,yes,1,0.99781096,1,1,base,drug_trafficking,normal,"[""No favorable"", ""Salida favorable""]"
3441,Antofagasta,DEF-0619,6.0,Consumado,35,no,0,0.17211384,1,1,base,drug_trafficking,normal,"[""No favorable"", ""Salida favorable""]"
5267,Tarapacá,DEF-0317,10.0,Consumado,22,no,0,0.3292864,0,0,base,drug_trafficking,normal,"[""No favorable"", ""Salida favorable""]"
7268,Metropolitana,DEF-0399,10.0,Consumado,18,no,0,0.31564644,0,0,base,drug_trafficking,normal,"[""No favorable"", ""Salida favorable""]"
2938,Antofagasta,DEF-0014,7.0,Consumado,26,no,0,0.23469283,0,0,base,drug_trafficking,normal,"[""No favorable"", ""Salida favorable""]"
3013,Arica y Parinacota,DEF-0234,8.0,Consumado,27,no,0,0.25771818,0,0,base,drug_trafficking,normal,"[""No favorable"", ""Salida favorable""]"
7798,Tarapacá,DEF-0124,2.0,Consumado,29,yes,1,0.9991965,1,1,base,drug_trafficking,normal,"[""No favorable"", ""Salida favorable""]"
3650,Libertador Bernardo O'Higgins,DEF-0276,1.0,Consumado,31,no,0,0.36584932,0,0,base,drug_trafficking,normal,"[""No favorable"", ""Salida favorable""]"
6141,Tarapacá,DEF-0124,5.0,Consumado,36,yes,1,0.9991911,1,1,base,drug_trafficking,normal,"[""No favorable"", ""Salida favorable""]"
12262,Los Ríos,DEF-0719,3.0,Consumado,25,no,0,0.28367513,0,0,base,drug_trafficking,normal,"[""No favorable"", ""Salida favorable""]"
14687,Libertador Bernardo O'Higgins,DEF-0357,6.0,Consumado,25,no,0,0.34397954,0,0,base,drug_trafficking,normal,"[""No favorable"", ""Salida favorable""]"
12724,Metropolitana,DEF-0184,4.0,Consumado,18,no,0,0.36138427,0,0,base,drug_trafficking,normal,"[""No favorable"", ""Salida favorable""]"
4304,Tarapacá,DEF-0317,5.0,Consumado,18,yes,1,0.9978105,1,1,base,drug_trafficking,normal,"[""No favorable"", ""Salida favorable""]"
2013,Tarapacá,DEF-0270,4.0,Consumado,30,no,0,0.336203,0,0,base,drug_trafficking,normal,"[""No favorable"", ""Salida favorable""]"
7232,Ñuble,DEF-0331,1.0,Consumado,29,no,0,0.31312665,0,0,base,drug_trafficking,normal,"[""No favorable"", ""Salida favorable""]"
3988,Tarapacá,DEF-0106,6.0,Consumado,33,yes,1,0.99935234,1,1,base,drug_trafficking,normal,"[""No favorable"", ""Salida favorable""]"
15305,Tarapacá,DEF-0913,6.0,Consumado,28,yes,1,0.9380435,1,1,base,drug_trafficking,normal,"[""No favorable"", ""Salida favorable""]"
10762,Arica y Parinacota,DEF-0284,8.0,Consumado,21,yes,1,0.9984654,1,1,base,drug_trafficking,normal,"[""No favorable"", ""Salida favorable""]"
7235,Metropolitana,DEF-0396,4.0,Consumado,23,no,0,0.31285387,0,0,base,drug_trafficking,normal,"[""No favorable"", ""Salida favorable""]"
3063,Tarapacá,DEF-0188,2.0,Consumado,24,yes,1,0.99851155,1,1,base,drug_trafficking,normal,"[""No favorable"", ""Salida favorable""]"
11745,Tarapacá,DEF-0102,2.0,Consumado,25,yes,1,0.9993794,1,1,base,drug_trafficking,normal,"[""No favorable"", ""Salida favorable""]"
7937,Metropolitana,DEF-0494,9.0,Consumado,21,no,0,0.30116293,0,0,base,drug_trafficking,normal,"[""No favorable"", ""Salida favorable""]"
3267,Maule,DEF-0001,11.0,Consumado,36,no,0,0.17486219,1,1,base,drug_trafficking,normal,"[""No favorable"", ""Salida favorable""]"
13547,Arica y Parinacota,DEF-0309,8.0,Consumado,24,no,0,0.23774704,0,0,base,drug_trafficking,normal,"[""No favorable"", ""Salida favorable""]"
16144,Tarapacá,DEF-0106,4.0,Consumado,24,yes,1,0.99936396,1,1,base,drug_trafficking,normal,"[""No favorable"", ""Salida favorable""]"
14691,Tarapacá,DEF-0301,7.0,Consumado,30,yes,1,0.9979062,1,1,base,drug_trafficking,normal,"[""No favorable"", ""Salida favorable""]"
11814,Tarapacá,DEF-0660,7.0,Consumado,18,no,0,0.28330716,0,0,base,drug_trafficking,normal,"[""No favorable"", ""Salida favorable""]"
6569,Tarapacá,DEF-0106,4.0,Consumado,22,yes,1,0.99936783,1,1,base,drug_trafficking,normal,"[""No favorable"", ""Salida favorable""]"
15648,Arica y Parinacota,DEF-0455,7.0,Consumado,29,no,0,0.20869046,0,0,base,drug_trafficking,normal,"[""No favorable"", ""Salida favorable""]"
284,Metropolitana,DEF-0116,9.0,Consumado,25,no,0,0.3231271,0,0,base,drug_trafficking,normal,"[""No favorable"", ""Salida favorable""]"
16592,Bio Bío,DEF-0506,1.0,Consumado,20,no,0,0.31731063,0,0,base,drug_trafficking,normal,"[""No favorable"", ""Salida favorable""]"
9311,Tarapacá,DEF-0315,9.0,Consumado,25,yes,1,0.9978615,1,1,base,drug_trafficking,normal,"[""No favorable"", ""Salida favorable""]"
14055,Coquimbo,DEF-0621,4.0,Consumado,18,no,0,0.29933718,0,0,base,drug_trafficking,normal,"[""No favorable"", ""Salida favorable""]"
5933,Metropolitana,DEF-0358,7.0,Consumado,35,no,0,0.32278186,1,1,base,drug_trafficking,normal,"[""No favorable"", ""Salida favorable""]"
8105,Tarapacá,DEF-0102,4.0,Consumado,21,yes,1,0.99939275,1,1,base,drug_trafficking,normal,"[""No favorable"", ""Salida favorable""]"
9930,Tarapacá,DEF-0102,6.0,Consumado,29,yes,1,0.9993842,1,1,base,drug_trafficking,normal,"[""No favorable"", ""Salida favorable""]"
15249,Antofagasta,DEF-0788,5.0,Consumado,22,yes,1,0.98950034,1,1,base,drug_trafficking,normal,"[""No favorable"", ""Salida favorable""]"
13073,Arica y Parinacota,DEF-0284,6.0,Consumado,32,yes,1,0.9984132,1,1,base,drug_trafficking,normal,"[""No favorable"", ""Salida favorable""]"
14320,La Araucanía,DEF-0708,1.0,Consumado,28,no,0,0.28824407,1,1,base,drug_trafficking,normal,"[""No favorable"", ""Salida favorable""]"
13268,Atacama,DEF-0054,10.0,Consumado,38,no,0,0.3637533,0,0,base,drug_trafficking,normal,"[""No favorable"", ""Salida favorable""]"
369,Metropolitana,DEF-0139,3.0,Consumado,19,no,0,0.3434784,0,0,base,drug_trafficking,normal,"[""No favorable"", ""Salida favorable""]"
3422,Tarapacá,DEF-0106,2.0,Consumado,20,yes,1,0.99936515,1,1,base,drug_trafficking,normal,"[""No favorable"", ""Salida favorable""]"
14560,Coquimbo,DEF-0074,14.0,Consumado,34,no,0,0.44289353,0,0,base,drug_trafficking,normal,"[""No favorable"", ""Salida favorable""]"
605,Valparaíso,DEF-0207,13.0,Consumado,20,no,0,0.3546424,0,0,base,drug_trafficking,normal,"[""No favorable"", ""Salida favorable""]"
8224,Metropolitana,DEF-0273,5.0,Consumado,25,no,0,0.34089884,0,0,base,drug_trafficking,normal,"[""No favorable"", ""Salida favorable""]"
7072,Libertador Bernardo O'Higgins,DEF-0712,3.0,Consumado,24,no,0,0.28689867,0,0,base,drug_trafficking,normal,"[""No favorable"", ""Salida favorable""]"
11097,Tarapacá,DEF-0058,6.0,Consumado,36,yes,1,0.9994575,1,1,base,drug_trafficking,normal,"[""No favorable"", ""Salida favorable""]"
786,Valparaíso,DEF-0168,4.0,Consumado,34,no,0,0.33737135,0,0,base,drug_trafficking,normal,"[""No favorable"", ""Salida favorable""]"
6706,Antofagasta,DEF-0026,7.0,Consumado,19,no,0,0.2611669,1,1,base,drug_trafficking,normal,"[""No favorable"", ""Salida favorable""]"
4432,Metropolitana,DEF-0024,4.0,Consumado,26,no,0,0.34527698,0,0,base,drug_trafficking,normal,"[""No favorable"", ""Salida favorable""]"
14394,Tarapacá,DEF-0102,5.0,Consumado,24,no,0,0.27936032,0,0,base,drug_trafficking,normal,"[""No favorable"", ""Salida favorable""]"
12378,Metropolitana,DEF-0441,4.0,Consumado,40,no,0,0.30676168,1,1,base,drug_trafficking,normal,"[""No favorable"", ""Salida favorable""]"
4123,Tarapacá,DEF-0188,2.0,Consumado,32,yes,1,0.99849194,1,1,base,drug_trafficking,normal,"[""No favorable"", ""Salida favorable""]"
12651,Tarapacá,DEF-0058,5.0,Consumado,30,yes,1,0.9994636,1,1,base,drug_trafficking,normal,"[""No favorable"", ""Salida favorable""]"
3535,Arica y Parinacota,DEF-0225,7.0,Consumado,27,yes,1,0.9985458,1,1,base,drug_trafficking,normal,"[""No favorable"", ""Salida favorable""]"
14503,Metropolitana,DEF-0479,5.0,Consumado,23,no,0,0.30123097,1,1,base,drug_trafficking,normal,"[""No favorable"", ""Salida favorable""]"
10895,Arica y Parinacota,DEF-0031,3.0,Consumado,23,no,0,0.27901942,0,0,base,drug_trafficking,normal,"[""No favorable"", ""Salida favorable""]"
16354,Atacama,DEF-0874,2.0,Consumado,25,no,0,0.24251649,0,0,base,drug_trafficking,normal,"[""No favorable"", ""Salida favorable""]"
15792,Metropolitana,DEF-0780,2.0,Consumado,28,no,0,0.2771681,0,0,base,drug_trafficking,normal,"[""No favorable"", ""Salida favorable""]"
8448,Coquimbo,DEF-0508,7.0,Consumado,22,no,0,0.31829345,0,0,base,drug_trafficking,normal,"[""No favorable"", ""Salida favorable""]"
11009,Tarapacá,DEF-0251,6.0,Consumado,25,yes,1,0.9981528,1,1,base,drug_trafficking,normal,"[""No favorable"", ""Salida favorable""]"
10451,Bio Bío,DEF-0767,6.0,Consumado,26,no,0,0.28627682,1,1,base,drug_trafficking,normal,"[""No favorable"", ""Salida favorable""]"
5898,Arica y Parinacota,DEF-0236,12.0,Consumado,29,no,0,0.25666794,0,0,base,drug_trafficking,normal,"[""No favorable"", ""Salida favorable""]"
1594,Antofagasta,DEF-0419,3.0,Consumado,30,no,0,0.1893888,0,0,base,drug_trafficking,normal,"[""No favorable"", ""Salida favorable""]"
16464,Metropolitana,DEF-0024,0.0,Consumado,18,no,0,0.3409329,0,0,base,drug_trafficking,normal,"[""No favorable"", ""Salida favorable""]"
10654,Arica y Parinacota,DEF-0346,10.0,Consumado,28,yes,1,0.9982913,1,1,base,drug_trafficking,normal,"[""No favorable"", ""Salida favorable""]"
7893,Atacama,DEF-0258,15.0,Consumado,19,no,0,0.34789687,0,0,base,drug_trafficking,normal,"[""No favorable"", ""Salida favorable""]"
2818,Metropolitana,DEF-0576,9.0,Consumado,35,no,0,0.29246113,0,0,base,drug_trafficking,normal,"[""No favorable"", ""Salida favorable""]"
15323,Metropolitana,DEF-0163,2.0,Consumado,27,no,0,0.35542014,0,0,base,drug_trafficking,normal,"[""No favorable"", ""Salida favorable""]"
3196,Valparaíso,DEF-0532,7.0,Consumado,30,no,0,0.29233375,1,1,base,drug_trafficking,normal,"[""No favorable"", ""Salida favorable""]"
16282,Antofagasta,DEF-0846,5.0,Consumado,34,yes,1,0.98307395,1,1,base,drug_trafficking,normal,"[""No favorable"", ""Salida favorable""]"
3377,Valparaíso,DEF-0182,1.0,Consumado,29,no,0,0.3395981,0,0,base,drug_trafficking,normal,"[""No favorable"", ""Salida favorable""]"
8566,La Araucanía,DEF-0167,4.0,Consumado,25,no,0,0.42812622,1,1,base,drug_trafficking,normal,"[""No favorable"", ""Salida favorable""]"
163,Tarapacá,DEF-0117,6.0,Consumado,18,no,0,0.30431968,1,1,base,drug_trafficking,normal,"[""No favorable"", ""Salida favorable""]"
13897,Antofagasta,DEF-0821,4.0,Consumado,24,no,0,0.1649634,0,0,base,drug_trafficking,normal,"[""No favorable"", ""Salida favorable""]"
13110,Metropolitana,DEF-0098,5.0,Consumado,37,no,0,0.28242284,0,0,base,drug_trafficking,normal,"[""No favorable"", ""Salida favorable""]"
4371,Antofagasta,DEF-0352,5.0,Consumado,18,yes,1,0.99757046,1,1,base,drug_trafficking,normal,"[""No favorable"", ""Salida favorable""]"
9904,Bio Bío,DEF-0287,28.0,Consumado,26,no,0,0.4296579,0,0,base,drug_trafficking,normal,"[""No favorable"", ""Salida favorable""]"
12094,Tarapacá,DEF-0301,4.0,Consumado,28,yes,1,0.9978743,1,1,base,drug_trafficking,normal,"[""No favorable"", ""Salida favorable""]"
14416,Bio Bío,DEF-0076,0.0,Consumado,24,no,0,0.421051,0,0,base,drug_trafficking,normal,"[""No favorable"", ""Salida favorable""]"
4099,Valparaíso,DEF-0019,6.0,Consumado,29,no,0,0.3718548,0,0,base,drug_trafficking,normal,"[""No favorable"", ""Salida favorable""]"
13878,Antofagasta,DEF-0821,11.0,Consumado,28,no,0,0.16427693,0,0,base,drug_trafficking,normal,"[""No favorable"", ""Salida favorable""]"
5447,Metropolitana,DEF-0068,8.0,Consumado,18,no,0,0.30348644,0,0,base,drug_trafficking,normal,"[""No favorable"", ""Salida favorable""]"
8351,Antofagasta,DEF-0401,2.0,Consumado,28,no,0,0.19145766,0,0,base,drug_trafficking,normal,"[""No favorable"", ""Salida favorable""]"
14865,Metropolitana,DEF-0082,0.0,Consumado,23,no,0,0.27233958,0,0,base,drug_trafficking,normal,"[""No favorable"", ""Salida favorable""]"
1574,Tarapacá,DEF-0106,3.0,Consumado,18,yes,1,0.9993722,1,1,base,drug_trafficking,normal,"[""No favorable"", ""Salida favorable""]"
277,Metropolitana,DEF-0080,2.0,Consumado,24,yes,1,0.999463,1,1,base,drug_trafficking,normal,"[""No favorable"", ""Salida favorable""]"
6629,Valparaíso,DEF-0545,2.0,Consumado,42,no,0,0.28991023,0,0,base,drug_trafficking,normal,"[""No favorable"", ""Salida favorable""]"
12210,Bio Bío,DEF-0634,9.0,Consumado,22,no,0,0.30052048,0,0,base,drug_trafficking,normal,"[""No favorable"", ""Salida favorable""]"
2089,Coquimbo,DEF-0081,5.0,Consumado,25,no,0,0.42079613,1,1,base,drug_trafficking,normal,"[""No favorable"", ""Salida favorable""]"
7047,Tarapacá,DEF-0473,7.0,Consumado,42,no,0,0.3013498,0,0,base,drug_trafficking,normal,"[""No favorable"", ""Salida favorable""]"
12647,Libertador Bernardo O'Higgins,DEF-0502,6.0,Consumado,24,no,0,0.31229594,1,1,base,drug_trafficking,normal,"[""No favorable"", ""Salida favorable""]"
11120,Atacama,DEF-0337,6.0,Consumado,28,no,0,0.30788955,0,0,base,drug_trafficking,normal,"[""No favorable"", ""Salida favorable""]"
1192,Metropolitana,DEF-0429,13.0,Consumado,41,no,0,0.31432855,1,1,base,drug_trafficking,normal,"[""No favorable"", ""Salida favorable""]"
4529,Metropolitana,DEF-0566,7.0,Consumado,27,no,0,0.29255155,0,0,base,drug_trafficking,normal,"[""No favorable"", ""Salida favorable""]"
9078,Tarapacá,DEF-0732,5.0,Consumado,46,yes,1,0.98348427,1,1,base,drug_trafficking,normal,"[""No favorable"", ""Salida favorable""]"
15264,Antofagasta,DEF-0014,6.0,Consumado,21,yes,1,0.9994676,1,1,base,drug_trafficking,normal,"[""No favorable"", ""Salida favorable""]"
11049,Libertador Bernardo O'Higgins,DEF-0067,1.0,Consumado,21,no,0,0.34617594,0,0,base,drug_trafficking,normal,"[""No favorable"", ""Salida favorable""]"
1599,Metropolitana,DEF-0358,6.0,Consumado,21,no,0,0.32108384,1,1,base,drug_trafficking,normal,"[""No favorable"", ""Salida favorable""]"
9705,Bio Bío,DEF-0626,17.0,Consumado,41,no,0,0.3050244,0,0,base,drug_trafficking,normal,"[""No favorable"", ""Salida favorable""]"
10930,Atacama,DEF-0440,4.0,Consumado,23,yes,1,0.9981617,1,1,base,drug_trafficking,normal,"[""No favorable"", ""Salida favorable""]"
4728,Bio Bío,DEF-0065,3.0,Consumado,34,no,0,0.40816367,0,0,base,drug_trafficking,normal,"[""No favorable"", ""Salida favorable""]"
11931,Tarapacá,DEF-0058,5.0,Consumado,29,yes,1,0.9994649,1,1,base,drug_trafficking,normal,"[""No favorable"", ""Salida favorable""]"
3726,Tarapacá,DEF-0153,4.0,Consumado,35,yes,1,0.9988651,1,1,base,drug_trafficking,normal,"[""No favorable"", ""Salida favorable""]"
10281,Tarapacá,DEF-0073,4.0,Consumado,34,yes,1,0.99945843,1,1,base,drug_trafficking,normal,"[""No favorable"", ""Salida favorable""]"
7428,Metropolitana,DEF-0531,1.0,Consumado,27,no,0,0.29409936,0,0,base,drug_trafficking,normal,"[""No favorable"", ""Salida favorable""]"
8951,Ñuble,DEF-0204,5.0,Consumado,27,no,0,0.33880797,0,0,base,drug_trafficking,normal,"[""No favorable"", ""Salida favorable""]"
2279,Los Lagos,DEF-0423,6.0,Consumado,42,no,0,0.32467836,1,1,base,drug_trafficking,normal,"[""No favorable"", ""Salida favorable""]"
610,Coquimbo,DEF-0282,5.0,Consumado,32,no,0,0.38362518,1,1,base,drug_trafficking,normal,"[""No favorable"", ""Salida favorable""]"
6890,Tarapacá,DEF-0073,5.0,Consumado,31,yes,1,0.99946463,1,1,base,drug_trafficking,normal,"[""No favorable"", ""Salida favorable""]"
12784,Tarapacá,DEF-0058,4.0,Consumado,18,yes,1,0.9994766,1,1,base,drug_trafficking,normal,"[""No favorable"", ""Salida favorable""]"
10759,Valparaíso,DEF-0594,7.0,Consumado,29,no,0,0.28687674,1,1,base,drug_trafficking,normal,"[""No favorable"", ""Salida favorable""]"
3803,Metropolitana,DEF-0063,1.0,Consumado,18,no,0,0.2934604,0,0,base,drug_trafficking,normal,"[""No favorable"", ""Salida favorable""]"
12314,Tarapacá,DEF-0106,3.0,Consumado,36,yes,1,0.99933535,1,1,base,drug_trafficking,normal,"[""No favorable"", ""Salida favorable""]"
2290,Metropolitana,DEF-0537,2.0,Consumado,36,no,0,0.29400143,0,0,base,drug_trafficking,normal,"[""No favorable"", ""Salida favorable""]"
3008,Bio Bío,DEF-0260,8.0,Consumado,18,no,0,0.40414813,0,0,base,drug_trafficking,normal,"[""No favorable"", ""Salida favorable""]"
14494,Arica y Parinacota,DEF-0263,12.0,Consumado,35,yes,1,0.9984147,1,1,base,drug_trafficking,normal,"[""No favorable"", ""Salida favorable""]"
6863,Tarapacá,DEF-0188,2.0,Consumado,45,yes,1,0.99845797,1,1,base,drug_trafficking,normal,"[""No favorable"", ""Salida favorable""]"
4109,Tarapacá,DEF-0106,5.0,Consumado,18,yes,1,0.9993784,1,1,base,drug_trafficking,normal,"[""No favorable"", ""Salida favorable""]"
14205,Bio Bío,DEF-0382,1.0,Consumado,31,no,0,0.34637064,0,0,base,drug_trafficking,normal,"[""No favorable"", ""Salida favorable""]"
11652,Valparaíso,DEF-0136,2.0,Consumado,24,no,0,0.30471313,0,0,base,drug_trafficking,normal,"[""No favorable"", ""Salida favorable""]"
6747,Coquimbo,DEF-0763,4.0,Consumado,23,no,0,0.28600097,0,0,base,drug_trafficking,normal,"[""No favorable"", ""Salida favorable""]"
16257,Atacama,DEF-0812,5.0,Consumado,18,yes,1,0.9927663,1,1,base,drug_trafficking,normal,"[""No favorable"", ""Salida favorable""]"
1519,Tarapacá,DEF-0153,5.0,Consumado,31,no,0,0.34107918,0,0,base,drug_trafficking,normal,"[""No favorable"", ""Salida favorable""]"
4188,Tarapacá,DEF-0107,5.0,Consumado,19,yes,1,0.99937046,1,1,base,drug_trafficking,normal,"[""No favorable"", ""Salida favorable""]"
5987,Los Lagos,DEF-0186,4.0,Consumado,34,no,0,0.39908907,0,0,base,drug_trafficking,normal,"[""No favorable"", ""Salida favorable""]"
1947,Metropolitana,DEF-0141,5.0,Consumado,28,no,0,0.3461514,0,0,base,drug_trafficking,normal,"[""No favorable"", ""Salida favorable""]"
3706,Metropolitana,DEF-0098,9.0,Consumado,28,no,0,0.2968998,0,0,base,drug_trafficking,normal,"[""No favorable"", ""Salida favorable""]"
3735,Tarapacá,DEF-0106,5.0,Consumado,34,no,0,0.27774492,1,1,base,drug_trafficking,normal,"[""No favorable"", ""Salida favorable""]"
5885,Arica y Parinacota,DEF-0596,8.0,Consumado,29,no,0,0.19444174,1,1,base,drug_trafficking,normal,"[""No favorable"", ""Salida favorable""]"
6956,Metropolitana,DEF-0578,0.0,Consumado,18,no,0,0.28924507,0,0,base,drug_trafficking,normal,"[""No favorable"", ""Salida favorable""]"
8311,Tarapacá,DEF-0732,4.0,Consumado,30,yes,1,0.9830334,1,1,base,drug_trafficking,normal,"[""No favorable"", ""Salida favorable""]"
13113,Antofagasta,DEF-0313,6.0,Consumado,18,no,0,0.20867275,0,0,base,drug_trafficking,normal,"[""No favorable"", ""Salida favorable""]"
2029,Antofagasta,DEF-0011,7.0,Consumado,23,yes,1,0.9994558,1,1,base,drug_trafficking,normal,"[""No favorable"", ""Salida favorable""]"
10823,Arica y Parinacota,DEF-0284,11.0,Consumado,22,no,0,0.24541113,1,1,base,drug_trafficking,normal,"[""No favorable"", ""Salida favorable""]"
7727,Maule,DEF-0311,4.0,Consumado,23,no,0,0.3347833,1,1,base,drug_trafficking,normal,"[""No favorable"", ""Salida favorable""]"
16025,Metropolitana,DEF-0569,8.0,Consumado,31,no,0,0.29269513,1,1,base,drug_trafficking,normal,"[""No favorable"", ""Salida favorable""]"
6944,Arica y Parinacota,DEF-0346,10.0,Consumado,22,yes,1,0.99832743,1,1,base,drug_trafficking,normal,"[""No favorable"", ""Salida favorable""]"
7951,Tarapacá,DEF-0106,3.0,Consumado,22,yes,1,0.9993646,1,1,base,drug_trafficking,normal,"[""No favorable"", ""Salida favorable""]"
8782,Metropolitana,DEF-0501,0.0,Consumado,27,no,0,0.29687375,0,0,base,drug_trafficking,normal,"[""No favorable"", ""Salida favorable""]"
3984,Arica y Parinacota,DEF-0455,5.0,Consumado,33,yes,1,0.9979075,1,1,base,drug_trafficking,normal,"[""No favorable"", ""Salida favorable""]"
1741,Maule,DEF-0294,11.0,Consumado,18,no,0,0.34542248,1,1,base,drug_trafficking,normal,"[""No favorable"", ""Salida favorable""]"
6769,Ñuble,DEF-0654,21.0,Consumado,30,no,0,0.28472272,1,1,base,drug_trafficking,normal,"[""No favorable"", ""Salida favorable""]"
15749,Antofagasta,DEF-0859,3.0,Consumado,24,no,0,0.16413704,0,0,base,drug_trafficking,normal,"[""No favorable"", ""Salida favorable""]"
834,Valparaíso,DEF-0051,11.0,Consumado,30,no,0,0.31028876,1,1,base,drug_trafficking,normal,"[""No favorable"", ""Salida favorable""]"
11593,Metropolitana,DEF-0247,4.0,Consumado,18,no,0,0.34644896,0,0,base,drug_trafficking,normal,"[""No favorable"", ""Salida favorable""]"
5460,Antofagasta,DEF-0042,4.0,Consumado,23,yes,1,0.99943334,1,1,base,drug_trafficking,normal,"[""No favorable"", ""Salida favorable""]"
10910,Antofagasta,DEF-0274,17.0,Consumado,31,yes,1,0.99732995,1,1,base,drug_trafficking,normal,"[""No favorable"", ""Salida favorable""]"
11224,Arica y Parinacota,DEF-0309,13.0,Consumado,26,yes,1,0.99838006,1,1,base,drug_trafficking,normal,"[""No favorable"", ""Salida favorable""]"
14101,Coquimbo,DEF-0905,8.0,Consumado,24,no,0,0.17684825,1,1,base,drug_trafficking,normal,"[""No favorable"", ""Salida favorable""]"
11628,Tarapacá,DEF-0270,8.0,Consumado,34,yes,1,0.99806434,1,1,base,drug_trafficking,normal,"[""No favorable"", ""Salida favorable""]"
8058,Tarapacá,DEF-0165,7.0,Consumado,22,yes,1,0.9987854,1,1,base,drug_trafficking,normal,"[""No favorable"", ""Salida favorable""]"
7736,Coquimbo,DEF-0131,4.0,Consumado,22,yes,1,0.9990626,1,1,base,drug_trafficking,normal,"[""No favorable"", ""Salida favorable""]"
12239,Tarapacá,DEF-0106,6.0,Consumado,22,yes,1,0.99937415,1,1,base,drug_trafficking,normal,"[""No favorable"", ""Salida favorable""]"
13641,Antofagasta,DEF-0683,4.0,Consumado,35,no,0,0.16869144,0,0,base,drug_trafficking,normal,"[""No favorable"", ""Salida favorable""]"
5790,Valparaíso,DEF-0279,5.0,Consumado,38,no,0,0.33098772,1,1,base,drug_trafficking,normal,"[""No favorable"", ""Salida favorable""]"
11153,Arica y Parinacota,DEF-0012,9.0,Consumado,18,yes,1,0.9995269,1,1,base,drug_trafficking,normal,"[""No favorable"", ""Salida favorable""]"
4252,Atacama,DEF-0093,9.0,Consumado,22,no,0,0.4262434,1,1,base,drug_trafficking,normal,"[""No favorable"", ""Salida favorable""]"
6858,Valparaíso,DEF-0557,3.0,Consumado,26,no,0,0.28877187,1,1,base,drug_trafficking,normal,"[""No favorable"", ""Salida favorable""]"
9338,Metropolitana,DEF-0008,2.0,Consumado,40,no,0,0.1784221,0,0,base,drug_trafficking,normal,"[""No favorable"", ""Salida favorable""]"
6382,Coquimbo,DEF-0131,7.0,Consumado,25,no,0,0.46200675,1,1,base,drug_trafficking,normal,"[""No favorable"", ""Salida favorable""]"
6108,Arica y Parinacota,DEF-0108,7.0,Consumado,20,yes,1,0.9991471,1,1,base,drug_trafficking,normal,"[""No favorable"", ""Salida favorable""]"
9200,Tarapacá,DEF-0315,5.0,Consumado,21,yes,1,0.9978176,1,1,base,drug_trafficking,normal,"[""No favorable"", ""Salida favorable""]"
15048,La Araucanía,DEF-0570,4.0,Consumado,25,no,0,0.30389708,0,0,base,drug_trafficking,normal,"[""No favorable"", ""Salida favorable""]"
13765,Ñuble,DEF-0654,2.0,Consumado,31,no,0,0.2804941,1,1,base,drug_trafficking,normal,"[""No favorable"", ""Salida favorable""]"
5145,Tarapacá,DEF-0301,4.0,Consumado,19,yes,1,0.99788994,1,1,base,drug_trafficking,normal,"[""No favorable"", ""Salida favorable""]"
11359,Tarapacá,DEF-0251,9.0,Consumado,27,yes,1,0.998175,1,1,base,drug_trafficking,normal,"[""No favorable"", ""Salida favorable""]"
16135,Metropolitana,DEF-0415,6.0,Consumado,25,no,0,0.31113267,1,1,base,drug_trafficking,normal,"[""No favorable"", ""Salida favorable""]"
1725,Metropolitana,DEF-0008,8.0,Consumado,25,no,0,0.19233516,1,1,base,drug_trafficking,normal,"[""No favorable"", ""Salida favorable""]"
3041,Valparaíso,DEF-0182,2.0,Consumado,32,no,0,0.3406794,0,0,base,drug_trafficking,normal,"[""No favorable"", ""Salida favorable""]"
2822,Valparaíso,DEF-0406,6.0,Consumado,32,no,0,0.3068027,0,0,base,drug_trafficking,normal,"[""No favorable"", ""Salida favorable""]"
4769,Aysén,DEF-0046,10.0,Consumado,25,no,0,0.4491981,1,1,base,drug_trafficking,normal,"[""No favorable"", ""Salida favorable""]"
12117,Valparaíso,DEF-0532,3.0,Consumado,18,no,0,0.29084635,0,0,base,drug_trafficking,normal,"[""No favorable"", ""Salida favorable""]"
858,Arica y Parinacota,DEF-0012,28.0,Consumado,26,no,0,0.31580898,0,0,base,drug_trafficking,normal,"[""No favorable"", ""Salida favorable""]"
16420,Aysén,DEF-0917,5.0,Consumado,24,no,0,0.17434373,0,0,base,drug_trafficking,normal,"[""No favorable"", ""Salida favorable""]"
4633,Metropolitana,DEF-0465,5.0,Consumado,21,no,0,0.30307958,0,0,base,drug_trafficking,normal,"[""No favorable"", ""Salida favorable""]"
226,Metropolitana,DEF-0147,5.0,Consumado,18,no,0,0.35437068,1,1,base,drug_trafficking,normal,"[""No favorable"", ""Salida favorable""]"
3627,Arica y Parinacota,DEF-0346,11.0,Consumado,20,yes,1,0.99833727,1,1,base,drug_trafficking,normal,"[""No favorable"", ""Salida favorable""]"
7857,Metropolitana,DEF-0147,11.0,Consumado,18,no,0,0.36601827,1,1,base,drug_trafficking,normal,"[""No favorable"", ""Salida favorable""]"
609,Metropolitana,DEF-0281,15.0,Consumado,27,no,0,0.34940252,0,0,base,drug_trafficking,normal,"[""No favorable"", ""Salida favorable""]"
534,Arica y Parinacota,DEF-0118,15.0,Consumado,18,no,0,0.31893018,0,0,base,drug_trafficking,normal,"[""No favorable"", ""Salida favorable""]"
2591,Tarapacá,DEF-0107,8.0,Consumado,30,yes,1,0.99935865,1,1,base,drug_trafficking,normal,"[""No favorable"", ""Salida favorable""]"
13247,Metropolitana,DEF-0519,4.0,Consumado,38,no,0,0.29682368,1,1,base,drug_trafficking,normal,"[""No favorable"", ""Salida favorable""]"
2373,Antofagasta,DEF-0394,7.0,Consumado,34,no,0,0.19347116,0,0,base,drug_trafficking,normal,"[""No favorable"", ""Salida favorable""]"
4052,Antofagasta,DEF-0654,7.0,Consumado,37,no,0,0.1700849,0,0,base,drug_trafficking,normal,"[""No favorable"", ""Salida favorable""]"
11669,Tarapacá,DEF-0058,3.0,Consumado,18,yes,1,0.9994748,1,1,base,drug_trafficking,normal,"[""No favorable"", ""Salida favorable""]"
16094,Tarapacá,DEF-0660,5.0,Consumado,37,yes,1,0.9898621,1,1,base,drug_trafficking,normal,"[""No favorable"", ""Salida favorable""]"
2375,Metropolitana,DEF-0358,2.0,Consumado,26,no,0,0.31868955,1,1,base,drug_trafficking,normal,"[""No favorable"", ""Salida favorable""]"
509,Libertador Bernardo O'Higgins,DEF-0092,5.0,Consumado,24,no,0,0.38481265,1,1,base,drug_trafficking,normal,"[""No favorable"", ""Salida favorable""]"
5589,Bio Bío,DEF-0275,13.0,Consumado,18,no,0,0.40477955,0,0,base,drug_trafficking,normal,"[""No favorable"", ""Salida favorable""]"
6478,Bio Bío,DEF-0756,1.0,Consumado,19,no,0,0.28628615,0,0,base,drug_trafficking,normal,"[""No favorable"", ""Salida favorable""]"
1167,La Araucanía,DEF-0422,8.0,Consumado,18,no,0,0.33317888,1,1,base,drug_trafficking,normal,"[""No favorable"", ""Salida favorable""]"
15643,Antofagasta,DEF-0760,8.0,Consumado,18,no,0,0.16732472,0,0,base,drug_trafficking,normal,"[""No favorable"", ""Salida favorable""]"
592,Libertador Bernardo O'Higgins,DEF-0276,4.0,Consumado,29,no,0,0.36952776,0,0,base,drug_trafficking,normal,"[""No favorable"", ""Salida favorable""]"
11203,Libertador Bernardo O'Higgins,DEF-0468,1.0,Consumado,28,no,0,0.31532884,0,0,base,drug_trafficking,normal,"[""No favorable"", ""Salida favorable""]"
11516,Antofagasta,DEF-0859,4.0,Consumado,41,no,0,0.16249204,0,0,base,drug_trafficking,normal,"[""No favorable"", ""Salida favorable""]"
8950,Tarapacá,DEF-0270,5.0,Consumado,21,yes,1,0.99805933,1,1,base,drug_trafficking,normal,"[""No favorable"", ""Salida favorable""]"
14335,Atacama,DEF-0911,4.0,Consumado,38,yes,1,0.9863628,1,1,base,drug_trafficking,normal,"[""No favorable"", ""Salida favorable""]"
16618,Metropolitana,DEF-0022,0.0,Consumado,22,no,0,0.34210324,0,0,base,drug_trafficking,normal,"[""No favorable"", ""Salida favorable""]"
10961,Tarapacá,DEF-0058,4.0,Consumado,36,yes,1,0.9994535,1,1,base,drug_trafficking,normal,"[""No favorable"", ""Salida favorable""]"
1205,Tarapacá,DEF-0354,6.0,Consumado,18,no,0,0.3181042,0,0,base,drug_trafficking,normal,"[""No favorable"", ""Salida favorable""]"
11332,Metropolitana,DEF-0780,4.0,Consumado,26,yes,1,0.9792393,1,1,base,drug_trafficking,normal,"[""No favorable"", ""Salida favorable""]"
4636,Tarapacá,DEF-0106,2.0,Consumado,45,yes,1,0.99931,1,1,base,drug_trafficking,normal,"[""No favorable"", ""Salida favorable""]"
5296,Tarapacá,DEF-0073,5.0,Consumado,18,no,0,0.28342736,0,0,base,drug_trafficking,normal,"[""No favorable"", ""Salida favorable""]"
12937,Metropolitana,DEF-0703,7.0,Consumado,39,no,0,0.28215417,0,0,base,drug_trafficking,normal,"[""No favorable"", ""Salida favorable""]"
7588,Arica y Parinacota,DEF-0661,10.0,Consumado,35,yes,1,0.99623656,1,1,base,drug_trafficking,normal,"[""No favorable"", ""Salida favorable""]"
4659,Metropolitana,DEF-0043,3.0,Consumado,28,no,0,0.305672,0,0,base,drug_trafficking,normal,"[""No favorable"", ""Salida favorable""]"
13537,Valparaíso,DEF-0641,0.0,Consumado,18,no,0,0.28194633,1,1,base,drug_trafficking,normal,"[""No favorable"", ""Salida favorable""]"
1027,Bio Bío,DEF-0395,13.0,Consumado,29,no,0,0.35440674,1,1,base,drug_trafficking,normal,"[""No favorable"", ""Salida favorable""]"
10288,Maule,DEF-0079,5.0,Consumado,32,no,0,0.28848442,0,0,base,drug_trafficking,normal,"[""No favorable"", ""Salida favorable""]"
4212,Arica y Parinacota,DEF-0234,15.0,Consumado,21,yes,1,0.9985364,1,1,base,drug_trafficking,normal,"[""No favorable"", ""Salida favorable""]"
16231,Antofagasta,DEF-0352,5.0,Consumado,18,yes,1,0.99757046,1,1,base,drug_trafficking,normal,"[""No favorable"", ""Salida favorable""]"
6918,Maule,DEF-0552,1.0,Consumado,18,no,0,0.2937924,1,1,base,drug_trafficking,normal,"[""No favorable"", ""Salida favorable""]"
12517,Tarapacá,DEF-0251,4.0,Consumado,30,yes,1,0.9981256,1,1,base,drug_trafficking,normal,"[""No favorable"", ""Salida favorable""]"
15584,Metropolitana,DEF-0003,1.0,Consumado,18,no,0,0.1634565,0,0,base,drug_trafficking,normal,"[""No favorable"", ""Salida favorable""]"
6079,Metropolitana,DEF-0129,5.0,Consumado,47,no,0,0.32242665,1,1,base,drug_trafficking,normal,"[""No favorable"", ""Salida favorable""]"
10375,Coquimbo,DEF-0843,5.0,Consumado,23,no,0,0.28092718,1,1,base,drug_trafficking,normal,"[""No favorable"", ""Salida favorable""]"
3954,Antofagasta,DEF-0224,3.0,Consumado,18,yes,1,0.9979925,1,1,base,drug_trafficking,normal,"[""No favorable"", ""Salida favorable""]"
6151,Tarapacá,DEF-0106,3.0,Consumado,24,yes,1,0.9993607,1,1,base,drug_trafficking,normal,"[""No favorable"", ""Salida favorable""]"
6725,Los Lagos,DEF-0761,6.0,Consumado,31,no,0,0.28293547,0,0,base,drug_trafficking,normal,"[""No favorable"", ""Salida favorable""]"
9392,Los Ríos,DEF-0565,4.0,Consumado,18,no,0,0.29739186,0,0,base,drug_trafficking,normal,"[""No favorable"", ""Salida favorable""]"
12306,Coquimbo,DEF-0621,3.0,Consumado,31,no,0,0.29910982,1,1,base,drug_trafficking,normal,"[""No favorable"", ""Salida favorable""]"
9729,Arica y Parinacota,DEF-0118,8.0,Consumado,28,yes,1,0.9990237,1,1,base,drug_trafficking,normal,"[""No favorable"", ""Salida favorable""]"
3506,Antofagasta,DEF-0389,4.0,Consumado,18,yes,1,0.99742997,1,1,base,drug_trafficking,normal,"[""No favorable"", ""Salida favorable""]"
2492,Metropolitana,DEF-0250,3.0,Consumado,18,no,0,0.34460625,0,0,base,drug_trafficking,normal,"[""No favorable"", ""Salida favorable""]"
15506,Tarapacá,DEF-0789,5.0,Consumado,28,yes,1,0.9749118,1,1,base,drug_trafficking,normal,"[""No favorable"", ""Salida favorable""]"
476,Tarapacá,DEF-0153,5.0,Consumado,18,no,0,0.3445482,0,0,base,drug_trafficking,normal,"[""No favorable"", ""Salida favorable""]"
8185,Libertador Bernardo O'Higgins,DEF-0351,4.0,Consumado,40,no,0,0.34522352,0,0,base,drug_trafficking,normal,"[""No favorable"", ""Salida favorable""]"
5230,La Araucanía,DEF-0713,3.0,Consumado,25,no,0,0.28830263,0,0,base,drug_trafficking,normal,"[""No favorable"", ""Salida favorable""]"
10200,Bio Bío,DEF-0072,4.0,Consumado,22,no,0,0.4340503,1,1,base,drug_trafficking,normal,"[""No favorable"", ""Salida favorable""]"
14493,Arica y Parinacota,DEF-0263,12.0,Consumado,20,no,0,0.25326124,0,0,base,drug_trafficking,normal,"[""No favorable"", ""Salida favorable""]"
11831,Metropolitana,DEF-0584,7.0,Consumado,25,no,0,0.29074106,0,0,base,drug_trafficking,normal,"[""No favorable"", ""Salida favorable""]"
10782,Metropolitana,DEF-0674,3.0,Consumado,29,yes,1,0.98978275,1,1,base,drug_trafficking,normal,"[""No favorable"", ""Salida favorable""]"
8513,Arica y Parinacota,DEF-0031,12.0,Consumado,34,yes,1,0.99951947,1,1,base,drug_trafficking,normal,"[""No favorable"", ""Salida favorable""]"
5077,Antofagasta,DEF-0059,5.0,Consumado,18,no,0,0.26899704,0,0,base,drug_trafficking,normal,"[""No favorable"", ""Salida favorable""]"
11407,Arica y Parinacota,DEF-0600,7.0,Consumado,18,no,0,0.20021655,1,1,base,drug_trafficking,normal,"[""No favorable"", ""Salida favorable""]"
5015,Metropolitana,DEF-0043,1.0,Consumado,35,no,0,0.28968978,0,0,base,drug_trafficking,normal,"[""No favorable"", ""Salida favorable""]"
5742,Tarapacá,DEF-0317,3.0,Consumado,18,yes,1,0.99778175,1,1,base,drug_trafficking,normal,"[""No favorable"", ""Salida favorable""]"
12696,Tarapacá,DEF-0106,3.0,Consumado,18,yes,1,0.9993722,1,1,base,drug_trafficking,normal,"[""No favorable"", ""Salida favorable""]"
2311,Metropolitana,DEF-0540,22.0,Consumado,31,no,0,0.3019702,0,0,base,drug_trafficking,normal,"[""No favorable"", ""Salida favorable""]"
7840,Metropolitana,DEF-0790,3.0,Consumado,30,no,0,0.2768548,0,0,base,drug_trafficking,normal,"[""No favorable"", ""Salida favorable""]"
346,Coquimbo,DEF-0203,0.0,Consumado,26,no,0,0.4127414,1,1,base,drug_trafficking,normal,"[""No favorable"", ""Salida favorable""]"
10201,Tarapacá,DEF-0153,0.0,Consumado,25,no,0,0.3342279,0,0,base,drug_trafficking,normal,"[""No favorable"", ""Salida favorable""]"
13691,Maule,DEF-0001,13.0,Consumado,19,no,0,0.17878848,1,1,base,drug_trafficking,normal,"[""No favorable"", ""Salida favorable""]"
11113,Arica y Parinacota,DEF-0140,8.0,Consumado,33,yes,1,0.99881595,1,1,base,drug_trafficking,normal,"[""No favorable"", ""Salida favorable""]"
16381,Metropolitana,DEF-0139,6.0,Consumado,27,no,0,0.34644508,0,0,base,drug_trafficking,normal,"[""No favorable"", ""Salida favorable""]"
3499,Metropolitana,DEF-0624,5.0,Consumado,29,no,0,0.28684348,0,0,base,drug_trafficking,normal,"[""No favorable"", ""Salida favorable""]"
12749,Coquimbo,DEF-0156,13.0,Consumado,25,no,0,0.47011185,1,1,base,drug_trafficking,normal,"[""No favorable"", ""Salida favorable""]"
517,Tarapacá,DEF-0073,10.0,Consumado,19,yes,1,0.99948823,1,1,base,drug_trafficking,normal,"[""No favorable"", ""Salida favorable""]"
16342,Metropolitana,DEF-0003,8.0,Consumado,18,no,0,0.17187022,0,0,base,drug_trafficking,normal,"[""No favorable"", ""Salida favorable""]"
2876,La Araucanía,DEF-0474,3.0,Consumado,24,no,0,0.3186667,0,0,base,drug_trafficking,normal,"[""No favorable"", ""Salida favorable""]"
7380,Libertador Bernardo O'Higgins,DEF-0710,5.0,Consumado,51,no,0,0.28809357,1,1,base,drug_trafficking,normal,"[""No favorable"", ""Salida favorable""]"
3708,Tarapacá,DEF-0102,4.0,Consumado,23,yes,1,0.99938923,1,1,base,drug_trafficking,normal,"[""No favorable"", ""Salida favorable""]"
1187,Tarapacá,DEF-0428,5.0,Consumado,21,yes,1,0.99414116,1,1,base,drug_trafficking,normal,"[""No favorable"", ""Salida favorable""]"
155,Tarapacá,DEF-0063,5.0,Consumado,32,no,0,0.28605485,0,0,base,drug_trafficking,normal,"[""No favorable"", ""Salida favorable""]"
11924,Metropolitana,DEF-0098,4.0,Consumado,34,no,0,0.28204542,0,0,base,drug_trafficking,normal,"[""No favorable"", ""Salida favorable""]"
13988,Arica y Parinacota,DEF-0012,8.0,Consumado,18,yes,1,0.99952614,1,1,base,drug_trafficking,normal,"[""No favorable"", ""Salida favorable""]"
3966,Tarapacá,DEF-0317,9.0,Consumado,18,yes,1,0.9978638,1,1,base,drug_trafficking,normal,"[""No favorable"", ""Salida favorable""]"
11249,Metropolitana,DEF-0706,1.0,Consumado,26,no,0,0.28065857,1,1,base,drug_trafficking,normal,"[""No favorable"", ""Salida favorable""]"
604,Metropolitana,DEF-0280,3.0,Consumado,31,no,0,0.337625,0,0,base,drug_trafficking,normal,"[""No favorable"", ""Salida favorable""]"
10970,Libertador Bernardo O'Higgins,DEF-0744,21.0,Consumado,31,no,0,0.28936946,1,1,base,drug_trafficking,normal,"[""No favorable"", ""Salida favorable""]"
7922,Metropolitana,DEF-0408,5.0,Consumado,24,no,0,0.3115501,1,1,base,drug_trafficking,normal,"[""No favorable"", ""Salida favorable""]"
7371,Atacama,DEF-0093,3.0,Consumado,35,yes,1,0.99929464,1,1,base,drug_trafficking,normal,"[""No favorable"", ""Salida favorable""]"
11720,Metropolitana,DEF-0222,3.0,Consumado,22,no,0,0.3527312,0,0,base,drug_trafficking,normal,"[""No favorable"", ""Salida favorable""]"
8365,Libertador Bernardo O'Higgins,DEF-0276,5.0,Consumado,23,no,0,0.37015182,0,0,base,drug_trafficking,normal,"[""No favorable"", ""Salida favorable""]"
14946,Metropolitana,DEF-0105,6.0,Consumado,24,no,0,0.30092555,1,1,base,drug_trafficking,normal,"[""No favorable"", ""Salida favorable""]"
15056,Valparaíso,DEF-0207,12.0,Consumado,36,no,0,0.35496414,1,1,base,drug_trafficking,normal,"[""No favorable"", ""Salida favorable""]"
7191,Metropolitana,DEF-0071,1.0,Consumado,20,no,0,0.2817185,0,0,base,drug_trafficking,normal,"[""No favorable"", ""Salida favorable""]"
2524,Arica y Parinacota,DEF-0012,9.0,Consumado,18,no,0,0.2748181,0,0,base,drug_trafficking,normal,"[""No favorable"", ""Salida favorable""]"
9673,Metropolitana,DEF-0569,1.0,Consumado,19,no,0,0.29032955,1,1,base,drug_trafficking,normal,"[""No favorable"", ""Salida favorable""]"
10213,Antofagasta,DEF-0788,4.0,Consumado,18,yes,1,0.9899064,1,1,base,drug_trafficking,normal,"[""No favorable"", ""Salida favorable""]"
13884,Tarapacá,DEF-0124,18.0,Consumado,25,no,0,0.33828208,1,1,base,drug_trafficking,normal,"[""No favorable"", ""Salida favorable""]"
16418,Bio Bío,DEF-0634,3.0,Consumado,21,no,0,0.29842463,0,0,base,drug_trafficking,normal,"[""No favorable"", ""Salida favorable""]"
5045,Bio Bío,DEF-0606,8.0,Consumado,28,no,0,0.3040302,1,1,base,drug_trafficking,normal,"[""No favorable"", ""Salida favorable""]"
16252,Bio Bío,DEF-0076,0.0,Consumado,18,no,0,0.42703176,0,0,base,drug_trafficking,normal,"[""No favorable"", ""Salida favorable""]"
1857,Tarapacá,DEF-0124,7.0,Consumado,18,yes,1,0.9992483,1,1,base,drug_trafficking,normal,"[""No favorable"", ""Salida favorable""]"
15658,Atacama,DEF-0900,3.0,Consumado,22,no,0,0.24263342,0,0,base,drug_trafficking,normal,"[""No favorable"", ""Salida favorable""]"
16572,Metropolitana,DEF-0470,2.0,Consumado,39,no,0,0.30168095,0,0,base,drug_trafficking,normal,"[""No favorable"", ""Salida favorable""]"
5796,Antofagasta,DEF-0274,4.0,Consumado,33,yes,1,0.9975649,1,1,base,drug_trafficking,normal,"[""No favorable"", ""Salida favorable""]"
7743,Antofagasta,DEF-0042,14.0,Consumado,18,yes,1,0.9994403,1,1,base,drug_trafficking,normal,"[""No favorable"", ""Salida favorable""]"
13559,Antofagasta,DEF-0084,5.0,Consumado,30,yes,1,0.99908644,1,1,base,drug_trafficking,normal,"[""No favorable"", ""Salida favorable""]"
256,Tarapacá,DEF-0165,6.0,Consumado,18,no,0,0.35260323,0,0,base,drug_trafficking,normal,"[""No favorable"", ""Salida favorable""]"
11860,Coquimbo,DEF-0323,3.0,Consumado,18,no,0,0.3631295,1,1,base,drug_trafficking,normal,"[""No favorable"", ""Salida favorable""]"
14520,Atacama,DEF-0241,3.0,Consumado,23,no,0,0.35136136,0,0,base,drug_trafficking,normal,"[""No favorable"", ""Salida favorable""]"
15874,Metropolitana,DEF-0867,2.0,Consumado,29,no,0,0.2738569,1,1,base,drug_trafficking,normal,"[""No favorable"", ""Salida favorable""]"
10573,Antofagasta,DEF-0011,5.0,Consumado,30,yes,1,0.9994413,1,1,base,drug_trafficking,normal,"[""No favorable"", ""Salida favorable""]"
11663,Tarapacá,DEF-0106,5.0,Consumado,22,no,0,0.2849555,0,0,base,drug_trafficking,normal,"[""No favorable"", ""Salida favorable""]"
7892,Atacama,DEF-0266,6.0,Consumado,18,no,0,0.34508678,0,0,base,drug_trafficking,normal,"[""No favorable"", ""Salida favorable""]"
12714,Antofagasta,DEF-0042,7.0,Consumado,31,yes,1,0.9994104,1,1,base,drug_trafficking,normal,"[""No favorable"", ""Salida favorable""]"
10147,Libertador Bernardo O'Higgins,DEF-0087,1.0,Consumado,28,no,0,0.3610821,0,0,base,drug_trafficking,normal,"[""No favorable"", ""Salida favorable""]"
10907,Metropolitana,DEF-0008,7.0,Consumado,18,no,0,0.19031495,0,0,base,drug_trafficking,normal,"[""No favorable"", ""Salida favorable""]"
15568,Antofagasta,DEF-0683,6.0,Consumado,21,yes,1,0.993744,1,1,base,drug_trafficking,normal,"[""No favorable"", ""Salida favorable""]"
3252,Tarapacá,DEF-0124,4.0,Consumado,22,yes,1,0.99922496,1,1,base,drug_trafficking,normal,"[""No favorable"", ""Salida favorable""]"
2287,Tarapacá,DEF-0317,4.0,Consumado,18,yes,1,0.9977963,1,1,base,drug_trafficking,normal,"[""No favorable"", ""Salida favorable""]"
11525,Los Lagos,DEF-0186,11.0,Consumado,18,no,0,0.41022852,0,0,base,drug_trafficking,normal,"[""No favorable"", ""Salida favorable""]"
10523,Tarapacá,DEF-0315,8.0,Consumado,25,no,0,0.32837015,0,0,base,drug_trafficking,normal,"[""No favorable"", ""Salida favorable""]"
5320,Arica y Parinacota,DEF-0140,5.0,Consumado,28,no,0,0.2934462,1,1,base,drug_trafficking,normal,"[""No favorable"", ""Salida favorable""]"
5524,Coquimbo,DEF-0253,4.0,Consumado,31,no,0,0.39510676,1,1,base,drug_trafficking,normal,"[""No favorable"", ""Salida favorable""]"
15047,Tarapacá,DEF-0089,3.0,Consumado,22,no,0,0.26884958,0,0,base,drug_trafficking,normal,"[""No favorable"", ""Salida favorable""]"
10175,Antofagasta,DEF-0689,5.0,Consumado,33,yes,1,0.99273676,1,1,base,drug_trafficking,normal,"[""No favorable"", ""Salida favorable""]"
6244,Tarapacá,DEF-0301,5.0,Consumado,18,yes,1,0.9979043,1,1,base,drug_trafficking,normal,"[""No favorable"", ""Salida favorable""]"
11326,Metropolitana,DEF-0855,1.0,Consumado,26,no,0,0.16309543,1,1,base,drug_trafficking,normal,"[""No favorable"", ""Salida favorable""]"
16326,Atacama,DEF-0900,4.0,Consumado,18,no,0,0.24429569,1,1,base,drug_trafficking,normal,"[""No favorable"", ""Salida favorable""]"
7675,Valparaíso,DEF-0220,7.0,Consumado,23,no,0,0.34529045,1,1,base,drug_trafficking,normal,"[""No favorable"", ""Salida favorable""]"
4407,Maule,DEF-0467,1.0,Consumado,24,no,0,0.30364984,1,1,base,drug_trafficking,normal,"[""No favorable"", ""Salida favorable""]"
4696,Metropolitana,DEF-0539,4.0,Consumado,19,no,0,0.29410455,0,0,base,drug_trafficking,normal,"[""No favorable"", ""Salida favorable""]"
16213,Tarapacá,DEF-0660,5.0,Consumado,28,yes,1,0.98987573,1,1,base,drug_trafficking,normal,"[""No favorable"", ""Salida favorable""]"
3369,Valparaíso,DEF-0242,4.0,Consumado,29,no,0,0.33780408,0,0,base,drug_trafficking,normal,"[""No favorable"", ""Salida favorable""]"
11684,Tarapacá,DEF-0058,4.0,Consumado,29,no,0,0.29285508,0,0,base,drug_trafficking,normal,"[""No favorable"", ""Salida favorable""]"
4925,Tarapacá,DEF-0188,3.0,Consumado,20,yes,1,0.99852866,1,1,base,drug_trafficking,normal,"[""No favorable"", ""Salida favorable""]"
582,Valparaíso,DEF-0237,6.0,Consumado,38,no,0,0.34186262,1,1,base,drug_trafficking,normal,"[""No favorable"", ""Salida favorable""]"
5413,Tarapacá,DEF-0124,3.0,Consumado,25,yes,1,0.9992123,1,1,base,drug_trafficking,normal,"[""No favorable"", ""Salida favorable""]"
4180,Bio Bío,DEF-0275,3.0,Consumado,27,no,0,0.38931003,1,1,base,drug_trafficking,normal,"[""No favorable"", ""Salida favorable""]"
4887,Tarapacá,DEF-0100,5.0,Consumado,18,no,0,0.2813043,1,1,base,drug_trafficking,normal,"[""No favorable"", ""Salida favorable""]"
4479,Tarapacá,DEF-0533,8.0,Consumado,22,no,0,0.29422218,0,0,base,drug_trafficking,normal,"[""No favorable"", ""Salida favorable""]"
7776,Tarapacá,DEF-0106,7.0,Consumado,25,yes,1,0.9993716,1,1,base,drug_trafficking,normal,"[""No favorable"", ""Salida favorable""]"
13143,Coquimbo,DEF-0156,12.0,Consumado,34,no,0,0.4692241,0,0,base,drug_trafficking,normal,"[""No favorable"", ""Salida favorable""]"
6298,Metropolitana,DEF-0174,1.0,Consumado,29,no,0,0.35656083,0,0,base,drug_trafficking,normal,"[""No favorable"", ""Salida favorable""]"
